
[2025-03-25 14:58:07.629] [INFO] ========== 日志系统启动 ==========
[2025-03-25 14:58:07.629] [INFO] [embedded_mqtt_client.c:475] 程序启动
[2025-03-25 14:58:07.631] [INFO] [xml_config_parser.cpp:277] 数据库初始化成功: sysdata/dataCenter.db
[2025-03-25 14:58:07.676] [INFO] [xml_config_parser.cpp:444] XML配置文件解析成功: config/dataCenter.xml
[2025-03-25 14:58:07.676] [INFO] [embedded_mqtt_client.c:139] 添加主题[0]: dataCenter/JSON/LD0/YC
[2025-03-25 14:58:07.676] [INFO] [embedded_mqtt_client.c:139] 添加主题[1]: dataCenter/JSON/LD0/YX
[2025-03-25 14:58:07.676] [INFO] [embedded_mqtt_client.c:139] 添加主题[2]: dataCenter/JSON/LD0/YM
[2025-03-25 14:58:07.676] [INFO] [embedded_mqtt_client.c:139] 添加主题[3]: dataCenter/JSON/LD1/YX
[2025-03-25 14:58:07.676] [INFO] [embedded_mqtt_client.c:143] 总共加载了 4 个主题
[2025-03-25 14:58:07.677] [INFO] [embedded_mqtt_client.c:364] 订阅主题=
[2025-03-25 14:58:07.677] [INFO] [embedded_mqtt_client.c:370] dataCenter/JSON/LD0/YC
[2025-03-25 14:58:07.677] [INFO] [embedded_mqtt_client.c:370] dataCenter/JSON/LD0/YX
[2025-03-25 14:58:07.677] [INFO] [embedded_mqtt_client.c:370] dataCenter/JSON/LD0/YM
[2025-03-25 14:58:07.677] [INFO] [embedded_mqtt_client.c:370] dataCenter/JSON/LD1/YX
[2025-03-25 14:58:12.340] [INFO] [embedded_mqtt_client.c:199] 收到主题 [dataCenter/JSON/LD1/YX] 的消息
[2025-03-25 14:58:12.340] [INFO] [embedded_mqtt_client.c:231] 处理主题 [dataCenter/JSON/LD1/YX] 的数据
[2025-03-25 14:58:12.340] [DEBUG] [embedded_mqtt_client.c:572] 添加新数据 - topic: dataCenter/JSON/LD1/YX, addr: 0, val: 1.000000
[2025-03-25 14:58:12.340] [INFO] [embedded_mqtt_client.c:250] 收到日志查询请求
[2025-03-25 14:58:12.341] [INFO] [embedded_mqtt_client.c:700] 开始上传日志文件: logs/dataCenter.log (大小: 1727 bytes)
[2025-03-25 14:58:12.341] [INFO] [embedded_mqtt_client.c:612] 开始发送日志内容 - 大小: 1727 bytes
[2025-03-25 14:58:12.341] [INFO] [embedded_mqtt_client.c:617] 预计分段数: 1
[2025-03-25 14:58:12.341] [INFO] [embedded_mqtt_client.c:644] 处理分段 1/1 - 大小: 1727 bytes
[2025-03-25 14:58:12.341] [DEBUG] [embedded_mqtt_client.c:679] 发送分段 1 - JSON大小: 1926 bytes
[2025-03-25 14:58:12.461] [INFO] [embedded_mqtt_client.c:692] 日志内容发送完成 - 总共发送 1 个分段
[2025-03-25 14:58:12.462] [INFO] [embedded_mqtt_client.c:703] 日志文件上传完成: logs/dataCenter.log
[2025-03-25 14:58:12.462] [INFO] [embedded_mqtt_client.c:306] 主题 [dataCenter/JSON/LD1/YX] 数据摘要:
[2025-03-25 14:58:12.462] [INFO] [embedded_mqtt_client.c:307] 时间戳: 2025-03-25 11:06:46.482
[2025-03-25 14:58:12.462] [INFO] [embedded_mqtt_client.c:308] 数据项数量: 1
[2025-03-25 14:58:12.462] [INFO] [embedded_mqtt_client.c:328] 数据项 0 - addr: 0, val: 1.000000
[2025-03-25 14:58:12.462] [INFO] [embedded_mqtt_client.c:199] 收到主题 [dataCenter/JSON/LD1/YX] 的消息
[2025-03-25 14:58:12.462] [INFO] [embedded_mqtt_client.c:231] 处理主题 [dataCenter/JSON/LD1/YX] 的数据
[2025-03-25 14:58:12.462] [INFO] [embedded_mqtt_client.c:306] 主题 [dataCenter/JSON/LD1/YX] 数据摘要:
[2025-03-25 14:58:12.462] [INFO] [embedded_mqtt_client.c:307] 时间戳: 2025-03-25 14:58:12
[2025-03-25 14:58:12.462] [INFO] [embedded_mqtt_client.c:308] 数据项数量: 1
[2025-03-25 14:58:12.462] [INFO] [embedded_mqtt_client.c:328] 数据项 0 - addr: 0, val: 1.000000
[2025-03-25 14:58:17.812] [INFO] [embedded_mqtt_client.c:199] 收到主题 [dataCenter/JSON/LD1/YX] 的消息
[2025-03-25 14:58:17.812] [INFO] [embedded_mqtt_client.c:231] 处理主题 [dataCenter/JSON/LD1/YX] 的数据
[2025-03-25 14:58:17.812] [DEBUG] [embedded_mqtt_client.c:565] 更新数据 - topic: dataCenter/JSON/LD1/YX, addr: 0, val: 1.000000
[2025-03-25 14:58:17.812] [INFO] [embedded_mqtt_client.c:250] 收到日志查询请求
[2025-03-25 14:58:17.812] [INFO] [embedded_mqtt_client.c:700] 开始上传日志文件: logs/dataCenter.log (大小: 3895 bytes)
[2025-03-25 14:58:17.812] [INFO] [embedded_mqtt_client.c:612] 开始发送日志内容 - 大小: 3895 bytes
[2025-03-25 14:58:17.812] [INFO] [embedded_mqtt_client.c:617] 预计分段数: 1
[2025-03-25 14:58:17.812] [INFO] [embedded_mqtt_client.c:644] 处理分段 1/1 - 大小: 3895 bytes
[2025-03-25 14:58:17.813] [DEBUG] [embedded_mqtt_client.c:679] 发送分段 1 - JSON大小: 4115 bytes
[2025-03-25 14:58:17.933] [INFO] [embedded_mqtt_client.c:692] 日志内容发送完成 - 总共发送 1 个分段
[2025-03-25 14:58:17.933] [INFO] [embedded_mqtt_client.c:703] 日志文件上传完成: logs/dataCenter.log
[2025-03-25 14:58:17.933] [INFO] [embedded_mqtt_client.c:306] 主题 [dataCenter/JSON/LD1/YX] 数据摘要:
[2025-03-25 14:58:17.933] [INFO] [embedded_mqtt_client.c:307] 时间戳: 2025-03-25 11:06:46.482
[2025-03-25 14:58:17.933] [INFO] [embedded_mqtt_client.c:308] 数据项数量: 1
[2025-03-25 14:58:17.933] [INFO] [embedded_mqtt_client.c:328] 数据项 0 - addr: 0, val: 1.000000
[2025-03-25 14:58:17.934] [INFO] [embedded_mqtt_client.c:199] 收到主题 [dataCenter/JSON/LD1/YX] 的消息
[2025-03-25 14:58:17.934] [ERROR] [embedded_mqtt_client.c:203] 解析JSON失败
[2025-03-25 14:58:28.116] [INFO] [embedded_mqtt_client.c:199] 收到主题 [dataCenter/JSON/LD1/YX] 的消息
[2025-03-25 14:58:28.116] [INFO] [embedded_mqtt_client.c:231] 处理主题 [dataCenter/JSON/LD1/YX] 的数据
[2025-03-25 14:58:28.116] [DEBUG] [embedded_mqtt_client.c:572] 添加新数据 - topic: dataCenter/JSON/LD1/YX, addr: 2, val: 1.000000
[2025-03-25 14:58:28.116] [INFO] [embedded_mqtt_client.c:261] 收到历史数据查询请求
[2025-03-25 14:58:28.117] [INFO] [embedded_mqtt_client.c:285] 查询历史数据 - 开始时间: 2025-03-25 13:58:00, 结束时间: 2025-03-25 14:58:00
[2025-03-25 14:58:28.120] [INFO] [xml_config_parser.cpp:380] 发送历史数据 - 记录数: 1
[2025-03-25 14:58:28.140] [INFO] [embedded_mqtt_client.c:306] 主题 [dataCenter/JSON/LD1/YX] 数据摘要:
[2025-03-25 14:58:28.140] [INFO] [embedded_mqtt_client.c:307] 时间戳: 2025-03-25 11:06:46.482
[2025-03-25 14:58:28.140] [INFO] [embedded_mqtt_client.c:308] 数据项数量: 2
[2025-03-25 14:58:28.140] [INFO] [embedded_mqtt_client.c:328] 数据项 0 - addr: 0, val: 1.000000
[2025-03-25 14:58:28.140] [INFO] [embedded_mqtt_client.c:328] 数据项 1 - addr: 2, val: 1.000000
[2025-03-25 14:58:28.140] [INFO] [embedded_mqtt_client.c:199] 收到主题 [dataCenter/JSON/LD1/YX] 的消息
[2025-03-25 14:58:28.140] [INFO] [embedded_mqtt_client.c:231] 处理主题 [dataCenter/JSON/LD1/YX] 的数据
[2025-03-25 14:58:28.141] [DEBUG] [embedded_mqtt_client.c:565] 更新数据 - topic: dataCenter/JSON/LD1/YX, addr: 2, val: 1.000000
[2025-03-25 14:58:28.141] [INFO] [embedded_mqtt_client.c:261] 收到历史数据查询请求
[2025-03-25 14:58:28.141] [INFO] [embedded_mqtt_client.c:285] 查询历史数据 - 开始时间: 2025-03-25 13:58:00, 结束时间: 2025-03-25 14:58:00
[2025-03-25 14:58:28.143] [INFO] [xml_config_parser.cpp:380] 发送历史数据 - 记录数: 1
[2025-03-25 14:58:28.162] [INFO] [embedded_mqtt_client.c:306] 主题 [dataCenter/JSON/LD1/YX] 数据摘要:
[2025-03-25 14:58:28.162] [INFO] [embedded_mqtt_client.c:307] 时间戳: 2025-03-25 11:06:46.482
[2025-03-25 14:58:28.162] [INFO] [embedded_mqtt_client.c:308] 数据项数量: 2
[2025-03-25 14:58:28.162] [INFO] [embedded_mqtt_client.c:328] 数据项 0 - addr: 0, val: 1.000000
[2025-03-25 14:58:28.162] [INFO] [embedded_mqtt_client.c:328] 数据项 1 - addr: 2, val: 1.000000
[2025-03-25 14:58:28.162] [INFO] [embedded_mqtt_client.c:199] 收到主题 [dataCenter/JSON/LD1/YX] 的消息
[2025-03-25 14:58:28.162] [INFO] [embedded_mqtt_client.c:231] 处理主题 [dataCenter/JSON/LD1/YX] 的数据
[2025-03-25 14:58:28.162] [DEBUG] [embedded_mqtt_client.c:565] 更新数据 - topic: dataCenter/JSON/LD1/YX, addr: 2, val: 1.000000
[2025-03-25 14:58:28.162] [INFO] [embedded_mqtt_client.c:261] 收到历史数据查询请求
[2025-03-25 14:58:28.162] [INFO] [embedded_mqtt_client.c:285] 查询历史数据 - 开始时间: 2025-03-25 13:58:00, 结束时间: 2025-03-25 14:58:00
[2025-03-25 14:58:28.164] [INFO] [xml_config_parser.cpp:380] 发送历史数据 - 记录数: 1
[2025-03-25 14:58:28.184] [INFO] [embedded_mqtt_client.c:306] 主题 [dataCenter/JSON/LD1/YX] 数据摘要:
[2025-03-25 14:58:28.184] [INFO] [embedded_mqtt_client.c:307] 时间戳: 2025-03-25 11:06:46.482
[2025-03-25 14:58:28.184] [INFO] [embedded_mqtt_client.c:308] 数据项数量: 2
[2025-03-25 14:58:28.184] [INFO] [embedded_mqtt_client.c:328] 数据项 0 - addr: 0, val: 1.000000
[2025-03-25 14:58:28.184] [INFO] [embedded_mqtt_client.c:328] 数据项 1 - addr: 2, val: 1.000000
[2025-03-25 14:58:28.184] [INFO] [embedded_mqtt_client.c:199] 收到主题 [dataCenter/JSON/LD1/YX] 的消息
[2025-03-25 14:58:28.184] [INFO] [embedded_mqtt_client.c:231] 处理主题 [dataCenter/JSON/LD1/YX] 的数据
[2025-03-25 14:58:28.184] [DEBUG] [embedded_mqtt_client.c:565] 更新数据 - topic: dataCenter/JSON/LD1/YX, addr: 2, val: 1.000000
[2025-03-25 14:58:28.184] [INFO] [embedded_mqtt_client.c:261] 收到历史数据查询请求
[2025-03-25 14:58:28.184] [INFO] [embedded_mqtt_client.c:285] 查询历史数据 - 开始时间: 2025-03-25 13:58:00, 结束时间: 2025-03-25 14:58:00
[2025-03-25 14:58:28.186] [INFO] [xml_config_parser.cpp:380] 发送历史数据 - 记录数: 1
[2025-03-25 14:58:28.206] [INFO] [embedded_mqtt_client.c:306] 主题 [dataCenter/JSON/LD1/YX] 数据摘要:
[2025-03-25 14:58:28.207] [INFO] [embedded_mqtt_client.c:307] 时间戳: 2025-03-25 11:06:46.482
[2025-03-25 14:58:28.207] [INFO] [embedded_mqtt_client.c:308] 数据项数量: 2
[2025-03-25 14:58:28.207] [INFO] [embedded_mqtt_client.c:328] 数据项 0 - addr: 0, val: 1.000000
[2025-03-25 14:58:28.207] [INFO] [embedded_mqtt_client.c:328] 数据项 1 - addr: 2, val: 1.000000
[2025-03-25 14:58:28.207] [INFO] [embedded_mqtt_client.c:199] 收到主题 [dataCenter/JSON/LD1/YX] 的消息
[2025-03-25 14:58:28.207] [INFO] [embedded_mqtt_client.c:231] 处理主题 [dataCenter/JSON/LD1/YX] 的数据
[2025-03-25 14:58:28.207] [DEBUG] [embedded_mqtt_client.c:565] 更新数据 - topic: dataCenter/JSON/LD1/YX, addr: 2, val: 1.000000
[2025-03-25 14:58:28.207] [INFO] [embedded_mqtt_client.c:261] 收到历史数据查询请求
[2025-03-25 14:58:28.207] [INFO] [embedded_mqtt_client.c:285] 查询历史数据 - 开始时间: 2025-03-25 13:58:00, 结束时间: 2025-03-25 14:58:00
[2025-03-25 14:58:28.209] [INFO] [xml_config_parser.cpp:380] 发送历史数据 - 记录数: 1
[2025-03-25 14:58:28.229] [INFO] [embedded_mqtt_client.c:306] 主题 [dataCenter/JSON/LD1/YX] 数据摘要:
[2025-03-25 14:58:28.229] [INFO] [embedded_mqtt_client.c:307] 时间戳: 2025-03-25 11:06:46.482
[2025-03-25 14:58:28.229] [INFO] [embedded_mqtt_client.c:308] 数据项数量: 2
[2025-03-25 14:58:28.229] [INFO] [embedded_mqtt_client.c:328] 数据项 0 - addr: 0, val: 1.000000
[2025-03-25 14:58:28.229] [INFO] [embedded_mqtt_client.c:328] 数据项 1 - addr: 2, val: 1.000000
[2025-03-25 14:58:28.229] [INFO] [embedded_mqtt_client.c:199] 收到主题 [dataCenter/JSON/LD1/YX] 的消息
[2025-03-25 14:58:28.229] [INFO] [embedded_mqtt_client.c:231] 处理主题 [dataCenter/JSON/LD1/YX] 的数据
[2025-03-25 14:58:28.229] [DEBUG] [embedded_mqtt_client.c:565] 更新数据 - topic: dataCenter/JSON/LD1/YX, addr: 2, val: 1.000000
[2025-03-25 14:58:28.229] [INFO] [embedded_mqtt_client.c:261] 收到历史数据查询请求
[2025-03-25 14:58:28.230] [INFO] [embedded_mqtt_client.c:285] 查询历史数据 - 开始时间: 2025-03-25 13:58:00, 结束时间: 2025-03-25 14:58:00
[2025-03-25 14:58:28.232] [INFO] [xml_config_parser.cpp:380] 发送历史数据 - 记录数: 1
[2025-03-25 14:58:28.251] [INFO] [embedded_mqtt_client.c:306] 主题 [dataCenter/JSON/LD1/YX] 数据摘要:
[2025-03-25 14:58:28.251] [INFO] [embedded_mqtt_client.c:307] 时间戳: 2025-03-25 11:06:46.482
[2025-03-25 14:58:28.251] [INFO] [embedded_mqtt_client.c:308] 数据项数量: 2
[2025-03-25 14:58:28.251] [INFO] [embedded_mqtt_client.c:328] 数据项 0 - addr: 0, val: 1.000000
[2025-03-25 14:58:28.251] [INFO] [embedded_mqtt_client.c:328] 数据项 1 - addr: 2, val: 1.000000
[2025-03-25 14:58:28.251] [INFO] [embedded_mqtt_client.c:199] 收到主题 [dataCenter/JSON/LD1/YX] 的消息
[2025-03-25 14:58:28.252] [INFO] [embedded_mqtt_client.c:231] 处理主题 [dataCenter/JSON/LD1/YX] 的数据
[2025-03-25 14:58:28.252] [DEBUG] [embedded_mqtt_client.c:565] 更新数据 - topic: dataCenter/JSON/LD1/YX, addr: 2, val: 1.000000
[2025-03-25 14:58:28.252] [INFO] [embedded_mqtt_client.c:261] 收到历史数据查询请求
[2025-03-25 14:58:28.252] [INFO] [embedded_mqtt_client.c:285] 查询历史数据 - 开始时间: 2025-03-25 13:58:00, 结束时间: 2025-03-25 14:58:00
[2025-03-25 14:58:28.254] [INFO] [xml_config_parser.cpp:380] 发送历史数据 - 记录数: 1
[2025-03-25 14:58:28.273] [INFO] [embedded_mqtt_client.c:306] 主题 [dataCenter/JSON/LD1/YX] 数据摘要:
[2025-03-25 14:58:28.273] [INFO] [embedded_mqtt_client.c:307] 时间戳: 2025-03-25 11:06:46.482
[2025-03-25 14:58:28.273] [INFO] [embedded_mqtt_client.c:308] 数据项数量: 2
[2025-03-25 14:58:28.273] [INFO] [embedded_mqtt_client.c:328] 数据项 0 - addr: 0, val: 1.000000
[2025-03-25 14:58:28.273] [INFO] [embedded_mqtt_client.c:328] 数据项 1 - addr: 2, val: 1.000000
[2025-03-25 14:58:28.273] [INFO] [embedded_mqtt_client.c:199] 收到主题 [dataCenter/JSON/LD1/YX] 的消息
[2025-03-25 14:58:28.273] [INFO] [embedded_mqtt_client.c:231] 处理主题 [dataCenter/JSON/LD1/YX] 的数据
[2025-03-25 14:58:28.273] [DEBUG] [embedded_mqtt_client.c:565] 更新数据 - topic: dataCenter/JSON/LD1/YX, addr: 2, val: 1.000000
[2025-03-25 14:58:28.273] [INFO] [embedded_mqtt_client.c:261] 收到历史数据查询请求
[2025-03-25 14:58:28.274] [INFO] [embedded_mqtt_client.c:285] 查询历史数据 - 开始时间: 2025-03-25 13:58:00, 结束时间: 2025-03-25 14:58:00
[2025-03-25 14:58:28.275] [INFO] [xml_config_parser.cpp:380] 发送历史数据 - 记录数: 1
[2025-03-25 14:58:28.295] [INFO] [embedded_mqtt_client.c:306] 主题 [dataCenter/JSON/LD1/YX] 数据摘要:
[2025-03-25 14:58:28.295] [INFO] [embedded_mqtt_client.c:307] 时间戳: 2025-03-25 11:06:46.482
[2025-03-25 14:58:28.295] [INFO] [embedded_mqtt_client.c:308] 数据项数量: 2
[2025-03-25 14:58:28.295] [INFO] [embedded_mqtt_client.c:328] 数据项 0 - addr: 0, val: 1.000000
[2025-03-25 14:58:28.295] [INFO] [embedded_mqtt_client.c:328] 数据项 1 - addr: 2, val: 1.000000
[2025-03-25 14:58:28.295] [INFO] [embedded_mqtt_client.c:199] 收到主题 [dataCenter/JSON/LD1/YX] 的消息
[2025-03-25 14:58:28.295] [INFO] [embedded_mqtt_client.c:231] 处理主题 [dataCenter/JSON/LD1/YX] 的数据
[2025-03-25 14:58:28.295] [DEBUG] [embedded_mqtt_client.c:565] 更新数据 - topic: dataCenter/JSON/LD1/YX, addr: 2, val: 1.000000
[2025-03-25 14:58:28.295] [INFO] [embedded_mqtt_client.c:261] 收到历史数据查询请求
[2025-03-25 14:58:28.295] [INFO] [embedded_mqtt_client.c:285] 查询历史数据 - 开始时间: 2025-03-25 13:58:00, 结束时间: 2025-03-25 14:58:00
[2025-03-25 14:58:28.297] [INFO] [xml_config_parser.cpp:380] 发送历史数据 - 记录数: 1
[2025-03-25 14:58:28.317] [INFO] [embedded_mqtt_client.c:306] 主题 [dataCenter/JSON/LD1/YX] 数据摘要:
[2025-03-25 14:58:28.318] [INFO] [embedded_mqtt_client.c:307] 时间戳: 2025-03-25 11:06:46.482
[2025-03-25 14:58:28.318] [INFO] [embedded_mqtt_client.c:308] 数据项数量: 2
[2025-03-25 14:58:28.318] [INFO] [embedded_mqtt_client.c:328] 数据项 0 - addr: 0, val: 1.000000
[2025-03-25 14:58:28.318] [INFO] [embedded_mqtt_client.c:328] 数据项 1 - addr: 2, val: 1.000000
[2025-03-25 14:58:28.318] [INFO] [embedded_mqtt_client.c:199] 收到主题 [dataCenter/JSON/LD1/YX] 的消息
[2025-03-25 14:58:28.318] [INFO] [embedded_mqtt_client.c:231] 处理主题 [dataCenter/JSON/LD1/YX] 的数据
[2025-03-25 14:58:28.318] [DEBUG] [embedded_mqtt_client.c:565] 更新数据 - topic: dataCenter/JSON/LD1/YX, addr: 2, val: 1.000000
[2025-03-25 14:58:28.318] [INFO] [embedded_mqtt_client.c:261] 收到历史数据查询请求
[2025-03-25 14:58:28.318] [INFO] [embedded_mqtt_client.c:285] 查询历史数据 - 开始时间: 2025-03-25 13:58:00, 结束时间: 2025-03-25 14:58:00
[2025-03-25 14:58:28.320] [INFO] [xml_config_parser.cpp:380] 发送历史数据 - 记录数: 1
[2025-03-25 14:58:28.339] [INFO] [embedded_mqtt_client.c:306] 主题 [dataCenter/JSON/LD1/YX] 数据摘要:
[2025-03-25 14:58:28.340] [INFO] [embedded_mqtt_client.c:307] 时间戳: 2025-03-25 11:06:46.482
[2025-03-25 14:58:28.340] [INFO] [embedded_mqtt_client.c:308] 数据项数量: 2
[2025-03-25 14:58:28.340] [INFO] [embedded_mqtt_client.c:328] 数据项 0 - addr: 0, val: 1.000000
[2025-03-25 14:58:28.340] [INFO] [embedded_mqtt_client.c:328] 数据项 1 - addr: 2, val: 1.000000
[2025-03-25 14:58:28.340] [INFO] [embedded_mqtt_client.c:199] 收到主题 [dataCenter/JSON/LD1/YX] 的消息
[2025-03-25 14:58:28.340] [INFO] [embedded_mqtt_client.c:231] 处理主题 [dataCenter/JSON/LD1/YX] 的数据
[2025-03-25 14:58:28.340] [DEBUG] [embedded_mqtt_client.c:565] 更新数据 - topic: dataCenter/JSON/LD1/YX, addr: 2, val: 1.000000
[2025-03-25 14:58:28.340] [INFO] [embedded_mqtt_client.c:261] 收到历史数据查询请求
[2025-03-25 14:58:28.340] [INFO] [embedded_mqtt_client.c:285] 查询历史数据 - 开始时间: 2025-03-25 13:58:00, 结束时间: 2025-03-25 14:58:00
[2025-03-25 14:58:28.342] [INFO] [xml_config_parser.cpp:380] 发送历史数据 - 记录数: 1
[2025-03-25 14:58:28.361] [INFO] [embedded_mqtt_client.c:306] 主题 [dataCenter/JSON/LD1/YX] 数据摘要:
[2025-03-25 14:58:28.361] [INFO] [embedded_mqtt_client.c:307] 时间戳: 2025-03-25 11:06:46.482
[2025-03-25 14:58:28.362] [INFO] [embedded_mqtt_client.c:308] 数据项数量: 2
[2025-03-25 14:58:28.362] [INFO] [embedded_mqtt_client.c:328] 数据项 0 - addr: 0, val: 1.000000
[2025-03-25 14:58:28.362] [INFO] [embedded_mqtt_client.c:328] 数据项 1 - addr: 2, val: 1.000000
[2025-03-25 14:58:28.362] [INFO] [embedded_mqtt_client.c:199] 收到主题 [dataCenter/JSON/LD1/YX] 的消息
[2025-03-25 14:58:28.362] [INFO] [embedded_mqtt_client.c:231] 处理主题 [dataCenter/JSON/LD1/YX] 的数据
[2025-03-25 14:58:28.362] [DEBUG] [embedded_mqtt_client.c:565] 更新数据 - topic: dataCenter/JSON/LD1/YX, addr: 2, val: 1.000000
[2025-03-25 14:58:28.362] [INFO] [embedded_mqtt_client.c:261] 收到历史数据查询请求
[2025-03-25 14:58:28.362] [INFO] [embedded_mqtt_client.c:285] 查询历史数据 - 开始时间: 2025-03-25 13:58:00, 结束时间: 2025-03-25 14:58:00
[2025-03-25 14:58:28.364] [INFO] [xml_config_parser.cpp:380] 发送历史数据 - 记录数: 1
[2025-03-25 14:58:28.383] [INFO] [embedded_mqtt_client.c:306] 主题 [dataCenter/JSON/LD1/YX] 数据摘要:
[2025-03-25 14:58:28.384] [INFO] [embedded_mqtt_client.c:307] 时间戳: 2025-03-25 11:06:46.482
[2025-03-25 14:58:28.384] [INFO] [embedded_mqtt_client.c:308] 数据项数量: 2
[2025-03-25 14:58:28.384] [INFO] [embedded_mqtt_client.c:328] 数据项 0 - addr: 0, val: 1.000000
[2025-03-25 14:58:28.384] [INFO] [embedded_mqtt_client.c:328] 数据项 1 - addr: 2, val: 1.000000
[2025-03-25 14:58:28.384] [INFO] [embedded_mqtt_client.c:199] 收到主题 [dataCenter/JSON/LD1/YX] 的消息
[2025-03-25 14:58:28.384] [INFO] [embedded_mqtt_client.c:231] 处理主题 [dataCenter/JSON/LD1/YX] 的数据
[2025-03-25 14:58:28.384] [DEBUG] [embedded_mqtt_client.c:565] 更新数据 - topic: dataCenter/JSON/LD1/YX, addr: 2, val: 1.000000
[2025-03-25 14:58:28.384] [INFO] [embedded_mqtt_client.c:261] 收到历史数据查询请求
[2025-03-25 14:58:28.384] [INFO] [embedded_mqtt_client.c:285] 查询历史数据 - 开始时间: 2025-03-25 13:58:00, 结束时间: 2025-03-25 14:58:00
[2025-03-25 14:58:28.386] [INFO] [xml_config_parser.cpp:380] 发送历史数据 - 记录数: 1
[2025-03-25 14:58:28.406] [INFO] [embedded_mqtt_client.c:306] 主题 [dataCenter/JSON/LD1/YX] 数据摘要:
[2025-03-25 14:58:28.406] [INFO] [embedded_mqtt_client.c:307] 时间戳: 2025-03-25 11:06:46.482
[2025-03-25 14:58:28.406] [INFO] [embedded_mqtt_client.c:308] 数据项数量: 2
[2025-03-25 14:58:28.406] [INFO] [embedded_mqtt_client.c:328] 数据项 0 - addr: 0, val: 1.000000
[2025-03-25 14:58:28.406] [INFO] [embedded_mqtt_client.c:328] 数据项 1 - addr: 2, val: 1.000000
[2025-03-25 14:58:28.406] [INFO] [embedded_mqtt_client.c:199] 收到主题 [dataCenter/JSON/LD1/YX] 的消息
[2025-03-25 14:58:28.407] [INFO] [embedded_mqtt_client.c:231] 处理主题 [dataCenter/JSON/LD1/YX] 的数据
[2025-03-25 14:58:28.407] [DEBUG] [embedded_mqtt_client.c:565] 更新数据 - topic: dataCenter/JSON/LD1/YX, addr: 2, val: 1.000000
[2025-03-25 14:58:28.407] [INFO] [embedded_mqtt_client.c:261] 收到历史数据查询请求
[2025-03-25 14:58:28.407] [INFO] [embedded_mqtt_client.c:285] 查询历史数据 - 开始时间: 2025-03-25 13:58:00, 结束时间: 2025-03-25 14:58:00
[2025-03-25 14:58:28.409] [INFO] [xml_config_parser.cpp:380] 发送历史数据 - 记录数: 1
[2025-03-25 14:58:28.428] [INFO] [embedded_mqtt_client.c:306] 主题 [dataCenter/JSON/LD1/YX] 数据摘要:
[2025-03-25 14:58:28.428] [INFO] [embedded_mqtt_client.c:307] 时间戳: 2025-03-25 11:06:46.482
[2025-03-25 14:58:28.428] [INFO] [embedded_mqtt_client.c:308] 数据项数量: 2
[2025-03-25 14:58:28.428] [INFO] [embedded_mqtt_client.c:328] 数据项 0 - addr: 0, val: 1.000000
[2025-03-25 14:58:28.428] [INFO] [embedded_mqtt_client.c:328] 数据项 1 - addr: 2, val: 1.000000
[2025-03-25 14:58:28.428] [INFO] [embedded_mqtt_client.c:199] 收到主题 [dataCenter/JSON/LD1/YX] 的消息
[2025-03-25 14:58:28.428] [INFO] [embedded_mqtt_client.c:231] 处理主题 [dataCenter/JSON/LD1/YX] 的数据
[2025-03-25 14:58:28.428] [DEBUG] [embedded_mqtt_client.c:565] 更新数据 - topic: dataCenter/JSON/LD1/YX, addr: 2, val: 1.000000
[2025-03-25 14:58:28.429] [INFO] [embedded_mqtt_client.c:261] 收到历史数据查询请求
[2025-03-25 14:58:28.429] [INFO] [embedded_mqtt_client.c:285] 查询历史数据 - 开始时间: 2025-03-25 13:58:00, 结束时间: 2025-03-25 14:58:00
[2025-03-25 14:58:28.431] [INFO] [xml_config_parser.cpp:380] 发送历史数据 - 记录数: 1
[2025-03-25 14:58:28.450] [INFO] [embedded_mqtt_client.c:306] 主题 [dataCenter/JSON/LD1/YX] 数据摘要:
[2025-03-25 14:58:28.451] [INFO] [embedded_mqtt_client.c:307] 时间戳: 2025-03-25 11:06:46.482
[2025-03-25 14:58:28.451] [INFO] [embedded_mqtt_client.c:308] 数据项数量: 2
[2025-03-25 14:58:28.451] [INFO] [embedded_mqtt_client.c:328] 数据项 0 - addr: 0, val: 1.000000
[2025-03-25 14:58:28.451] [INFO] [embedded_mqtt_client.c:328] 数据项 1 - addr: 2, val: 1.000000
[2025-03-25 14:58:28.451] [INFO] [embedded_mqtt_client.c:199] 收到主题 [dataCenter/JSON/LD1/YX] 的消息
[2025-03-25 14:58:28.451] [INFO] [embedded_mqtt_client.c:231] 处理主题 [dataCenter/JSON/LD1/YX] 的数据
[2025-03-25 14:58:28.451] [DEBUG] [embedded_mqtt_client.c:565] 更新数据 - topic: dataCenter/JSON/LD1/YX, addr: 2, val: 1.000000
[2025-03-25 14:58:28.451] [INFO] [embedded_mqtt_client.c:261] 收到历史数据查询请求
[2025-03-25 14:58:28.451] [INFO] [embedded_mqtt_client.c:285] 查询历史数据 - 开始时间: 2025-03-25 13:58:00, 结束时间: 2025-03-25 14:58:00
[2025-03-25 14:58:28.453] [INFO] [xml_config_parser.cpp:380] 发送历史数据 - 记录数: 1
[2025-03-25 14:58:28.472] [INFO] [embedded_mqtt_client.c:306] 主题 [dataCenter/JSON/LD1/YX] 数据摘要:
[2025-03-25 14:58:28.472] [INFO] [embedded_mqtt_client.c:307] 时间戳: 2025-03-25 11:06:46.482
[2025-03-25 14:58:28.472] [INFO] [embedded_mqtt_client.c:308] 数据项数量: 2
[2025-03-25 14:58:28.472] [INFO] [embedded_mqtt_client.c:328] 数据项 0 - addr: 0, val: 1.000000
[2025-03-25 14:58:28.473] [INFO] [embedded_mqtt_client.c:328] 数据项 1 - addr: 2, val: 1.000000
[2025-03-25 14:58:28.473] [INFO] [embedded_mqtt_client.c:199] 收到主题 [dataCenter/JSON/LD1/YX] 的消息
[2025-03-25 14:58:28.473] [INFO] [embedded_mqtt_client.c:231] 处理主题 [dataCenter/JSON/LD1/YX] 的数据
[2025-03-25 14:58:28.473] [DEBUG] [embedded_mqtt_client.c:565] 更新数据 - topic: dataCenter/JSON/LD1/YX, addr: 2, val: 1.000000
[2025-03-25 14:58:28.473] [INFO] [embedded_mqtt_client.c:261] 收到历史数据查询请求
[2025-03-25 14:58:28.473] [INFO] [embedded_mqtt_client.c:285] 查询历史数据 - 开始时间: 2025-03-25 13:58:00, 结束时间: 2025-03-25 14:58:00
[2025-03-25 14:58:28.475] [INFO] [xml_config_parser.cpp:380] 发送历史数据 - 记录数: 1
[2025-03-25 14:58:28.495] [INFO] [embedded_mqtt_client.c:306] 主题 [dataCenter/JSON/LD1/YX] 数据摘要:
[2025-03-25 14:58:28.495] [INFO] [embedded_mqtt_client.c:307] 时间戳: 2025-03-25 11:06:46.482
[2025-03-25 14:58:28.495] [INFO] [embedded_mqtt_client.c:308] 数据项数量: 2
[2025-03-25 14:58:28.495] [INFO] [embedded_mqtt_client.c:328] 数据项 0 - addr: 0, val: 1.000000
[2025-03-25 14:58:28.495] [INFO] [embedded_mqtt_client.c:328] 数据项 1 - addr: 2, val: 1.000000
[2025-03-25 14:58:28.495] [INFO] [embedded_mqtt_client.c:199] 收到主题 [dataCenter/JSON/LD1/YX] 的消息
[2025-03-25 14:58:28.495] [INFO] [embedded_mqtt_client.c:231] 处理主题 [dataCenter/JSON/LD1/YX] 的数据
[2025-03-25 14:58:28.495] [DEBUG] [embedded_mqtt_client.c:565] 更新数据 - topic: dataCenter/JSON/LD1/YX, addr: 2, val: 1.000000
[2025-03-25 14:58:28.495] [INFO] [embedded_mqtt_client.c:261] 收到历史数据查询请求
[2025-03-25 14:58:28.495] [INFO] [embedded_mqtt_client.c:285] 查询历史数据 - 开始时间: 2025-03-25 13:58:00, 结束时间: 2025-03-25 14:58:00
[2025-03-25 14:58:28.497] [INFO] [xml_config_parser.cpp:380] 发送历史数据 - 记录数: 1
[2025-03-25 14:58:28.517] [INFO] [embedded_mqtt_client.c:306] 主题 [dataCenter/JSON/LD1/YX] 数据摘要:
[2025-03-25 14:58:28.517] [INFO] [embedded_mqtt_client.c:307] 时间戳: 2025-03-25 11:06:46.482
[2025-03-25 14:58:28.517] [INFO] [embedded_mqtt_client.c:308] 数据项数量: 2
[2025-03-25 14:58:28.517] [INFO] [embedded_mqtt_client.c:328] 数据项 0 - addr: 0, val: 1.000000
[2025-03-25 14:58:28.517] [INFO] [embedded_mqtt_client.c:328] 数据项 1 - addr: 2, val: 1.000000
[2025-03-25 14:58:28.517] [INFO] [embedded_mqtt_client.c:199] 收到主题 [dataCenter/JSON/LD1/YX] 的消息
[2025-03-25 14:58:28.517] [INFO] [embedded_mqtt_client.c:231] 处理主题 [dataCenter/JSON/LD1/YX] 的数据
[2025-03-25 14:58:28.517] [DEBUG] [embedded_mqtt_client.c:565] 更新数据 - topic: dataCenter/JSON/LD1/YX, addr: 2, val: 1.000000
[2025-03-25 14:58:28.517] [INFO] [embedded_mqtt_client.c:261] 收到历史数据查询请求
[2025-03-25 14:58:28.518] [INFO] [embedded_mqtt_client.c:285] 查询历史数据 - 开始时间: 2025-03-25 13:58:00, 结束时间: 2025-03-25 14:58:00
[2025-03-25 14:58:28.519] [INFO] [xml_config_parser.cpp:380] 发送历史数据 - 记录数: 1
[2025-03-25 14:58:28.539] [INFO] [embedded_mqtt_client.c:306] 主题 [dataCenter/JSON/LD1/YX] 数据摘要:
[2025-03-25 14:58:28.539] [INFO] [embedded_mqtt_client.c:307] 时间戳: 2025-03-25 11:06:46.482
[2025-03-25 14:58:28.539] [INFO] [embedded_mqtt_client.c:308] 数据项数量: 2
[2025-03-25 14:58:28.539] [INFO] [embedded_mqtt_client.c:328] 数据项 0 - addr: 0, val: 1.000000
[2025-03-25 14:58:28.539] [INFO] [embedded_mqtt_client.c:328] 数据项 1 - addr: 2, val: 1.000000
[2025-03-25 14:58:28.540] [INFO] [embedded_mqtt_client.c:199] 收到主题 [dataCenter/JSON/LD1/YX] 的消息
[2025-03-25 14:58:28.540] [INFO] [embedded_mqtt_client.c:231] 处理主题 [dataCenter/JSON/LD1/YX] 的数据
[2025-03-25 14:58:28.540] [DEBUG] [embedded_mqtt_client.c:565] 更新数据 - topic: dataCenter/JSON/LD1/YX, addr: 2, val: 1.000000
[2025-03-25 14:58:28.540] [INFO] [embedded_mqtt_client.c:261] 收到历史数据查询请求
[2025-03-25 14:58:28.540] [INFO] [embedded_mqtt_client.c:285] 查询历史数据 - 开始时间: 2025-03-25 13:58:00, 结束时间: 2025-03-25 14:58:00
[2025-03-25 14:58:28.542] [INFO] [xml_config_parser.cpp:380] 发送历史数据 - 记录数: 1
[2025-03-25 14:58:28.562] [INFO] [embedded_mqtt_client.c:306] 主题 [dataCenter/JSON/LD1/YX] 数据摘要:
[2025-03-25 14:58:28.562] [INFO] [embedded_mqtt_client.c:307] 时间戳: 2025-03-25 11:06:46.482
[2025-03-25 14:58:28.562] [INFO] [embedded_mqtt_client.c:308] 数据项数量: 2
[2025-03-25 14:58:28.562] [INFO] [embedded_mqtt_client.c:328] 数据项 0 - addr: 0, val: 1.000000
[2025-03-25 14:58:28.562] [INFO] [embedded_mqtt_client.c:328] 数据项 1 - addr: 2, val: 1.000000
[2025-03-25 14:58:28.562] [INFO] [embedded_mqtt_client.c:199] 收到主题 [dataCenter/JSON/LD1/YX] 的消息
[2025-03-25 14:58:28.562] [INFO] [embedded_mqtt_client.c:231] 处理主题 [dataCenter/JSON/LD1/YX] 的数据
[2025-03-25 14:58:28.562] [DEBUG] [embedded_mqtt_client.c:565] 更新数据 - topic: dataCenter/JSON/LD1/YX, addr: 2, val: 1.000000
[2025-03-25 14:58:28.562] [INFO] [embedded_mqtt_client.c:261] 收到历史数据查询请求
[2025-03-25 14:58:28.562] [INFO] [embedded_mqtt_client.c:285] 查询历史数据 - 开始时间: 2025-03-25 13:58:00, 结束时间: 2025-03-25 14:58:00
[2025-03-25 14:58:28.564] [INFO] [xml_config_parser.cpp:380] 发送历史数据 - 记录数: 1
[2025-03-25 14:58:28.584] [INFO] [embedded_mqtt_client.c:306] 主题 [dataCenter/JSON/LD1/YX] 数据摘要:
[2025-03-25 14:58:28.584] [INFO] [embedded_mqtt_client.c:307] 时间戳: 2025-03-25 11:06:46.482
[2025-03-25 14:58:28.584] [INFO] [embedded_mqtt_client.c:308] 数据项数量: 2
[2025-03-25 14:58:28.584] [INFO] [embedded_mqtt_client.c:328] 数据项 0 - addr: 0, val: 1.000000
[2025-03-25 14:58:28.584] [INFO] [embedded_mqtt_client.c:328] 数据项 1 - addr: 2, val: 1.000000
[2025-03-25 14:58:28.584] [INFO] [embedded_mqtt_client.c:199] 收到主题 [dataCenter/JSON/LD1/YX] 的消息
[2025-03-25 14:58:28.584] [INFO] [embedded_mqtt_client.c:231] 处理主题 [dataCenter/JSON/LD1/YX] 的数据
[2025-03-25 14:58:28.584] [DEBUG] [embedded_mqtt_client.c:565] 更新数据 - topic: dataCenter/JSON/LD1/YX, addr: 2, val: 1.000000
[2025-03-25 14:58:28.584] [INFO] [embedded_mqtt_client.c:261] 收到历史数据查询请求
[2025-03-25 14:58:28.584] [INFO] [embedded_mqtt_client.c:285] 查询历史数据 - 开始时间: 2025-03-25 13:58:00, 结束时间: 2025-03-25 14:58:00
[2025-03-25 14:58:28.586] [INFO] [xml_config_parser.cpp:380] 发送历史数据 - 记录数: 1
[2025-03-25 14:58:28.605] [INFO] [embedded_mqtt_client.c:306] 主题 [dataCenter/JSON/LD1/YX] 数据摘要:
[2025-03-25 14:58:28.605] [INFO] [embedded_mqtt_client.c:307] 时间戳: 2025-03-25 11:06:46.482
[2025-03-25 14:58:28.606] [INFO] [embedded_mqtt_client.c:308] 数据项数量: 2
[2025-03-25 14:58:28.606] [INFO] [embedded_mqtt_client.c:328] 数据项 0 - addr: 0, val: 1.000000
[2025-03-25 14:58:28.606] [INFO] [embedded_mqtt_client.c:328] 数据项 1 - addr: 2, val: 1.000000
[2025-03-25 14:58:28.606] [INFO] [embedded_mqtt_client.c:199] 收到主题 [dataCenter/JSON/LD1/YX] 的消息
[2025-03-25 14:58:28.606] [INFO] [embedded_mqtt_client.c:231] 处理主题 [dataCenter/JSON/LD1/YX] 的数据
[2025-03-25 14:58:28.606] [DEBUG] [embedded_mqtt_client.c:565] 更新数据 - topic: dataCenter/JSON/LD1/YX, addr: 2, val: 1.000000
[2025-03-25 14:58:28.606] [INFO] [embedded_mqtt_client.c:261] 收到历史数据查询请求
[2025-03-25 14:58:28.606] [INFO] [embedded_mqtt_client.c:285] 查询历史数据 - 开始时间: 2025-03-25 13:58:00, 结束时间: 2025-03-25 14:58:00
[2025-03-25 14:58:28.608] [INFO] [xml_config_parser.cpp:380] 发送历史数据 - 记录数: 1
[2025-03-25 14:58:28.628] [INFO] [embedded_mqtt_client.c:306] 主题 [dataCenter/JSON/LD1/YX] 数据摘要:
[2025-03-25 14:58:28.628] [INFO] [embedded_mqtt_client.c:307] 时间戳: 2025-03-25 11:06:46.482
[2025-03-25 14:58:28.628] [INFO] [embedded_mqtt_client.c:308] 数据项数量: 2
[2025-03-25 14:58:28.628] [INFO] [embedded_mqtt_client.c:328] 数据项 0 - addr: 0, val: 1.000000
[2025-03-25 14:58:28.628] [INFO] [embedded_mqtt_client.c:328] 数据项 1 - addr: 2, val: 1.000000
[2025-03-25 14:58:28.628] [INFO] [embedded_mqtt_client.c:199] 收到主题 [dataCenter/JSON/LD1/YX] 的消息
[2025-03-25 14:58:28.628] [INFO] [embedded_mqtt_client.c:231] 处理主题 [dataCenter/JSON/LD1/YX] 的数据
[2025-03-25 14:58:28.628] [DEBUG] [embedded_mqtt_client.c:565] 更新数据 - topic: dataCenter/JSON/LD1/YX, addr: 2, val: 1.000000
[2025-03-25 14:58:28.628] [INFO] [embedded_mqtt_client.c:261] 收到历史数据查询请求
[2025-03-25 14:58:28.628] [INFO] [embedded_mqtt_client.c:285] 查询历史数据 - 开始时间: 2025-03-25 13:58:00, 结束时间: 2025-03-25 14:58:00
[2025-03-25 14:58:28.630] [INFO] [xml_config_parser.cpp:380] 发送历史数据 - 记录数: 1
[2025-03-25 14:58:28.650] [INFO] [embedded_mqtt_client.c:306] 主题 [dataCenter/JSON/LD1/YX] 数据摘要:
[2025-03-25 14:58:28.650] [INFO] [embedded_mqtt_client.c:307] 时间戳: 2025-03-25 11:06:46.482
[2025-03-25 14:58:28.650] [INFO] [embedded_mqtt_client.c:308] 数据项数量: 2
[2025-03-25 14:58:28.650] [INFO] [embedded_mqtt_client.c:328] 数据项 0 - addr: 0, val: 1.000000
[2025-03-25 14:58:28.650] [INFO] [embedded_mqtt_client.c:328] 数据项 1 - addr: 2, val: 1.000000
[2025-03-25 14:58:28.650] [INFO] [embedded_mqtt_client.c:199] 收到主题 [dataCenter/JSON/LD1/YX] 的消息
[2025-03-25 14:58:28.650] [INFO] [embedded_mqtt_client.c:231] 处理主题 [dataCenter/JSON/LD1/YX] 的数据
[2025-03-25 14:58:28.650] [DEBUG] [embedded_mqtt_client.c:565] 更新数据 - topic: dataCenter/JSON/LD1/YX, addr: 2, val: 1.000000
[2025-03-25 14:58:28.651] [INFO] [embedded_mqtt_client.c:261] 收到历史数据查询请求
[2025-03-25 14:58:28.651] [INFO] [embedded_mqtt_client.c:285] 查询历史数据 - 开始时间: 2025-03-25 13:58:00, 结束时间: 2025-03-25 14:58:00
[2025-03-25 14:58:28.652] [INFO] [xml_config_parser.cpp:380] 发送历史数据 - 记录数: 1
[2025-03-25 14:58:28.672] [INFO] [embedded_mqtt_client.c:306] 主题 [dataCenter/JSON/LD1/YX] 数据摘要:
[2025-03-25 14:58:28.673] [INFO] [embedded_mqtt_client.c:307] 时间戳: 2025-03-25 11:06:46.482
[2025-03-25 14:58:28.673] [INFO] [embedded_mqtt_client.c:308] 数据项数量: 2
[2025-03-25 14:58:28.673] [INFO] [embedded_mqtt_client.c:328] 数据项 0 - addr: 0, val: 1.000000
[2025-03-25 14:58:28.673] [INFO] [embedded_mqtt_client.c:328] 数据项 1 - addr: 2, val: 1.000000
[2025-03-25 14:58:28.673] [INFO] [embedded_mqtt_client.c:199] 收到主题 [dataCenter/JSON/LD1/YX] 的消息
[2025-03-25 14:58:28.673] [INFO] [embedded_mqtt_client.c:231] 处理主题 [dataCenter/JSON/LD1/YX] 的数据
[2025-03-25 14:58:28.673] [DEBUG] [embedded_mqtt_client.c:565] 更新数据 - topic: dataCenter/JSON/LD1/YX, addr: 2, val: 1.000000
[2025-03-25 14:58:28.673] [INFO] [embedded_mqtt_client.c:261] 收到历史数据查询请求
[2025-03-25 14:58:28.673] [INFO] [embedded_mqtt_client.c:285] 查询历史数据 - 开始时间: 2025-03-25 13:58:00, 结束时间: 2025-03-25 14:58:00
[2025-03-25 14:58:28.676] [INFO] [xml_config_parser.cpp:380] 发送历史数据 - 记录数: 1
[2025-03-25 14:58:28.696] [INFO] [embedded_mqtt_client.c:306] 主题 [dataCenter/JSON/LD1/YX] 数据摘要:
[2025-03-25 14:58:28.696] [INFO] [embedded_mqtt_client.c:307] 时间戳: 2025-03-25 11:06:46.482
[2025-03-25 14:58:28.697] [INFO] [embedded_mqtt_client.c:308] 数据项数量: 2
[2025-03-25 14:58:28.697] [INFO] [embedded_mqtt_client.c:328] 数据项 0 - addr: 0, val: 1.000000
[2025-03-25 14:58:28.697] [INFO] [embedded_mqtt_client.c:328] 数据项 1 - addr: 2, val: 1.000000
[2025-03-25 14:58:28.697] [INFO] [embedded_mqtt_client.c:199] 收到主题 [dataCenter/JSON/LD1/YX] 的消息
[2025-03-25 14:58:28.697] [INFO] [embedded_mqtt_client.c:231] 处理主题 [dataCenter/JSON/LD1/YX] 的数据
[2025-03-25 14:58:28.697] [DEBUG] [embedded_mqtt_client.c:565] 更新数据 - topic: dataCenter/JSON/LD1/YX, addr: 2, val: 1.000000
[2025-03-25 14:58:28.697] [INFO] [embedded_mqtt_client.c:261] 收到历史数据查询请求
[2025-03-25 14:58:28.697] [INFO] [embedded_mqtt_client.c:285] 查询历史数据 - 开始时间: 2025-03-25 13:58:00, 结束时间: 2025-03-25 14:58:00
[2025-03-25 14:58:28.699] [INFO] [xml_config_parser.cpp:380] 发送历史数据 - 记录数: 1
[2025-03-25 14:58:28.718] [INFO] [embedded_mqtt_client.c:306] 主题 [dataCenter/JSON/LD1/YX] 数据摘要:
[2025-03-25 14:58:28.718] [INFO] [embedded_mqtt_client.c:307] 时间戳: 2025-03-25 11:06:46.482
[2025-03-25 14:58:28.718] [INFO] [embedded_mqtt_client.c:308] 数据项数量: 2
[2025-03-25 14:58:28.718] [INFO] [embedded_mqtt_client.c:328] 数据项 0 - addr: 0, val: 1.000000
[2025-03-25 14:58:28.718] [INFO] [embedded_mqtt_client.c:328] 数据项 1 - addr: 2, val: 1.000000
[2025-03-25 14:58:28.719] [INFO] [embedded_mqtt_client.c:199] 收到主题 [dataCenter/JSON/LD1/YX] 的消息
[2025-03-25 14:58:28.719] [INFO] [embedded_mqtt_client.c:231] 处理主题 [dataCenter/JSON/LD1/YX] 的数据
[2025-03-25 14:58:28.719] [DEBUG] [embedded_mqtt_client.c:565] 更新数据 - topic: dataCenter/JSON/LD1/YX, addr: 2, val: 1.000000
[2025-03-25 14:58:28.719] [INFO] [embedded_mqtt_client.c:261] 收到历史数据查询请求
[2025-03-25 14:58:28.719] [INFO] [embedded_mqtt_client.c:285] 查询历史数据 - 开始时间: 2025-03-25 13:58:00, 结束时间: 2025-03-25 14:58:00
[2025-03-25 14:58:28.721] [INFO] [xml_config_parser.cpp:380] 发送历史数据 - 记录数: 1
[2025-03-25 14:58:28.740] [INFO] [embedded_mqtt_client.c:306] 主题 [dataCenter/JSON/LD1/YX] 数据摘要:
[2025-03-25 14:58:28.740] [INFO] [embedded_mqtt_client.c:307] 时间戳: 2025-03-25 11:06:46.482
[2025-03-25 14:58:28.740] [INFO] [embedded_mqtt_client.c:308] 数据项数量: 2
[2025-03-25 14:58:28.740] [INFO] [embedded_mqtt_client.c:328] 数据项 0 - addr: 0, val: 1.000000
[2025-03-25 14:58:28.740] [INFO] [embedded_mqtt_client.c:328] 数据项 1 - addr: 2, val: 1.000000
[2025-03-25 14:58:28.740] [INFO] [embedded_mqtt_client.c:199] 收到主题 [dataCenter/JSON/LD1/YX] 的消息
[2025-03-25 14:58:28.741] [INFO] [embedded_mqtt_client.c:231] 处理主题 [dataCenter/JSON/LD1/YX] 的数据
[2025-03-25 14:58:28.741] [DEBUG] [embedded_mqtt_client.c:565] 更新数据 - topic: dataCenter/JSON/LD1/YX, addr: 2, val: 1.000000
[2025-03-25 14:58:28.741] [INFO] [embedded_mqtt_client.c:261] 收到历史数据查询请求
[2025-03-25 14:58:28.741] [INFO] [embedded_mqtt_client.c:285] 查询历史数据 - 开始时间: 2025-03-25 13:58:00, 结束时间: 2025-03-25 14:58:00
[2025-03-25 14:58:28.743] [INFO] [xml_config_parser.cpp:380] 发送历史数据 - 记录数: 1
[2025-03-25 14:58:28.762] [INFO] [embedded_mqtt_client.c:306] 主题 [dataCenter/JSON/LD1/YX] 数据摘要:
[2025-03-25 14:58:28.762] [INFO] [embedded_mqtt_client.c:307] 时间戳: 2025-03-25 11:06:46.482
[2025-03-25 14:58:28.762] [INFO] [embedded_mqtt_client.c:308] 数据项数量: 2
[2025-03-25 14:58:28.762] [INFO] [embedded_mqtt_client.c:328] 数据项 0 - addr: 0, val: 1.000000
[2025-03-25 14:58:28.762] [INFO] [embedded_mqtt_client.c:328] 数据项 1 - addr: 2, val: 1.000000
[2025-03-25 14:58:28.762] [INFO] [embedded_mqtt_client.c:199] 收到主题 [dataCenter/JSON/LD1/YX] 的消息
[2025-03-25 14:58:28.762] [INFO] [embedded_mqtt_client.c:231] 处理主题 [dataCenter/JSON/LD1/YX] 的数据
[2025-03-25 14:58:28.762] [DEBUG] [embedded_mqtt_client.c:565] 更新数据 - topic: dataCenter/JSON/LD1/YX, addr: 2, val: 1.000000
[2025-03-25 14:58:28.762] [INFO] [embedded_mqtt_client.c:261] 收到历史数据查询请求
[2025-03-25 14:58:28.763] [INFO] [embedded_mqtt_client.c:285] 查询历史数据 - 开始时间: 2025-03-25 13:58:00, 结束时间: 2025-03-25 14:58:00
[2025-03-25 14:58:28.765] [INFO] [xml_config_parser.cpp:380] 发送历史数据 - 记录数: 1
[2025-03-25 14:58:28.784] [INFO] [embedded_mqtt_client.c:306] 主题 [dataCenter/JSON/LD1/YX] 数据摘要:
[2025-03-25 14:58:28.784] [INFO] [embedded_mqtt_client.c:307] 时间戳: 2025-03-25 11:06:46.482
[2025-03-25 14:58:28.784] [INFO] [embedded_mqtt_client.c:308] 数据项数量: 2
[2025-03-25 14:58:28.784] [INFO] [embedded_mqtt_client.c:328] 数据项 0 - addr: 0, val: 1.000000
[2025-03-25 14:58:28.784] [INFO] [embedded_mqtt_client.c:328] 数据项 1 - addr: 2, val: 1.000000
[2025-03-25 14:58:28.784] [INFO] [embedded_mqtt_client.c:199] 收到主题 [dataCenter/JSON/LD1/YX] 的消息
[2025-03-25 14:58:28.784] [INFO] [embedded_mqtt_client.c:231] 处理主题 [dataCenter/JSON/LD1/YX] 的数据
[2025-03-25 14:58:28.784] [DEBUG] [embedded_mqtt_client.c:565] 更新数据 - topic: dataCenter/JSON/LD1/YX, addr: 2, val: 1.000000
[2025-03-25 14:58:28.784] [INFO] [embedded_mqtt_client.c:261] 收到历史数据查询请求
[2025-03-25 14:58:28.784] [INFO] [embedded_mqtt_client.c:285] 查询历史数据 - 开始时间: 2025-03-25 13:58:00, 结束时间: 2025-03-25 14:58:00
[2025-03-25 14:58:28.786] [INFO] [xml_config_parser.cpp:380] 发送历史数据 - 记录数: 1
[2025-03-25 14:58:28.806] [INFO] [embedded_mqtt_client.c:306] 主题 [dataCenter/JSON/LD1/YX] 数据摘要:
[2025-03-25 14:58:28.806] [INFO] [embedded_mqtt_client.c:307] 时间戳: 2025-03-25 11:06:46.482
[2025-03-25 14:58:28.806] [INFO] [embedded_mqtt_client.c:308] 数据项数量: 2
[2025-03-25 14:58:28.806] [INFO] [embedded_mqtt_client.c:328] 数据项 0 - addr: 0, val: 1.000000
[2025-03-25 14:58:28.806] [INFO] [embedded_mqtt_client.c:328] 数据项 1 - addr: 2, val: 1.000000
[2025-03-25 14:58:28.806] [INFO] [embedded_mqtt_client.c:199] 收到主题 [dataCenter/JSON/LD1/YX] 的消息
[2025-03-25 14:58:28.806] [INFO] [embedded_mqtt_client.c:231] 处理主题 [dataCenter/JSON/LD1/YX] 的数据
[2025-03-25 14:58:28.806] [DEBUG] [embedded_mqtt_client.c:565] 更新数据 - topic: dataCenter/JSON/LD1/YX, addr: 2, val: 1.000000
[2025-03-25 14:58:28.806] [INFO] [embedded_mqtt_client.c:261] 收到历史数据查询请求
[2025-03-25 14:58:28.806] [INFO] [embedded_mqtt_client.c:285] 查询历史数据 - 开始时间: 2025-03-25 13:58:00, 结束时间: 2025-03-25 14:58:00
[2025-03-25 14:58:28.808] [INFO] [xml_config_parser.cpp:380] 发送历史数据 - 记录数: 1
[2025-03-25 14:58:28.827] [INFO] [embedded_mqtt_client.c:306] 主题 [dataCenter/JSON/LD1/YX] 数据摘要:
[2025-03-25 14:58:28.828] [INFO] [embedded_mqtt_client.c:307] 时间戳: 2025-03-25 11:06:46.482
[2025-03-25 14:58:28.828] [INFO] [embedded_mqtt_client.c:308] 数据项数量: 2
[2025-03-25 14:58:28.828] [INFO] [embedded_mqtt_client.c:328] 数据项 0 - addr: 0, val: 1.000000
[2025-03-25 14:58:28.828] [INFO] [embedded_mqtt_client.c:328] 数据项 1 - addr: 2, val: 1.000000
[2025-03-25 14:58:28.828] [INFO] [embedded_mqtt_client.c:199] 收到主题 [dataCenter/JSON/LD1/YX] 的消息
[2025-03-25 14:58:28.828] [INFO] [embedded_mqtt_client.c:231] 处理主题 [dataCenter/JSON/LD1/YX] 的数据
[2025-03-25 14:58:28.828] [DEBUG] [embedded_mqtt_client.c:565] 更新数据 - topic: dataCenter/JSON/LD1/YX, addr: 2, val: 1.000000
[2025-03-25 14:58:28.828] [INFO] [embedded_mqtt_client.c:261] 收到历史数据查询请求
[2025-03-25 14:58:28.828] [INFO] [embedded_mqtt_client.c:285] 查询历史数据 - 开始时间: 2025-03-25 13:58:00, 结束时间: 2025-03-25 14:58:00
[2025-03-25 14:58:28.830] [INFO] [xml_config_parser.cpp:380] 发送历史数据 - 记录数: 1
[2025-03-25 14:58:28.849] [INFO] [embedded_mqtt_client.c:306] 主题 [dataCenter/JSON/LD1/YX] 数据摘要:
[2025-03-25 14:58:28.849] [INFO] [embedded_mqtt_client.c:307] 时间戳: 2025-03-25 11:06:46.482
[2025-03-25 14:58:28.849] [INFO] [embedded_mqtt_client.c:308] 数据项数量: 2
[2025-03-25 14:58:28.849] [INFO] [embedded_mqtt_client.c:328] 数据项 0 - addr: 0, val: 1.000000
[2025-03-25 14:58:28.849] [INFO] [embedded_mqtt_client.c:328] 数据项 1 - addr: 2, val: 1.000000
[2025-03-25 14:58:28.849] [INFO] [embedded_mqtt_client.c:199] 收到主题 [dataCenter/JSON/LD1/YX] 的消息
[2025-03-25 14:58:28.850] [INFO] [embedded_mqtt_client.c:231] 处理主题 [dataCenter/JSON/LD1/YX] 的数据
[2025-03-25 14:58:28.850] [DEBUG] [embedded_mqtt_client.c:565] 更新数据 - topic: dataCenter/JSON/LD1/YX, addr: 2, val: 1.000000
[2025-03-25 14:58:28.850] [INFO] [embedded_mqtt_client.c:261] 收到历史数据查询请求
[2025-03-25 14:58:28.850] [INFO] [embedded_mqtt_client.c:285] 查询历史数据 - 开始时间: 2025-03-25 13:58:00, 结束时间: 2025-03-25 14:58:00
[2025-03-25 14:58:28.852] [INFO] [xml_config_parser.cpp:380] 发送历史数据 - 记录数: 1
[2025-03-25 14:58:28.871] [INFO] [embedded_mqtt_client.c:306] 主题 [dataCenter/JSON/LD1/YX] 数据摘要:
[2025-03-25 14:58:28.871] [INFO] [embedded_mqtt_client.c:307] 时间戳: 2025-03-25 11:06:46.482
[2025-03-25 14:58:28.871] [INFO] [embedded_mqtt_client.c:308] 数据项数量: 2
[2025-03-25 14:58:28.871] [INFO] [embedded_mqtt_client.c:328] 数据项 0 - addr: 0, val: 1.000000
[2025-03-25 14:58:28.871] [INFO] [embedded_mqtt_client.c:328] 数据项 1 - addr: 2, val: 1.000000
[2025-03-25 14:58:28.871] [INFO] [embedded_mqtt_client.c:199] 收到主题 [dataCenter/JSON/LD1/YX] 的消息
[2025-03-25 14:58:28.871] [INFO] [embedded_mqtt_client.c:231] 处理主题 [dataCenter/JSON/LD1/YX] 的数据
[2025-03-25 14:58:28.871] [DEBUG] [embedded_mqtt_client.c:565] 更新数据 - topic: dataCenter/JSON/LD1/YX, addr: 2, val: 1.000000
[2025-03-25 14:58:28.871] [INFO] [embedded_mqtt_client.c:261] 收到历史数据查询请求
[2025-03-25 14:58:28.871] [INFO] [embedded_mqtt_client.c:285] 查询历史数据 - 开始时间: 2025-03-25 13:58:00, 结束时间: 2025-03-25 14:58:00
[2025-03-25 14:58:28.873] [INFO] [xml_config_parser.cpp:380] 发送历史数据 - 记录数: 1
[2025-03-25 14:58:28.893] [INFO] [embedded_mqtt_client.c:306] 主题 [dataCenter/JSON/LD1/YX] 数据摘要:
[2025-03-25 14:58:28.893] [INFO] [embedded_mqtt_client.c:307] 时间戳: 2025-03-25 11:06:46.482
[2025-03-25 14:58:28.893] [INFO] [embedded_mqtt_client.c:308] 数据项数量: 2
[2025-03-25 14:58:28.893] [INFO] [embedded_mqtt_client.c:328] 数据项 0 - addr: 0, val: 1.000000
[2025-03-25 14:58:28.893] [INFO] [embedded_mqtt_client.c:328] 数据项 1 - addr: 2, val: 1.000000
[2025-03-25 14:58:28.893] [INFO] [embedded_mqtt_client.c:199] 收到主题 [dataCenter/JSON/LD1/YX] 的消息
[2025-03-25 14:58:28.893] [INFO] [embedded_mqtt_client.c:231] 处理主题 [dataCenter/JSON/LD1/YX] 的数据
[2025-03-25 14:58:28.893] [DEBUG] [embedded_mqtt_client.c:565] 更新数据 - topic: dataCenter/JSON/LD1/YX, addr: 2, val: 1.000000
[2025-03-25 14:58:28.893] [INFO] [embedded_mqtt_client.c:261] 收到历史数据查询请求
[2025-03-25 14:58:28.893] [INFO] [embedded_mqtt_client.c:285] 查询历史数据 - 开始时间: 2025-03-25 13:58:00, 结束时间: 2025-03-25 14:58:00
[2025-03-25 14:58:28.895] [INFO] [xml_config_parser.cpp:380] 发送历史数据 - 记录数: 1
[2025-03-25 14:58:28.914] [INFO] [embedded_mqtt_client.c:306] 主题 [dataCenter/JSON/LD1/YX] 数据摘要:
[2025-03-25 14:58:28.914] [INFO] [embedded_mqtt_client.c:307] 时间戳: 2025-03-25 11:06:46.482
[2025-03-25 14:58:28.914] [INFO] [embedded_mqtt_client.c:308] 数据项数量: 2
[2025-03-25 14:58:28.914] [INFO] [embedded_mqtt_client.c:328] 数据项 0 - addr: 0, val: 1.000000
[2025-03-25 14:58:28.914] [INFO] [embedded_mqtt_client.c:328] 数据项 1 - addr: 2, val: 1.000000
[2025-03-25 14:58:28.915] [INFO] [embedded_mqtt_client.c:199] 收到主题 [dataCenter/JSON/LD1/YX] 的消息
[2025-03-25 14:58:28.915] [INFO] [embedded_mqtt_client.c:231] 处理主题 [dataCenter/JSON/LD1/YX] 的数据
[2025-03-25 14:58:28.915] [DEBUG] [embedded_mqtt_client.c:565] 更新数据 - topic: dataCenter/JSON/LD1/YX, addr: 2, val: 1.000000
[2025-03-25 14:58:28.915] [INFO] [embedded_mqtt_client.c:261] 收到历史数据查询请求
[2025-03-25 14:58:28.915] [INFO] [embedded_mqtt_client.c:285] 查询历史数据 - 开始时间: 2025-03-25 13:58:00, 结束时间: 2025-03-25 14:58:00
[2025-03-25 14:58:28.917] [INFO] [xml_config_parser.cpp:380] 发送历史数据 - 记录数: 1
[2025-03-25 14:58:28.936] [INFO] [embedded_mqtt_client.c:306] 主题 [dataCenter/JSON/LD1/YX] 数据摘要:
[2025-03-25 14:58:28.936] [INFO] [embedded_mqtt_client.c:307] 时间戳: 2025-03-25 11:06:46.482
[2025-03-25 14:58:28.936] [INFO] [embedded_mqtt_client.c:308] 数据项数量: 2
[2025-03-25 14:58:28.936] [INFO] [embedded_mqtt_client.c:328] 数据项 0 - addr: 0, val: 1.000000
[2025-03-25 14:58:28.937] [INFO] [embedded_mqtt_client.c:328] 数据项 1 - addr: 2, val: 1.000000
[2025-03-25 14:58:28.937] [INFO] [embedded_mqtt_client.c:199] 收到主题 [dataCenter/JSON/LD1/YX] 的消息
[2025-03-25 14:58:28.937] [INFO] [embedded_mqtt_client.c:231] 处理主题 [dataCenter/JSON/LD1/YX] 的数据
[2025-03-25 14:58:28.937] [DEBUG] [embedded_mqtt_client.c:565] 更新数据 - topic: dataCenter/JSON/LD1/YX, addr: 2, val: 1.000000
[2025-03-25 14:58:28.937] [INFO] [embedded_mqtt_client.c:261] 收到历史数据查询请求
[2025-03-25 14:58:28.937] [INFO] [embedded_mqtt_client.c:285] 查询历史数据 - 开始时间: 2025-03-25 13:58:00, 结束时间: 2025-03-25 14:58:00
[2025-03-25 14:58:28.939] [INFO] [xml_config_parser.cpp:380] 发送历史数据 - 记录数: 1
[2025-03-25 14:58:28.958] [INFO] [embedded_mqtt_client.c:306] 主题 [dataCenter/JSON/LD1/YX] 数据摘要:
[2025-03-25 14:58:28.958] [INFO] [embedded_mqtt_client.c:307] 时间戳: 2025-03-25 11:06:46.482
[2025-03-25 14:58:28.958] [INFO] [embedded_mqtt_client.c:308] 数据项数量: 2
[2025-03-25 14:58:28.958] [INFO] [embedded_mqtt_client.c:328] 数据项 0 - addr: 0, val: 1.000000
[2025-03-25 14:58:28.958] [INFO] [embedded_mqtt_client.c:328] 数据项 1 - addr: 2, val: 1.000000
[2025-03-25 14:58:28.958] [INFO] [embedded_mqtt_client.c:199] 收到主题 [dataCenter/JSON/LD1/YX] 的消息
[2025-03-25 14:58:28.958] [INFO] [embedded_mqtt_client.c:231] 处理主题 [dataCenter/JSON/LD1/YX] 的数据
[2025-03-25 14:58:28.958] [DEBUG] [embedded_mqtt_client.c:565] 更新数据 - topic: dataCenter/JSON/LD1/YX, addr: 2, val: 1.000000
[2025-03-25 14:58:28.958] [INFO] [embedded_mqtt_client.c:261] 收到历史数据查询请求
[2025-03-25 14:58:28.959] [INFO] [embedded_mqtt_client.c:285] 查询历史数据 - 开始时间: 2025-03-25 13:58:00, 结束时间: 2025-03-25 14:58:00
[2025-03-25 14:58:28.961] [INFO] [xml_config_parser.cpp:380] 发送历史数据 - 记录数: 1
[2025-03-25 14:58:28.980] [INFO] [embedded_mqtt_client.c:306] 主题 [dataCenter/JSON/LD1/YX] 数据摘要:
[2025-03-25 14:58:28.981] [INFO] [embedded_mqtt_client.c:307] 时间戳: 2025-03-25 11:06:46.482
[2025-03-25 14:58:28.981] [INFO] [embedded_mqtt_client.c:308] 数据项数量: 2
[2025-03-25 14:58:28.981] [INFO] [embedded_mqtt_client.c:328] 数据项 0 - addr: 0, val: 1.000000
[2025-03-25 14:58:28.981] [INFO] [embedded_mqtt_client.c:328] 数据项 1 - addr: 2, val: 1.000000
[2025-03-25 14:58:28.981] [INFO] [embedded_mqtt_client.c:199] 收到主题 [dataCenter/JSON/LD1/YX] 的消息
[2025-03-25 14:58:28.981] [INFO] [embedded_mqtt_client.c:231] 处理主题 [dataCenter/JSON/LD1/YX] 的数据
[2025-03-25 14:58:28.981] [DEBUG] [embedded_mqtt_client.c:565] 更新数据 - topic: dataCenter/JSON/LD1/YX, addr: 2, val: 1.000000
[2025-03-25 14:58:28.981] [INFO] [embedded_mqtt_client.c:261] 收到历史数据查询请求
[2025-03-25 14:58:28.981] [INFO] [embedded_mqtt_client.c:285] 查询历史数据 - 开始时间: 2025-03-25 13:58:00, 结束时间: 2025-03-25 14:58:00
[2025-03-25 14:58:28.983] [INFO] [xml_config_parser.cpp:380] 发送历史数据 - 记录数: 1
[2025-03-25 14:58:29.003] [INFO] [embedded_mqtt_client.c:306] 主题 [dataCenter/JSON/LD1/YX] 数据摘要:
[2025-03-25 14:58:29.003] [INFO] [embedded_mqtt_client.c:307] 时间戳: 2025-03-25 11:06:46.482
[2025-03-25 14:58:29.003] [INFO] [embedded_mqtt_client.c:308] 数据项数量: 2
[2025-03-25 14:58:29.003] [INFO] [embedded_mqtt_client.c:328] 数据项 0 - addr: 0, val: 1.000000
[2025-03-25 14:58:29.003] [INFO] [embedded_mqtt_client.c:328] 数据项 1 - addr: 2, val: 1.000000
[2025-03-25 14:58:29.004] [INFO] [embedded_mqtt_client.c:199] 收到主题 [dataCenter/JSON/LD1/YX] 的消息
[2025-03-25 14:58:29.004] [INFO] [embedded_mqtt_client.c:231] 处理主题 [dataCenter/JSON/LD1/YX] 的数据
[2025-03-25 14:58:29.004] [DEBUG] [embedded_mqtt_client.c:565] 更新数据 - topic: dataCenter/JSON/LD1/YX, addr: 2, val: 1.000000
[2025-03-25 14:58:29.004] [INFO] [embedded_mqtt_client.c:261] 收到历史数据查询请求
[2025-03-25 14:58:29.004] [INFO] [embedded_mqtt_client.c:285] 查询历史数据 - 开始时间: 2025-03-25 13:58:00, 结束时间: 2025-03-25 14:58:00
[2025-03-25 14:58:29.006] [INFO] [xml_config_parser.cpp:380] 发送历史数据 - 记录数: 1
[2025-03-25 14:58:29.025] [INFO] [embedded_mqtt_client.c:306] 主题 [dataCenter/JSON/LD1/YX] 数据摘要:
[2025-03-25 14:58:29.025] [INFO] [embedded_mqtt_client.c:307] 时间戳: 2025-03-25 11:06:46.482
[2025-03-25 14:58:29.025] [INFO] [embedded_mqtt_client.c:308] 数据项数量: 2
[2025-03-25 14:58:29.025] [INFO] [embedded_mqtt_client.c:328] 数据项 0 - addr: 0, val: 1.000000
[2025-03-25 14:58:29.025] [INFO] [embedded_mqtt_client.c:328] 数据项 1 - addr: 2, val: 1.000000
[2025-03-25 14:58:29.026] [INFO] [embedded_mqtt_client.c:199] 收到主题 [dataCenter/JSON/LD1/YX] 的消息
[2025-03-25 14:58:29.026] [INFO] [embedded_mqtt_client.c:231] 处理主题 [dataCenter/JSON/LD1/YX] 的数据
[2025-03-25 14:58:29.026] [DEBUG] [embedded_mqtt_client.c:565] 更新数据 - topic: dataCenter/JSON/LD1/YX, addr: 2, val: 1.000000
[2025-03-25 14:58:29.026] [INFO] [embedded_mqtt_client.c:261] 收到历史数据查询请求
[2025-03-25 14:58:29.026] [INFO] [embedded_mqtt_client.c:285] 查询历史数据 - 开始时间: 2025-03-25 13:58:00, 结束时间: 2025-03-25 14:58:00
[2025-03-25 14:58:29.028] [INFO] [xml_config_parser.cpp:380] 发送历史数据 - 记录数: 1
[2025-03-25 14:58:29.047] [INFO] [embedded_mqtt_client.c:306] 主题 [dataCenter/JSON/LD1/YX] 数据摘要:
[2025-03-25 14:58:29.048] [INFO] [embedded_mqtt_client.c:307] 时间戳: 2025-03-25 11:06:46.482
[2025-03-25 14:58:29.048] [INFO] [embedded_mqtt_client.c:308] 数据项数量: 2
[2025-03-25 14:58:29.048] [INFO] [embedded_mqtt_client.c:328] 数据项 0 - addr: 0, val: 1.000000
[2025-03-25 14:58:29.048] [INFO] [embedded_mqtt_client.c:328] 数据项 1 - addr: 2, val: 1.000000
[2025-03-25 14:58:29.048] [INFO] [embedded_mqtt_client.c:199] 收到主题 [dataCenter/JSON/LD1/YX] 的消息
[2025-03-25 14:58:29.048] [INFO] [embedded_mqtt_client.c:231] 处理主题 [dataCenter/JSON/LD1/YX] 的数据
[2025-03-25 14:58:29.048] [DEBUG] [embedded_mqtt_client.c:565] 更新数据 - topic: dataCenter/JSON/LD1/YX, addr: 2, val: 1.000000
[2025-03-25 14:58:29.048] [INFO] [embedded_mqtt_client.c:261] 收到历史数据查询请求
[2025-03-25 14:58:29.048] [INFO] [embedded_mqtt_client.c:285] 查询历史数据 - 开始时间: 2025-03-25 13:58:00, 结束时间: 2025-03-25 14:58:00
[2025-03-25 14:58:29.050] [INFO] [xml_config_parser.cpp:380] 发送历史数据 - 记录数: 1
[2025-03-25 14:58:29.069] [INFO] [embedded_mqtt_client.c:306] 主题 [dataCenter/JSON/LD1/YX] 数据摘要:
[2025-03-25 14:58:29.070] [INFO] [embedded_mqtt_client.c:307] 时间戳: 2025-03-25 11:06:46.482
[2025-03-25 14:58:29.070] [INFO] [embedded_mqtt_client.c:308] 数据项数量: 2
[2025-03-25 14:58:29.070] [INFO] [embedded_mqtt_client.c:328] 数据项 0 - addr: 0, val: 1.000000
[2025-03-25 14:58:29.070] [INFO] [embedded_mqtt_client.c:328] 数据项 1 - addr: 2, val: 1.000000
[2025-03-25 14:58:29.070] [INFO] [embedded_mqtt_client.c:199] 收到主题 [dataCenter/JSON/LD1/YX] 的消息
[2025-03-25 14:58:29.070] [INFO] [embedded_mqtt_client.c:231] 处理主题 [dataCenter/JSON/LD1/YX] 的数据
[2025-03-25 14:58:29.070] [DEBUG] [embedded_mqtt_client.c:565] 更新数据 - topic: dataCenter/JSON/LD1/YX, addr: 2, val: 1.000000
[2025-03-25 14:58:29.070] [INFO] [embedded_mqtt_client.c:261] 收到历史数据查询请求
[2025-03-25 14:58:29.070] [INFO] [embedded_mqtt_client.c:285] 查询历史数据 - 开始时间: 2025-03-25 13:58:00, 结束时间: 2025-03-25 14:58:00
[2025-03-25 14:58:29.072] [INFO] [xml_config_parser.cpp:380] 发送历史数据 - 记录数: 1
[2025-03-25 14:58:29.092] [INFO] [embedded_mqtt_client.c:306] 主题 [dataCenter/JSON/LD1/YX] 数据摘要:
[2025-03-25 14:58:29.092] [INFO] [embedded_mqtt_client.c:307] 时间戳: 2025-03-25 11:06:46.482
[2025-03-25 14:58:29.092] [INFO] [embedded_mqtt_client.c:308] 数据项数量: 2
[2025-03-25 14:58:29.092] [INFO] [embedded_mqtt_client.c:328] 数据项 0 - addr: 0, val: 1.000000
[2025-03-25 14:58:29.092] [INFO] [embedded_mqtt_client.c:328] 数据项 1 - addr: 2, val: 1.000000
[2025-03-25 14:58:29.093] [INFO] [embedded_mqtt_client.c:199] 收到主题 [dataCenter/JSON/LD1/YX] 的消息
[2025-03-25 14:58:29.093] [INFO] [embedded_mqtt_client.c:231] 处理主题 [dataCenter/JSON/LD1/YX] 的数据
[2025-03-25 14:58:29.093] [DEBUG] [embedded_mqtt_client.c:565] 更新数据 - topic: dataCenter/JSON/LD1/YX, addr: 2, val: 1.000000
[2025-03-25 14:58:29.093] [INFO] [embedded_mqtt_client.c:261] 收到历史数据查询请求
[2025-03-25 14:58:29.093] [INFO] [embedded_mqtt_client.c:285] 查询历史数据 - 开始时间: 2025-03-25 13:58:00, 结束时间: 2025-03-25 14:58:00
[2025-03-25 14:58:29.095] [INFO] [xml_config_parser.cpp:380] 发送历史数据 - 记录数: 1
[2025-03-25 14:58:29.114] [INFO] [embedded_mqtt_client.c:306] 主题 [dataCenter/JSON/LD1/YX] 数据摘要:
[2025-03-25 14:58:29.115] [INFO] [embedded_mqtt_client.c:307] 时间戳: 2025-03-25 11:06:46.482
[2025-03-25 14:58:29.115] [INFO] [embedded_mqtt_client.c:308] 数据项数量: 2
[2025-03-25 14:58:29.115] [INFO] [embedded_mqtt_client.c:328] 数据项 0 - addr: 0, val: 1.000000
[2025-03-25 14:58:29.115] [INFO] [embedded_mqtt_client.c:328] 数据项 1 - addr: 2, val: 1.000000
[2025-03-25 14:58:29.115] [INFO] [embedded_mqtt_client.c:199] 收到主题 [dataCenter/JSON/LD1/YX] 的消息
[2025-03-25 14:58:29.115] [INFO] [embedded_mqtt_client.c:231] 处理主题 [dataCenter/JSON/LD1/YX] 的数据
[2025-03-25 14:58:29.115] [DEBUG] [embedded_mqtt_client.c:565] 更新数据 - topic: dataCenter/JSON/LD1/YX, addr: 2, val: 1.000000
[2025-03-25 14:58:29.115] [INFO] [embedded_mqtt_client.c:261] 收到历史数据查询请求
[2025-03-25 14:58:29.115] [INFO] [embedded_mqtt_client.c:285] 查询历史数据 - 开始时间: 2025-03-25 13:58:00, 结束时间: 2025-03-25 14:58:00
[2025-03-25 14:58:29.117] [INFO] [xml_config_parser.cpp:380] 发送历史数据 - 记录数: 1
[2025-03-25 14:58:29.136] [INFO] [embedded_mqtt_client.c:306] 主题 [dataCenter/JSON/LD1/YX] 数据摘要:
[2025-03-25 14:58:29.137] [INFO] [embedded_mqtt_client.c:307] 时间戳: 2025-03-25 11:06:46.482
[2025-03-25 14:58:29.137] [INFO] [embedded_mqtt_client.c:308] 数据项数量: 2
[2025-03-25 14:58:29.137] [INFO] [embedded_mqtt_client.c:328] 数据项 0 - addr: 0, val: 1.000000
[2025-03-25 14:58:29.137] [INFO] [embedded_mqtt_client.c:328] 数据项 1 - addr: 2, val: 1.000000
[2025-03-25 14:58:29.137] [INFO] [embedded_mqtt_client.c:199] 收到主题 [dataCenter/JSON/LD1/YX] 的消息
[2025-03-25 14:58:29.137] [INFO] [embedded_mqtt_client.c:231] 处理主题 [dataCenter/JSON/LD1/YX] 的数据
[2025-03-25 14:58:29.137] [DEBUG] [embedded_mqtt_client.c:565] 更新数据 - topic: dataCenter/JSON/LD1/YX, addr: 2, val: 1.000000
[2025-03-25 14:58:29.137] [INFO] [embedded_mqtt_client.c:261] 收到历史数据查询请求
[2025-03-25 14:58:29.137] [INFO] [embedded_mqtt_client.c:285] 查询历史数据 - 开始时间: 2025-03-25 13:58:00, 结束时间: 2025-03-25 14:58:00
[2025-03-25 14:58:29.139] [INFO] [xml_config_parser.cpp:380] 发送历史数据 - 记录数: 1
[2025-03-25 14:58:29.158] [INFO] [embedded_mqtt_client.c:306] 主题 [dataCenter/JSON/LD1/YX] 数据摘要:
[2025-03-25 14:58:29.158] [INFO] [embedded_mqtt_client.c:307] 时间戳: 2025-03-25 11:06:46.482
[2025-03-25 14:58:29.158] [INFO] [embedded_mqtt_client.c:308] 数据项数量: 2
[2025-03-25 14:58:29.158] [INFO] [embedded_mqtt_client.c:328] 数据项 0 - addr: 0, val: 1.000000
[2025-03-25 14:58:29.158] [INFO] [embedded_mqtt_client.c:328] 数据项 1 - addr: 2, val: 1.000000
[2025-03-25 14:58:29.159] [INFO] [embedded_mqtt_client.c:199] 收到主题 [dataCenter/JSON/LD1/YX] 的消息
[2025-03-25 14:58:29.159] [INFO] [embedded_mqtt_client.c:231] 处理主题 [dataCenter/JSON/LD1/YX] 的数据
[2025-03-25 14:58:29.159] [DEBUG] [embedded_mqtt_client.c:565] 更新数据 - topic: dataCenter/JSON/LD1/YX, addr: 2, val: 1.000000
[2025-03-25 14:58:29.159] [INFO] [embedded_mqtt_client.c:261] 收到历史数据查询请求
[2025-03-25 14:58:29.159] [INFO] [embedded_mqtt_client.c:285] 查询历史数据 - 开始时间: 2025-03-25 13:58:00, 结束时间: 2025-03-25 14:58:00
[2025-03-25 14:58:29.161] [INFO] [xml_config_parser.cpp:380] 发送历史数据 - 记录数: 1
[2025-03-25 14:58:29.180] [INFO] [embedded_mqtt_client.c:306] 主题 [dataCenter/JSON/LD1/YX] 数据摘要:
[2025-03-25 14:58:29.180] [INFO] [embedded_mqtt_client.c:307] 时间戳: 2025-03-25 11:06:46.482
[2025-03-25 14:58:29.181] [INFO] [embedded_mqtt_client.c:308] 数据项数量: 2
[2025-03-25 14:58:29.181] [INFO] [embedded_mqtt_client.c:328] 数据项 0 - addr: 0, val: 1.000000
[2025-03-25 14:58:29.181] [INFO] [embedded_mqtt_client.c:328] 数据项 1 - addr: 2, val: 1.000000
[2025-03-25 14:58:29.181] [INFO] [embedded_mqtt_client.c:199] 收到主题 [dataCenter/JSON/LD1/YX] 的消息
[2025-03-25 14:58:29.181] [INFO] [embedded_mqtt_client.c:231] 处理主题 [dataCenter/JSON/LD1/YX] 的数据
[2025-03-25 14:58:29.181] [DEBUG] [embedded_mqtt_client.c:565] 更新数据 - topic: dataCenter/JSON/LD1/YX, addr: 2, val: 1.000000
[2025-03-25 14:58:29.181] [INFO] [embedded_mqtt_client.c:261] 收到历史数据查询请求
[2025-03-25 14:58:29.181] [INFO] [embedded_mqtt_client.c:285] 查询历史数据 - 开始时间: 2025-03-25 13:58:00, 结束时间: 2025-03-25 14:58:00
[2025-03-25 14:58:29.183] [INFO] [xml_config_parser.cpp:380] 发送历史数据 - 记录数: 1
[2025-03-25 14:58:29.202] [INFO] [embedded_mqtt_client.c:306] 主题 [dataCenter/JSON/LD1/YX] 数据摘要:
[2025-03-25 14:58:29.202] [INFO] [embedded_mqtt_client.c:307] 时间戳: 2025-03-25 11:06:46.482
[2025-03-25 14:58:29.202] [INFO] [embedded_mqtt_client.c:308] 数据项数量: 2
[2025-03-25 14:58:29.202] [INFO] [embedded_mqtt_client.c:328] 数据项 0 - addr: 0, val: 1.000000
[2025-03-25 14:58:29.202] [INFO] [embedded_mqtt_client.c:328] 数据项 1 - addr: 2, val: 1.000000
[2025-03-25 14:58:29.203] [INFO] [embedded_mqtt_client.c:199] 收到主题 [dataCenter/JSON/LD1/YX] 的消息
[2025-03-25 14:58:29.203] [INFO] [embedded_mqtt_client.c:231] 处理主题 [dataCenter/JSON/LD1/YX] 的数据
[2025-03-25 14:58:29.203] [DEBUG] [embedded_mqtt_client.c:565] 更新数据 - topic: dataCenter/JSON/LD1/YX, addr: 2, val: 1.000000
[2025-03-25 14:58:29.203] [INFO] [embedded_mqtt_client.c:261] 收到历史数据查询请求
[2025-03-25 14:58:29.203] [INFO] [embedded_mqtt_client.c:285] 查询历史数据 - 开始时间: 2025-03-25 13:58:00, 结束时间: 2025-03-25 14:58:00
[2025-03-25 14:58:29.205] [INFO] [xml_config_parser.cpp:380] 发送历史数据 - 记录数: 1
[2025-03-25 14:58:29.224] [INFO] [embedded_mqtt_client.c:306] 主题 [dataCenter/JSON/LD1/YX] 数据摘要:
[2025-03-25 14:58:29.224] [INFO] [embedded_mqtt_client.c:307] 时间戳: 2025-03-25 11:06:46.482
[2025-03-25 14:58:29.224] [INFO] [embedded_mqtt_client.c:308] 数据项数量: 2
[2025-03-25 14:58:29.224] [INFO] [embedded_mqtt_client.c:328] 数据项 0 - addr: 0, val: 1.000000
[2025-03-25 14:58:29.224] [INFO] [embedded_mqtt_client.c:328] 数据项 1 - addr: 2, val: 1.000000
[2025-03-25 14:58:29.224] [INFO] [embedded_mqtt_client.c:199] 收到主题 [dataCenter/JSON/LD1/YX] 的消息
[2025-03-25 14:58:29.224] [INFO] [embedded_mqtt_client.c:231] 处理主题 [dataCenter/JSON/LD1/YX] 的数据
[2025-03-25 14:58:29.224] [DEBUG] [embedded_mqtt_client.c:565] 更新数据 - topic: dataCenter/JSON/LD1/YX, addr: 2, val: 1.000000
[2025-03-25 14:58:29.224] [INFO] [embedded_mqtt_client.c:261] 收到历史数据查询请求
[2025-03-25 14:58:29.225] [INFO] [embedded_mqtt_client.c:285] 查询历史数据 - 开始时间: 2025-03-25 13:58:00, 结束时间: 2025-03-25 14:58:00
[2025-03-25 14:58:29.227] [INFO] [xml_config_parser.cpp:380] 发送历史数据 - 记录数: 1
[2025-03-25 14:58:29.246] [INFO] [embedded_mqtt_client.c:306] 主题 [dataCenter/JSON/LD1/YX] 数据摘要:
[2025-03-25 14:58:29.246] [INFO] [embedded_mqtt_client.c:307] 时间戳: 2025-03-25 11:06:46.482
[2025-03-25 14:58:29.246] [INFO] [embedded_mqtt_client.c:308] 数据项数量: 2
[2025-03-25 14:58:29.246] [INFO] [embedded_mqtt_client.c:328] 数据项 0 - addr: 0, val: 1.000000
[2025-03-25 14:58:29.246] [INFO] [embedded_mqtt_client.c:328] 数据项 1 - addr: 2, val: 1.000000
[2025-03-25 14:58:29.246] [INFO] [embedded_mqtt_client.c:199] 收到主题 [dataCenter/JSON/LD1/YX] 的消息
[2025-03-25 14:58:29.247] [INFO] [embedded_mqtt_client.c:231] 处理主题 [dataCenter/JSON/LD1/YX] 的数据
[2025-03-25 14:58:29.247] [DEBUG] [embedded_mqtt_client.c:565] 更新数据 - topic: dataCenter/JSON/LD1/YX, addr: 2, val: 1.000000
[2025-03-25 14:58:29.247] [INFO] [embedded_mqtt_client.c:261] 收到历史数据查询请求
[2025-03-25 14:58:29.247] [INFO] [embedded_mqtt_client.c:285] 查询历史数据 - 开始时间: 2025-03-25 13:58:00, 结束时间: 2025-03-25 14:58:00
[2025-03-25 14:58:29.249] [INFO] [xml_config_parser.cpp:380] 发送历史数据 - 记录数: 1
[2025-03-25 14:58:29.268] [INFO] [embedded_mqtt_client.c:306] 主题 [dataCenter/JSON/LD1/YX] 数据摘要:
[2025-03-25 14:58:29.268] [INFO] [embedded_mqtt_client.c:307] 时间戳: 2025-03-25 11:06:46.482
[2025-03-25 14:58:29.268] [INFO] [embedded_mqtt_client.c:308] 数据项数量: 2
[2025-03-25 14:58:29.268] [INFO] [embedded_mqtt_client.c:328] 数据项 0 - addr: 0, val: 1.000000
[2025-03-25 14:58:29.268] [INFO] [embedded_mqtt_client.c:328] 数据项 1 - addr: 2, val: 1.000000
[2025-03-25 14:58:29.268] [INFO] [embedded_mqtt_client.c:199] 收到主题 [dataCenter/JSON/LD1/YX] 的消息
[2025-03-25 14:58:29.268] [INFO] [embedded_mqtt_client.c:231] 处理主题 [dataCenter/JSON/LD1/YX] 的数据
[2025-03-25 14:58:29.268] [DEBUG] [embedded_mqtt_client.c:565] 更新数据 - topic: dataCenter/JSON/LD1/YX, addr: 2, val: 1.000000
[2025-03-25 14:58:29.268] [INFO] [embedded_mqtt_client.c:261] 收到历史数据查询请求
[2025-03-25 14:58:29.268] [INFO] [embedded_mqtt_client.c:285] 查询历史数据 - 开始时间: 2025-03-25 13:58:00, 结束时间: 2025-03-25 14:58:00
[2025-03-25 14:58:29.270] [INFO] [xml_config_parser.cpp:380] 发送历史数据 - 记录数: 1
[2025-03-25 14:58:29.290] [INFO] [embedded_mqtt_client.c:306] 主题 [dataCenter/JSON/LD1/YX] 数据摘要:
[2025-03-25 14:58:29.290] [INFO] [embedded_mqtt_client.c:307] 时间戳: 2025-03-25 11:06:46.482
[2025-03-25 14:58:29.290] [INFO] [embedded_mqtt_client.c:308] 数据项数量: 2
[2025-03-25 14:58:29.290] [INFO] [embedded_mqtt_client.c:328] 数据项 0 - addr: 0, val: 1.000000
[2025-03-25 14:58:29.290] [INFO] [embedded_mqtt_client.c:328] 数据项 1 - addr: 2, val: 1.000000
[2025-03-25 14:58:29.290] [INFO] [embedded_mqtt_client.c:199] 收到主题 [dataCenter/JSON/LD1/YX] 的消息
[2025-03-25 14:58:29.290] [INFO] [embedded_mqtt_client.c:231] 处理主题 [dataCenter/JSON/LD1/YX] 的数据
[2025-03-25 14:58:29.290] [DEBUG] [embedded_mqtt_client.c:565] 更新数据 - topic: dataCenter/JSON/LD1/YX, addr: 2, val: 1.000000
[2025-03-25 14:58:29.290] [INFO] [embedded_mqtt_client.c:261] 收到历史数据查询请求
[2025-03-25 14:58:29.291] [INFO] [embedded_mqtt_client.c:285] 查询历史数据 - 开始时间: 2025-03-25 13:58:00, 结束时间: 2025-03-25 14:58:00
[2025-03-25 14:58:29.292] [INFO] [xml_config_parser.cpp:380] 发送历史数据 - 记录数: 1
[2025-03-25 14:58:29.312] [INFO] [embedded_mqtt_client.c:306] 主题 [dataCenter/JSON/LD1/YX] 数据摘要:
[2025-03-25 14:58:29.312] [INFO] [embedded_mqtt_client.c:307] 时间戳: 2025-03-25 11:06:46.482
[2025-03-25 14:58:29.312] [INFO] [embedded_mqtt_client.c:308] 数据项数量: 2
[2025-03-25 14:58:29.312] [INFO] [embedded_mqtt_client.c:328] 数据项 0 - addr: 0, val: 1.000000
[2025-03-25 14:58:29.312] [INFO] [embedded_mqtt_client.c:328] 数据项 1 - addr: 2, val: 1.000000
[2025-03-25 14:58:29.312] [INFO] [embedded_mqtt_client.c:199] 收到主题 [dataCenter/JSON/LD1/YX] 的消息
[2025-03-25 14:58:29.312] [INFO] [embedded_mqtt_client.c:231] 处理主题 [dataCenter/JSON/LD1/YX] 的数据
[2025-03-25 14:58:29.312] [DEBUG] [embedded_mqtt_client.c:565] 更新数据 - topic: dataCenter/JSON/LD1/YX, addr: 2, val: 1.000000
[2025-03-25 14:58:29.312] [INFO] [embedded_mqtt_client.c:261] 收到历史数据查询请求
[2025-03-25 14:58:29.312] [INFO] [embedded_mqtt_client.c:285] 查询历史数据 - 开始时间: 2025-03-25 13:58:00, 结束时间: 2025-03-25 14:58:00
[2025-03-25 14:58:29.314] [INFO] [xml_config_parser.cpp:380] 发送历史数据 - 记录数: 1
[2025-03-25 14:58:29.334] [INFO] [embedded_mqtt_client.c:306] 主题 [dataCenter/JSON/LD1/YX] 数据摘要:
[2025-03-25 14:58:29.334] [INFO] [embedded_mqtt_client.c:307] 时间戳: 2025-03-25 11:06:46.482
[2025-03-25 14:58:29.334] [INFO] [embedded_mqtt_client.c:308] 数据项数量: 2
[2025-03-25 14:58:29.334] [INFO] [embedded_mqtt_client.c:328] 数据项 0 - addr: 0, val: 1.000000
[2025-03-25 14:58:29.334] [INFO] [embedded_mqtt_client.c:328] 数据项 1 - addr: 2, val: 1.000000
[2025-03-25 14:58:29.334] [INFO] [embedded_mqtt_client.c:199] 收到主题 [dataCenter/JSON/LD1/YX] 的消息
[2025-03-25 14:58:29.334] [INFO] [embedded_mqtt_client.c:231] 处理主题 [dataCenter/JSON/LD1/YX] 的数据
[2025-03-25 14:58:29.334] [DEBUG] [embedded_mqtt_client.c:565] 更新数据 - topic: dataCenter/JSON/LD1/YX, addr: 2, val: 1.000000
[2025-03-25 14:58:29.334] [INFO] [embedded_mqtt_client.c:261] 收到历史数据查询请求
[2025-03-25 14:58:29.334] [INFO] [embedded_mqtt_client.c:285] 查询历史数据 - 开始时间: 2025-03-25 13:58:00, 结束时间: 2025-03-25 14:58:00
[2025-03-25 14:58:29.337] [INFO] [xml_config_parser.cpp:380] 发送历史数据 - 记录数: 1
[2025-03-25 14:58:29.355] [INFO] [embedded_mqtt_client.c:306] 主题 [dataCenter/JSON/LD1/YX] 数据摘要:
[2025-03-25 14:58:29.356] [INFO] [embedded_mqtt_client.c:307] 时间戳: 2025-03-25 11:06:46.482
[2025-03-25 14:58:29.356] [INFO] [embedded_mqtt_client.c:308] 数据项数量: 2
[2025-03-25 14:58:29.356] [INFO] [embedded_mqtt_client.c:328] 数据项 0 - addr: 0, val: 1.000000
[2025-03-25 14:58:29.356] [INFO] [embedded_mqtt_client.c:328] 数据项 1 - addr: 2, val: 1.000000
[2025-03-25 14:58:29.356] [INFO] [embedded_mqtt_client.c:199] 收到主题 [dataCenter/JSON/LD1/YX] 的消息
[2025-03-25 14:58:29.356] [INFO] [embedded_mqtt_client.c:231] 处理主题 [dataCenter/JSON/LD1/YX] 的数据
[2025-03-25 14:58:29.356] [DEBUG] [embedded_mqtt_client.c:565] 更新数据 - topic: dataCenter/JSON/LD1/YX, addr: 2, val: 1.000000
[2025-03-25 14:58:29.356] [INFO] [embedded_mqtt_client.c:261] 收到历史数据查询请求
[2025-03-25 14:58:29.356] [INFO] [embedded_mqtt_client.c:285] 查询历史数据 - 开始时间: 2025-03-25 13:58:00, 结束时间: 2025-03-25 14:58:00
[2025-03-25 14:58:29.358] [INFO] [xml_config_parser.cpp:380] 发送历史数据 - 记录数: 1
[2025-03-25 14:58:29.377] [INFO] [embedded_mqtt_client.c:306] 主题 [dataCenter/JSON/LD1/YX] 数据摘要:
[2025-03-25 14:58:29.378] [INFO] [embedded_mqtt_client.c:307] 时间戳: 2025-03-25 11:06:46.482
[2025-03-25 14:58:29.378] [INFO] [embedded_mqtt_client.c:308] 数据项数量: 2
[2025-03-25 14:58:29.378] [INFO] [embedded_mqtt_client.c:328] 数据项 0 - addr: 0, val: 1.000000
[2025-03-25 14:58:29.378] [INFO] [embedded_mqtt_client.c:328] 数据项 1 - addr: 2, val: 1.000000
[2025-03-25 14:58:29.378] [INFO] [embedded_mqtt_client.c:199] 收到主题 [dataCenter/JSON/LD1/YX] 的消息
[2025-03-25 14:58:29.378] [INFO] [embedded_mqtt_client.c:231] 处理主题 [dataCenter/JSON/LD1/YX] 的数据
[2025-03-25 14:58:29.378] [DEBUG] [embedded_mqtt_client.c:565] 更新数据 - topic: dataCenter/JSON/LD1/YX, addr: 2, val: 1.000000
[2025-03-25 14:58:29.378] [INFO] [embedded_mqtt_client.c:261] 收到历史数据查询请求
[2025-03-25 14:58:29.378] [INFO] [embedded_mqtt_client.c:285] 查询历史数据 - 开始时间: 2025-03-25 13:58:00, 结束时间: 2025-03-25 14:58:00
[2025-03-25 14:58:29.380] [INFO] [xml_config_parser.cpp:380] 发送历史数据 - 记录数: 1
[2025-03-25 14:58:29.400] [INFO] [embedded_mqtt_client.c:306] 主题 [dataCenter/JSON/LD1/YX] 数据摘要:
[2025-03-25 14:58:29.400] [INFO] [embedded_mqtt_client.c:307] 时间戳: 2025-03-25 11:06:46.482
[2025-03-25 14:58:29.400] [INFO] [embedded_mqtt_client.c:308] 数据项数量: 2
[2025-03-25 14:58:29.400] [INFO] [embedded_mqtt_client.c:328] 数据项 0 - addr: 0, val: 1.000000
[2025-03-25 14:58:29.400] [INFO] [embedded_mqtt_client.c:328] 数据项 1 - addr: 2, val: 1.000000
[2025-03-25 14:58:29.400] [INFO] [embedded_mqtt_client.c:199] 收到主题 [dataCenter/JSON/LD1/YX] 的消息
[2025-03-25 14:58:29.400] [INFO] [embedded_mqtt_client.c:231] 处理主题 [dataCenter/JSON/LD1/YX] 的数据
[2025-03-25 14:58:29.400] [DEBUG] [embedded_mqtt_client.c:565] 更新数据 - topic: dataCenter/JSON/LD1/YX, addr: 2, val: 1.000000
[2025-03-25 14:58:29.400] [INFO] [embedded_mqtt_client.c:261] 收到历史数据查询请求
[2025-03-25 14:58:29.401] [INFO] [embedded_mqtt_client.c:285] 查询历史数据 - 开始时间: 2025-03-25 13:58:00, 结束时间: 2025-03-25 14:58:00
[2025-03-25 14:58:29.402] [INFO] [xml_config_parser.cpp:380] 发送历史数据 - 记录数: 1
[2025-03-25 14:58:29.422] [INFO] [embedded_mqtt_client.c:306] 主题 [dataCenter/JSON/LD1/YX] 数据摘要:
[2025-03-25 14:58:29.422] [INFO] [embedded_mqtt_client.c:307] 时间戳: 2025-03-25 11:06:46.482
[2025-03-25 14:58:29.422] [INFO] [embedded_mqtt_client.c:308] 数据项数量: 2
[2025-03-25 14:58:29.422] [INFO] [embedded_mqtt_client.c:328] 数据项 0 - addr: 0, val: 1.000000
[2025-03-25 14:58:29.422] [INFO] [embedded_mqtt_client.c:328] 数据项 1 - addr: 2, val: 1.000000
[2025-03-25 14:58:29.423] [INFO] [embedded_mqtt_client.c:199] 收到主题 [dataCenter/JSON/LD1/YX] 的消息
[2025-03-25 14:58:29.423] [INFO] [embedded_mqtt_client.c:231] 处理主题 [dataCenter/JSON/LD1/YX] 的数据
[2025-03-25 14:58:29.423] [DEBUG] [embedded_mqtt_client.c:565] 更新数据 - topic: dataCenter/JSON/LD1/YX, addr: 2, val: 1.000000
[2025-03-25 14:58:29.423] [INFO] [embedded_mqtt_client.c:261] 收到历史数据查询请求
[2025-03-25 14:58:29.423] [INFO] [embedded_mqtt_client.c:285] 查询历史数据 - 开始时间: 2025-03-25 13:58:00, 结束时间: 2025-03-25 14:58:00
[2025-03-25 14:58:29.425] [INFO] [xml_config_parser.cpp:380] 发送历史数据 - 记录数: 1
[2025-03-25 14:58:29.444] [INFO] [embedded_mqtt_client.c:306] 主题 [dataCenter/JSON/LD1/YX] 数据摘要:
[2025-03-25 14:58:29.444] [INFO] [embedded_mqtt_client.c:307] 时间戳: 2025-03-25 11:06:46.482
[2025-03-25 14:58:29.444] [INFO] [embedded_mqtt_client.c:308] 数据项数量: 2
[2025-03-25 14:58:29.444] [INFO] [embedded_mqtt_client.c:328] 数据项 0 - addr: 0, val: 1.000000
[2025-03-25 14:58:29.445] [INFO] [embedded_mqtt_client.c:328] 数据项 1 - addr: 2, val: 1.000000
[2025-03-25 14:58:29.445] [INFO] [embedded_mqtt_client.c:199] 收到主题 [dataCenter/JSON/LD1/YX] 的消息
[2025-03-25 14:58:29.445] [INFO] [embedded_mqtt_client.c:231] 处理主题 [dataCenter/JSON/LD1/YX] 的数据
[2025-03-25 14:58:29.445] [DEBUG] [embedded_mqtt_client.c:565] 更新数据 - topic: dataCenter/JSON/LD1/YX, addr: 2, val: 1.000000
[2025-03-25 14:58:29.445] [INFO] [embedded_mqtt_client.c:261] 收到历史数据查询请求
[2025-03-25 14:58:29.445] [INFO] [embedded_mqtt_client.c:285] 查询历史数据 - 开始时间: 2025-03-25 13:58:00, 结束时间: 2025-03-25 14:58:00
[2025-03-25 14:58:29.447] [INFO] [xml_config_parser.cpp:380] 发送历史数据 - 记录数: 1
[2025-03-25 14:58:29.466] [INFO] [embedded_mqtt_client.c:306] 主题 [dataCenter/JSON/LD1/YX] 数据摘要:
[2025-03-25 14:58:29.467] [INFO] [embedded_mqtt_client.c:307] 时间戳: 2025-03-25 11:06:46.482
[2025-03-25 14:58:29.467] [INFO] [embedded_mqtt_client.c:308] 数据项数量: 2
[2025-03-25 14:58:29.467] [INFO] [embedded_mqtt_client.c:328] 数据项 0 - addr: 0, val: 1.000000
[2025-03-25 14:58:29.467] [INFO] [embedded_mqtt_client.c:328] 数据项 1 - addr: 2, val: 1.000000
[2025-03-25 14:58:29.467] [INFO] [embedded_mqtt_client.c:199] 收到主题 [dataCenter/JSON/LD1/YX] 的消息
[2025-03-25 14:58:29.467] [INFO] [embedded_mqtt_client.c:231] 处理主题 [dataCenter/JSON/LD1/YX] 的数据
[2025-03-25 14:58:29.467] [DEBUG] [embedded_mqtt_client.c:565] 更新数据 - topic: dataCenter/JSON/LD1/YX, addr: 2, val: 1.000000
[2025-03-25 14:58:29.467] [INFO] [embedded_mqtt_client.c:261] 收到历史数据查询请求
[2025-03-25 14:58:29.467] [INFO] [embedded_mqtt_client.c:285] 查询历史数据 - 开始时间: 2025-03-25 13:58:00, 结束时间: 2025-03-25 14:58:00
[2025-03-25 14:58:29.469] [INFO] [xml_config_parser.cpp:380] 发送历史数据 - 记录数: 1
[2025-03-25 14:58:29.488] [INFO] [embedded_mqtt_client.c:306] 主题 [dataCenter/JSON/LD1/YX] 数据摘要:
[2025-03-25 14:58:29.488] [INFO] [embedded_mqtt_client.c:307] 时间戳: 2025-03-25 11:06:46.482
[2025-03-25 14:58:29.488] [INFO] [embedded_mqtt_client.c:308] 数据项数量: 2
[2025-03-25 14:58:29.489] [INFO] [embedded_mqtt_client.c:328] 数据项 0 - addr: 0, val: 1.000000
[2025-03-25 14:58:29.489] [INFO] [embedded_mqtt_client.c:328] 数据项 1 - addr: 2, val: 1.000000
[2025-03-25 14:58:29.489] [INFO] [embedded_mqtt_client.c:199] 收到主题 [dataCenter/JSON/LD1/YX] 的消息
[2025-03-25 14:58:29.489] [INFO] [embedded_mqtt_client.c:231] 处理主题 [dataCenter/JSON/LD1/YX] 的数据
[2025-03-25 14:58:29.489] [DEBUG] [embedded_mqtt_client.c:565] 更新数据 - topic: dataCenter/JSON/LD1/YX, addr: 2, val: 1.000000
[2025-03-25 14:58:29.489] [INFO] [embedded_mqtt_client.c:261] 收到历史数据查询请求
[2025-03-25 14:58:29.489] [INFO] [embedded_mqtt_client.c:285] 查询历史数据 - 开始时间: 2025-03-25 13:58:00, 结束时间: 2025-03-25 14:58:00
[2025-03-25 14:58:29.491] [INFO] [xml_config_parser.cpp:380] 发送历史数据 - 记录数: 1
[2025-03-25 14:58:29.510] [INFO] [embedded_mqtt_client.c:306] 主题 [dataCenter/JSON/LD1/YX] 数据摘要:
[2025-03-25 14:58:29.510] [INFO] [embedded_mqtt_client.c:307] 时间戳: 2025-03-25 11:06:46.482
[2025-03-25 14:58:29.510] [INFO] [embedded_mqtt_client.c:308] 数据项数量: 2
[2025-03-25 14:58:29.511] [INFO] [embedded_mqtt_client.c:328] 数据项 0 - addr: 0, val: 1.000000
[2025-03-25 14:58:29.511] [INFO] [embedded_mqtt_client.c:328] 数据项 1 - addr: 2, val: 1.000000
[2025-03-25 14:58:29.511] [INFO] [embedded_mqtt_client.c:199] 收到主题 [dataCenter/JSON/LD1/YX] 的消息
[2025-03-25 14:58:29.511] [INFO] [embedded_mqtt_client.c:231] 处理主题 [dataCenter/JSON/LD1/YX] 的数据
[2025-03-25 14:58:29.511] [DEBUG] [embedded_mqtt_client.c:565] 更新数据 - topic: dataCenter/JSON/LD1/YX, addr: 2, val: 1.000000
[2025-03-25 14:58:29.511] [INFO] [embedded_mqtt_client.c:261] 收到历史数据查询请求
[2025-03-25 14:58:29.511] [INFO] [embedded_mqtt_client.c:285] 查询历史数据 - 开始时间: 2025-03-25 13:58:00, 结束时间: 2025-03-25 14:58:00
[2025-03-25 14:58:29.513] [INFO] [xml_config_parser.cpp:380] 发送历史数据 - 记录数: 1
[2025-03-25 14:58:29.532] [INFO] [embedded_mqtt_client.c:306] 主题 [dataCenter/JSON/LD1/YX] 数据摘要:
[2025-03-25 14:58:29.532] [INFO] [embedded_mqtt_client.c:307] 时间戳: 2025-03-25 11:06:46.482
[2025-03-25 14:58:29.532] [INFO] [embedded_mqtt_client.c:308] 数据项数量: 2
[2025-03-25 14:58:29.533] [INFO] [embedded_mqtt_client.c:328] 数据项 0 - addr: 0, val: 1.000000
[2025-03-25 14:58:29.533] [INFO] [embedded_mqtt_client.c:328] 数据项 1 - addr: 2, val: 1.000000
[2025-03-25 14:58:29.533] [INFO] [embedded_mqtt_client.c:199] 收到主题 [dataCenter/JSON/LD1/YX] 的消息
[2025-03-25 14:58:29.533] [INFO] [embedded_mqtt_client.c:231] 处理主题 [dataCenter/JSON/LD1/YX] 的数据
[2025-03-25 14:58:29.533] [DEBUG] [embedded_mqtt_client.c:565] 更新数据 - topic: dataCenter/JSON/LD1/YX, addr: 2, val: 1.000000
[2025-03-25 14:58:29.533] [INFO] [embedded_mqtt_client.c:261] 收到历史数据查询请求
[2025-03-25 14:58:29.533] [INFO] [embedded_mqtt_client.c:285] 查询历史数据 - 开始时间: 2025-03-25 13:58:00, 结束时间: 2025-03-25 14:58:00
[2025-03-25 14:58:29.535] [INFO] [xml_config_parser.cpp:380] 发送历史数据 - 记录数: 1
[2025-03-25 14:58:29.555] [INFO] [embedded_mqtt_client.c:306] 主题 [dataCenter/JSON/LD1/YX] 数据摘要:
[2025-03-25 14:58:29.555] [INFO] [embedded_mqtt_client.c:307] 时间戳: 2025-03-25 11:06:46.482
[2025-03-25 14:58:29.555] [INFO] [embedded_mqtt_client.c:308] 数据项数量: 2
[2025-03-25 14:58:29.555] [INFO] [embedded_mqtt_client.c:328] 数据项 0 - addr: 0, val: 1.000000
[2025-03-25 14:58:29.555] [INFO] [embedded_mqtt_client.c:328] 数据项 1 - addr: 2, val: 1.000000
[2025-03-25 14:58:29.555] [INFO] [embedded_mqtt_client.c:199] 收到主题 [dataCenter/JSON/LD1/YX] 的消息
[2025-03-25 14:58:29.555] [INFO] [embedded_mqtt_client.c:231] 处理主题 [dataCenter/JSON/LD1/YX] 的数据
[2025-03-25 14:58:29.555] [DEBUG] [embedded_mqtt_client.c:565] 更新数据 - topic: dataCenter/JSON/LD1/YX, addr: 2, val: 1.000000
[2025-03-25 14:58:29.555] [INFO] [embedded_mqtt_client.c:261] 收到历史数据查询请求
[2025-03-25 14:58:29.555] [INFO] [embedded_mqtt_client.c:285] 查询历史数据 - 开始时间: 2025-03-25 13:58:00, 结束时间: 2025-03-25 14:58:00
[2025-03-25 14:58:29.557] [INFO] [xml_config_parser.cpp:380] 发送历史数据 - 记录数: 1
[2025-03-25 14:58:29.577] [INFO] [embedded_mqtt_client.c:306] 主题 [dataCenter/JSON/LD1/YX] 数据摘要:
[2025-03-25 14:58:29.577] [INFO] [embedded_mqtt_client.c:307] 时间戳: 2025-03-25 11:06:46.482
[2025-03-25 14:58:29.577] [INFO] [embedded_mqtt_client.c:308] 数据项数量: 2
[2025-03-25 14:58:29.577] [INFO] [embedded_mqtt_client.c:328] 数据项 0 - addr: 0, val: 1.000000
[2025-03-25 14:58:29.577] [INFO] [embedded_mqtt_client.c:328] 数据项 1 - addr: 2, val: 1.000000
[2025-03-25 14:58:29.577] [INFO] [embedded_mqtt_client.c:199] 收到主题 [dataCenter/JSON/LD1/YX] 的消息
[2025-03-25 14:58:29.577] [INFO] [embedded_mqtt_client.c:231] 处理主题 [dataCenter/JSON/LD1/YX] 的数据
[2025-03-25 14:58:29.578] [DEBUG] [embedded_mqtt_client.c:565] 更新数据 - topic: dataCenter/JSON/LD1/YX, addr: 2, val: 1.000000
[2025-03-25 14:58:29.578] [INFO] [embedded_mqtt_client.c:261] 收到历史数据查询请求
[2025-03-25 14:58:29.578] [INFO] [embedded_mqtt_client.c:285] 查询历史数据 - 开始时间: 2025-03-25 13:58:00, 结束时间: 2025-03-25 14:58:00
[2025-03-25 14:58:29.580] [INFO] [xml_config_parser.cpp:380] 发送历史数据 - 记录数: 1
[2025-03-25 14:58:29.599] [INFO] [embedded_mqtt_client.c:306] 主题 [dataCenter/JSON/LD1/YX] 数据摘要:
[2025-03-25 14:58:29.600] [INFO] [embedded_mqtt_client.c:307] 时间戳: 2025-03-25 11:06:46.482
[2025-03-25 14:58:29.600] [INFO] [embedded_mqtt_client.c:308] 数据项数量: 2
[2025-03-25 14:58:29.600] [INFO] [embedded_mqtt_client.c:328] 数据项 0 - addr: 0, val: 1.000000
[2025-03-25 14:58:29.600] [INFO] [embedded_mqtt_client.c:328] 数据项 1 - addr: 2, val: 1.000000
[2025-03-25 14:58:29.600] [INFO] [embedded_mqtt_client.c:199] 收到主题 [dataCenter/JSON/LD1/YX] 的消息
[2025-03-25 14:58:29.600] [INFO] [embedded_mqtt_client.c:231] 处理主题 [dataCenter/JSON/LD1/YX] 的数据
[2025-03-25 14:58:29.600] [DEBUG] [embedded_mqtt_client.c:565] 更新数据 - topic: dataCenter/JSON/LD1/YX, addr: 2, val: 1.000000
[2025-03-25 14:58:29.600] [INFO] [embedded_mqtt_client.c:261] 收到历史数据查询请求
[2025-03-25 14:58:29.600] [INFO] [embedded_mqtt_client.c:285] 查询历史数据 - 开始时间: 2025-03-25 13:58:00, 结束时间: 2025-03-25 14:58:00
[2025-03-25 14:58:29.602] [INFO] [xml_config_parser.cpp:380] 发送历史数据 - 记录数: 1
[2025-03-25 14:58:29.621] [INFO] [embedded_mqtt_client.c:306] 主题 [dataCenter/JSON/LD1/YX] 数据摘要:
[2025-03-25 14:58:29.621] [INFO] [embedded_mqtt_client.c:307] 时间戳: 2025-03-25 11:06:46.482
[2025-03-25 14:58:29.621] [INFO] [embedded_mqtt_client.c:308] 数据项数量: 2
[2025-03-25 14:58:29.621] [INFO] [embedded_mqtt_client.c:328] 数据项 0 - addr: 0, val: 1.000000
[2025-03-25 14:58:29.621] [INFO] [embedded_mqtt_client.c:328] 数据项 1 - addr: 2, val: 1.000000
[2025-03-25 14:58:29.622] [INFO] [embedded_mqtt_client.c:199] 收到主题 [dataCenter/JSON/LD1/YX] 的消息
[2025-03-25 14:58:29.622] [INFO] [embedded_mqtt_client.c:231] 处理主题 [dataCenter/JSON/LD1/YX] 的数据
[2025-03-25 14:58:29.622] [DEBUG] [embedded_mqtt_client.c:565] 更新数据 - topic: dataCenter/JSON/LD1/YX, addr: 2, val: 1.000000
[2025-03-25 14:58:29.622] [INFO] [embedded_mqtt_client.c:261] 收到历史数据查询请求
[2025-03-25 14:58:29.622] [INFO] [embedded_mqtt_client.c:285] 查询历史数据 - 开始时间: 2025-03-25 13:58:00, 结束时间: 2025-03-25 14:58:00
[2025-03-25 14:58:29.624] [INFO] [xml_config_parser.cpp:380] 发送历史数据 - 记录数: 1
[2025-03-25 14:58:29.643] [INFO] [embedded_mqtt_client.c:306] 主题 [dataCenter/JSON/LD1/YX] 数据摘要:
[2025-03-25 14:58:29.644] [INFO] [embedded_mqtt_client.c:307] 时间戳: 2025-03-25 11:06:46.482
[2025-03-25 14:58:29.644] [INFO] [embedded_mqtt_client.c:308] 数据项数量: 2
[2025-03-25 14:58:29.644] [INFO] [embedded_mqtt_client.c:328] 数据项 0 - addr: 0, val: 1.000000
[2025-03-25 14:58:29.644] [INFO] [embedded_mqtt_client.c:328] 数据项 1 - addr: 2, val: 1.000000
[2025-03-25 14:58:29.644] [INFO] [embedded_mqtt_client.c:199] 收到主题 [dataCenter/JSON/LD1/YX] 的消息
[2025-03-25 14:58:29.644] [INFO] [embedded_mqtt_client.c:231] 处理主题 [dataCenter/JSON/LD1/YX] 的数据
[2025-03-25 14:58:29.644] [DEBUG] [embedded_mqtt_client.c:565] 更新数据 - topic: dataCenter/JSON/LD1/YX, addr: 2, val: 1.000000
[2025-03-25 14:58:29.644] [INFO] [embedded_mqtt_client.c:261] 收到历史数据查询请求
[2025-03-25 14:58:29.644] [INFO] [embedded_mqtt_client.c:285] 查询历史数据 - 开始时间: 2025-03-25 13:58:00, 结束时间: 2025-03-25 14:58:00
[2025-03-25 14:58:29.646] [INFO] [xml_config_parser.cpp:380] 发送历史数据 - 记录数: 1
[2025-03-25 14:58:29.666] [INFO] [embedded_mqtt_client.c:306] 主题 [dataCenter/JSON/LD1/YX] 数据摘要:
[2025-03-25 14:58:29.666] [INFO] [embedded_mqtt_client.c:307] 时间戳: 2025-03-25 11:06:46.482
[2025-03-25 14:58:29.666] [INFO] [embedded_mqtt_client.c:308] 数据项数量: 2
[2025-03-25 14:58:29.666] [INFO] [embedded_mqtt_client.c:328] 数据项 0 - addr: 0, val: 1.000000
[2025-03-25 14:58:29.666] [INFO] [embedded_mqtt_client.c:328] 数据项 1 - addr: 2, val: 1.000000
[2025-03-25 14:58:29.666] [INFO] [embedded_mqtt_client.c:199] 收到主题 [dataCenter/JSON/LD1/YX] 的消息
[2025-03-25 14:58:29.666] [INFO] [embedded_mqtt_client.c:231] 处理主题 [dataCenter/JSON/LD1/YX] 的数据
[2025-03-25 14:58:29.666] [DEBUG] [embedded_mqtt_client.c:565] 更新数据 - topic: dataCenter/JSON/LD1/YX, addr: 2, val: 1.000000
[2025-03-25 14:58:29.666] [INFO] [embedded_mqtt_client.c:261] 收到历史数据查询请求
[2025-03-25 14:58:29.666] [INFO] [embedded_mqtt_client.c:285] 查询历史数据 - 开始时间: 2025-03-25 13:58:00, 结束时间: 2025-03-25 14:58:00
[2025-03-25 14:58:29.668] [INFO] [xml_config_parser.cpp:380] 发送历史数据 - 记录数: 1
[2025-03-25 14:58:29.688] [INFO] [embedded_mqtt_client.c:306] 主题 [dataCenter/JSON/LD1/YX] 数据摘要:
[2025-03-25 14:58:29.688] [INFO] [embedded_mqtt_client.c:307] 时间戳: 2025-03-25 11:06:46.482
[2025-03-25 14:58:29.688] [INFO] [embedded_mqtt_client.c:308] 数据项数量: 2
[2025-03-25 14:58:29.688] [INFO] [embedded_mqtt_client.c:328] 数据项 0 - addr: 0, val: 1.000000
[2025-03-25 14:58:29.688] [INFO] [embedded_mqtt_client.c:328] 数据项 1 - addr: 2, val: 1.000000
[2025-03-25 14:58:29.689] [INFO] [embedded_mqtt_client.c:199] 收到主题 [dataCenter/JSON/LD1/YX] 的消息
[2025-03-25 14:58:29.689] [INFO] [embedded_mqtt_client.c:231] 处理主题 [dataCenter/JSON/LD1/YX] 的数据
[2025-03-25 14:58:29.689] [DEBUG] [embedded_mqtt_client.c:565] 更新数据 - topic: dataCenter/JSON/LD1/YX, addr: 2, val: 1.000000
[2025-03-25 14:58:29.689] [INFO] [embedded_mqtt_client.c:261] 收到历史数据查询请求
[2025-03-25 14:58:29.689] [INFO] [embedded_mqtt_client.c:285] 查询历史数据 - 开始时间: 2025-03-25 13:58:00, 结束时间: 2025-03-25 14:58:00
[2025-03-25 14:58:29.691] [INFO] [xml_config_parser.cpp:380] 发送历史数据 - 记录数: 1
[2025-03-25 14:58:29.712] [INFO] [embedded_mqtt_client.c:306] 主题 [dataCenter/JSON/LD1/YX] 数据摘要:
[2025-03-25 14:58:29.712] [INFO] [embedded_mqtt_client.c:307] 时间戳: 2025-03-25 11:06:46.482
[2025-03-25 14:58:29.712] [INFO] [embedded_mqtt_client.c:308] 数据项数量: 2
[2025-03-25 14:58:29.712] [INFO] [embedded_mqtt_client.c:328] 数据项 0 - addr: 0, val: 1.000000
[2025-03-25 14:58:29.712] [INFO] [embedded_mqtt_client.c:328] 数据项 1 - addr: 2, val: 1.000000
[2025-03-25 14:58:29.712] [INFO] [embedded_mqtt_client.c:199] 收到主题 [dataCenter/JSON/LD1/YX] 的消息
[2025-03-25 14:58:29.712] [INFO] [embedded_mqtt_client.c:231] 处理主题 [dataCenter/JSON/LD1/YX] 的数据
[2025-03-25 14:58:29.712] [DEBUG] [embedded_mqtt_client.c:565] 更新数据 - topic: dataCenter/JSON/LD1/YX, addr: 2, val: 1.000000
[2025-03-25 14:58:29.713] [INFO] [embedded_mqtt_client.c:261] 收到历史数据查询请求
[2025-03-25 14:58:29.713] [INFO] [embedded_mqtt_client.c:285] 查询历史数据 - 开始时间: 2025-03-25 13:58:00, 结束时间: 2025-03-25 14:58:00
[2025-03-25 14:58:29.715] [INFO] [xml_config_parser.cpp:380] 发送历史数据 - 记录数: 1
[2025-03-25 14:58:29.734] [INFO] [embedded_mqtt_client.c:306] 主题 [dataCenter/JSON/LD1/YX] 数据摘要:
[2025-03-25 14:58:29.734] [INFO] [embedded_mqtt_client.c:307] 时间戳: 2025-03-25 11:06:46.482
[2025-03-25 14:58:29.734] [INFO] [embedded_mqtt_client.c:308] 数据项数量: 2
[2025-03-25 14:58:29.734] [INFO] [embedded_mqtt_client.c:328] 数据项 0 - addr: 0, val: 1.000000
[2025-03-25 14:58:29.735] [INFO] [embedded_mqtt_client.c:328] 数据项 1 - addr: 2, val: 1.000000
[2025-03-25 14:58:29.735] [INFO] [embedded_mqtt_client.c:199] 收到主题 [dataCenter/JSON/LD1/YX] 的消息
[2025-03-25 14:58:29.735] [INFO] [embedded_mqtt_client.c:231] 处理主题 [dataCenter/JSON/LD1/YX] 的数据
[2025-03-25 14:58:29.735] [DEBUG] [embedded_mqtt_client.c:565] 更新数据 - topic: dataCenter/JSON/LD1/YX, addr: 2, val: 1.000000
[2025-03-25 14:58:29.735] [INFO] [embedded_mqtt_client.c:261] 收到历史数据查询请求
[2025-03-25 14:58:29.735] [INFO] [embedded_mqtt_client.c:285] 查询历史数据 - 开始时间: 2025-03-25 13:58:00, 结束时间: 2025-03-25 14:58:00
[2025-03-25 14:58:29.737] [INFO] [xml_config_parser.cpp:380] 发送历史数据 - 记录数: 1
[2025-03-25 14:58:29.756] [INFO] [embedded_mqtt_client.c:306] 主题 [dataCenter/JSON/LD1/YX] 数据摘要:
[2025-03-25 14:58:29.756] [INFO] [embedded_mqtt_client.c:307] 时间戳: 2025-03-25 11:06:46.482
[2025-03-25 14:58:29.756] [INFO] [embedded_mqtt_client.c:308] 数据项数量: 2
[2025-03-25 14:58:29.756] [INFO] [embedded_mqtt_client.c:328] 数据项 0 - addr: 0, val: 1.000000
[2025-03-25 14:58:29.757] [INFO] [embedded_mqtt_client.c:328] 数据项 1 - addr: 2, val: 1.000000
[2025-03-25 14:58:29.757] [INFO] [embedded_mqtt_client.c:199] 收到主题 [dataCenter/JSON/LD1/YX] 的消息
[2025-03-25 14:58:29.757] [INFO] [embedded_mqtt_client.c:231] 处理主题 [dataCenter/JSON/LD1/YX] 的数据
[2025-03-25 14:58:29.757] [DEBUG] [embedded_mqtt_client.c:565] 更新数据 - topic: dataCenter/JSON/LD1/YX, addr: 2, val: 1.000000
[2025-03-25 14:58:29.757] [INFO] [embedded_mqtt_client.c:261] 收到历史数据查询请求
[2025-03-25 14:58:29.757] [INFO] [embedded_mqtt_client.c:285] 查询历史数据 - 开始时间: 2025-03-25 13:58:00, 结束时间: 2025-03-25 14:58:00
[2025-03-25 14:58:29.759] [INFO] [xml_config_parser.cpp:380] 发送历史数据 - 记录数: 1
[2025-03-25 14:58:29.778] [INFO] [embedded_mqtt_client.c:306] 主题 [dataCenter/JSON/LD1/YX] 数据摘要:
[2025-03-25 14:58:29.778] [INFO] [embedded_mqtt_client.c:307] 时间戳: 2025-03-25 11:06:46.482
[2025-03-25 14:58:29.778] [INFO] [embedded_mqtt_client.c:308] 数据项数量: 2
[2025-03-25 14:58:29.778] [INFO] [embedded_mqtt_client.c:328] 数据项 0 - addr: 0, val: 1.000000
[2025-03-25 14:58:29.778] [INFO] [embedded_mqtt_client.c:328] 数据项 1 - addr: 2, val: 1.000000
[2025-03-25 14:58:29.778] [INFO] [embedded_mqtt_client.c:199] 收到主题 [dataCenter/JSON/LD1/YX] 的消息
[2025-03-25 14:58:29.779] [INFO] [embedded_mqtt_client.c:231] 处理主题 [dataCenter/JSON/LD1/YX] 的数据
[2025-03-25 14:58:29.779] [DEBUG] [embedded_mqtt_client.c:565] 更新数据 - topic: dataCenter/JSON/LD1/YX, addr: 2, val: 1.000000
[2025-03-25 14:58:29.779] [INFO] [embedded_mqtt_client.c:261] 收到历史数据查询请求
[2025-03-25 14:58:29.779] [INFO] [embedded_mqtt_client.c:285] 查询历史数据 - 开始时间: 2025-03-25 13:58:00, 结束时间: 2025-03-25 14:58:00
[2025-03-25 14:58:29.781] [INFO] [xml_config_parser.cpp:380] 发送历史数据 - 记录数: 1
[2025-03-25 14:58:29.800] [INFO] [embedded_mqtt_client.c:306] 主题 [dataCenter/JSON/LD1/YX] 数据摘要:
[2025-03-25 14:58:29.800] [INFO] [embedded_mqtt_client.c:307] 时间戳: 2025-03-25 11:06:46.482
[2025-03-25 14:58:29.800] [INFO] [embedded_mqtt_client.c:308] 数据项数量: 2
[2025-03-25 14:58:29.800] [INFO] [embedded_mqtt_client.c:328] 数据项 0 - addr: 0, val: 1.000000
[2025-03-25 14:58:29.800] [INFO] [embedded_mqtt_client.c:328] 数据项 1 - addr: 2, val: 1.000000
[2025-03-25 14:58:29.801] [INFO] [embedded_mqtt_client.c:199] 收到主题 [dataCenter/JSON/LD1/YX] 的消息
[2025-03-25 14:58:29.801] [INFO] [embedded_mqtt_client.c:231] 处理主题 [dataCenter/JSON/LD1/YX] 的数据
[2025-03-25 14:58:29.801] [DEBUG] [embedded_mqtt_client.c:565] 更新数据 - topic: dataCenter/JSON/LD1/YX, addr: 2, val: 1.000000
[2025-03-25 14:58:29.801] [INFO] [embedded_mqtt_client.c:261] 收到历史数据查询请求
[2025-03-25 14:58:29.801] [INFO] [embedded_mqtt_client.c:285] 查询历史数据 - 开始时间: 2025-03-25 13:58:00, 结束时间: 2025-03-25 14:58:00
[2025-03-25 14:58:29.803] [INFO] [xml_config_parser.cpp:380] 发送历史数据 - 记录数: 1
[2025-03-25 14:58:29.822] [INFO] [embedded_mqtt_client.c:306] 主题 [dataCenter/JSON/LD1/YX] 数据摘要:
[2025-03-25 14:58:29.822] [INFO] [embedded_mqtt_client.c:307] 时间戳: 2025-03-25 11:06:46.482
[2025-03-25 14:58:29.822] [INFO] [embedded_mqtt_client.c:308] 数据项数量: 2
[2025-03-25 14:58:29.822] [INFO] [embedded_mqtt_client.c:328] 数据项 0 - addr: 0, val: 1.000000
[2025-03-25 14:58:29.822] [INFO] [embedded_mqtt_client.c:328] 数据项 1 - addr: 2, val: 1.000000
[2025-03-25 14:58:29.822] [INFO] [embedded_mqtt_client.c:199] 收到主题 [dataCenter/JSON/LD1/YX] 的消息
[2025-03-25 14:58:29.822] [INFO] [embedded_mqtt_client.c:231] 处理主题 [dataCenter/JSON/LD1/YX] 的数据
[2025-03-25 14:58:29.822] [DEBUG] [embedded_mqtt_client.c:565] 更新数据 - topic: dataCenter/JSON/LD1/YX, addr: 2, val: 1.000000
[2025-03-25 14:58:29.823] [INFO] [embedded_mqtt_client.c:261] 收到历史数据查询请求
[2025-03-25 14:58:29.823] [INFO] [embedded_mqtt_client.c:285] 查询历史数据 - 开始时间: 2025-03-25 13:58:00, 结束时间: 2025-03-25 14:58:00
[2025-03-25 14:58:29.825] [INFO] [xml_config_parser.cpp:380] 发送历史数据 - 记录数: 1
[2025-03-25 14:58:29.844] [INFO] [embedded_mqtt_client.c:306] 主题 [dataCenter/JSON/LD1/YX] 数据摘要:
[2025-03-25 14:58:29.844] [INFO] [embedded_mqtt_client.c:307] 时间戳: 2025-03-25 11:06:46.482
[2025-03-25 14:58:29.844] [INFO] [embedded_mqtt_client.c:308] 数据项数量: 2
[2025-03-25 14:58:29.844] [INFO] [embedded_mqtt_client.c:328] 数据项 0 - addr: 0, val: 1.000000
[2025-03-25 14:58:29.844] [INFO] [embedded_mqtt_client.c:328] 数据项 1 - addr: 2, val: 1.000000
[2025-03-25 14:58:29.844] [INFO] [embedded_mqtt_client.c:199] 收到主题 [dataCenter/JSON/LD1/YX] 的消息
[2025-03-25 14:58:29.844] [INFO] [embedded_mqtt_client.c:231] 处理主题 [dataCenter/JSON/LD1/YX] 的数据
[2025-03-25 14:58:29.844] [DEBUG] [embedded_mqtt_client.c:565] 更新数据 - topic: dataCenter/JSON/LD1/YX, addr: 2, val: 1.000000
[2025-03-25 14:58:29.844] [INFO] [embedded_mqtt_client.c:261] 收到历史数据查询请求
[2025-03-25 14:58:29.844] [INFO] [embedded_mqtt_client.c:285] 查询历史数据 - 开始时间: 2025-03-25 13:58:00, 结束时间: 2025-03-25 14:58:00
[2025-03-25 14:58:29.846] [INFO] [xml_config_parser.cpp:380] 发送历史数据 - 记录数: 1
[2025-03-25 14:58:29.866] [INFO] [embedded_mqtt_client.c:306] 主题 [dataCenter/JSON/LD1/YX] 数据摘要:
[2025-03-25 14:58:29.866] [INFO] [embedded_mqtt_client.c:307] 时间戳: 2025-03-25 11:06:46.482
[2025-03-25 14:58:29.866] [INFO] [embedded_mqtt_client.c:308] 数据项数量: 2
[2025-03-25 14:58:29.866] [INFO] [embedded_mqtt_client.c:328] 数据项 0 - addr: 0, val: 1.000000
[2025-03-25 14:58:29.866] [INFO] [embedded_mqtt_client.c:328] 数据项 1 - addr: 2, val: 1.000000
[2025-03-25 14:58:29.866] [INFO] [embedded_mqtt_client.c:199] 收到主题 [dataCenter/JSON/LD1/YX] 的消息
[2025-03-25 14:58:29.866] [INFO] [embedded_mqtt_client.c:231] 处理主题 [dataCenter/JSON/LD1/YX] 的数据
[2025-03-25 14:58:29.866] [DEBUG] [embedded_mqtt_client.c:565] 更新数据 - topic: dataCenter/JSON/LD1/YX, addr: 2, val: 1.000000
[2025-03-25 14:58:29.866] [INFO] [embedded_mqtt_client.c:261] 收到历史数据查询请求
[2025-03-25 14:58:29.866] [INFO] [embedded_mqtt_client.c:285] 查询历史数据 - 开始时间: 2025-03-25 13:58:00, 结束时间: 2025-03-25 14:58:00
[2025-03-25 14:58:29.868] [INFO] [xml_config_parser.cpp:380] 发送历史数据 - 记录数: 1
[2025-03-25 14:58:29.887] [INFO] [embedded_mqtt_client.c:306] 主题 [dataCenter/JSON/LD1/YX] 数据摘要:
[2025-03-25 14:58:29.888] [INFO] [embedded_mqtt_client.c:307] 时间戳: 2025-03-25 11:06:46.482
[2025-03-25 14:58:29.888] [INFO] [embedded_mqtt_client.c:308] 数据项数量: 2
[2025-03-25 14:58:29.888] [INFO] [embedded_mqtt_client.c:328] 数据项 0 - addr: 0, val: 1.000000
[2025-03-25 14:58:29.888] [INFO] [embedded_mqtt_client.c:328] 数据项 1 - addr: 2, val: 1.000000
[2025-03-25 14:58:29.888] [INFO] [embedded_mqtt_client.c:199] 收到主题 [dataCenter/JSON/LD1/YX] 的消息
[2025-03-25 14:58:29.888] [INFO] [embedded_mqtt_client.c:231] 处理主题 [dataCenter/JSON/LD1/YX] 的数据
[2025-03-25 14:58:29.888] [DEBUG] [embedded_mqtt_client.c:565] 更新数据 - topic: dataCenter/JSON/LD1/YX, addr: 2, val: 1.000000
[2025-03-25 14:58:29.888] [INFO] [embedded_mqtt_client.c:261] 收到历史数据查询请求
[2025-03-25 14:58:29.888] [INFO] [embedded_mqtt_client.c:285] 查询历史数据 - 开始时间: 2025-03-25 13:58:00, 结束时间: 2025-03-25 14:58:00
[2025-03-25 14:58:29.890] [INFO] [xml_config_parser.cpp:380] 发送历史数据 - 记录数: 1
[2025-03-25 14:58:29.910] [INFO] [embedded_mqtt_client.c:306] 主题 [dataCenter/JSON/LD1/YX] 数据摘要:
[2025-03-25 14:58:29.910] [INFO] [embedded_mqtt_client.c:307] 时间戳: 2025-03-25 11:06:46.482
[2025-03-25 14:58:29.910] [INFO] [embedded_mqtt_client.c:308] 数据项数量: 2
[2025-03-25 14:58:29.910] [INFO] [embedded_mqtt_client.c:328] 数据项 0 - addr: 0, val: 1.000000
[2025-03-25 14:58:29.910] [INFO] [embedded_mqtt_client.c:328] 数据项 1 - addr: 2, val: 1.000000
[2025-03-25 14:58:29.910] [INFO] [embedded_mqtt_client.c:199] 收到主题 [dataCenter/JSON/LD1/YX] 的消息
[2025-03-25 14:58:29.910] [INFO] [embedded_mqtt_client.c:231] 处理主题 [dataCenter/JSON/LD1/YX] 的数据
[2025-03-25 14:58:29.910] [DEBUG] [embedded_mqtt_client.c:565] 更新数据 - topic: dataCenter/JSON/LD1/YX, addr: 2, val: 1.000000
[2025-03-25 14:58:29.910] [INFO] [embedded_mqtt_client.c:261] 收到历史数据查询请求
[2025-03-25 14:58:29.910] [INFO] [embedded_mqtt_client.c:285] 查询历史数据 - 开始时间: 2025-03-25 13:58:00, 结束时间: 2025-03-25 14:58:00
[2025-03-25 14:58:29.912] [INFO] [xml_config_parser.cpp:380] 发送历史数据 - 记录数: 1
[2025-03-25 14:58:29.932] [INFO] [embedded_mqtt_client.c:306] 主题 [dataCenter/JSON/LD1/YX] 数据摘要:
[2025-03-25 14:58:29.932] [INFO] [embedded_mqtt_client.c:307] 时间戳: 2025-03-25 11:06:46.482
[2025-03-25 14:58:29.932] [INFO] [embedded_mqtt_client.c:308] 数据项数量: 2
[2025-03-25 14:58:29.932] [INFO] [embedded_mqtt_client.c:328] 数据项 0 - addr: 0, val: 1.000000
[2025-03-25 14:58:29.932] [INFO] [embedded_mqtt_client.c:328] 数据项 1 - addr: 2, val: 1.000000
[2025-03-25 14:58:29.932] [INFO] [embedded_mqtt_client.c:199] 收到主题 [dataCenter/JSON/LD1/YX] 的消息
[2025-03-25 14:58:29.932] [INFO] [embedded_mqtt_client.c:231] 处理主题 [dataCenter/JSON/LD1/YX] 的数据
[2025-03-25 14:58:29.932] [DEBUG] [embedded_mqtt_client.c:565] 更新数据 - topic: dataCenter/JSON/LD1/YX, addr: 2, val: 1.000000
[2025-03-25 14:58:29.932] [INFO] [embedded_mqtt_client.c:261] 收到历史数据查询请求
[2025-03-25 14:58:29.932] [INFO] [embedded_mqtt_client.c:285] 查询历史数据 - 开始时间: 2025-03-25 13:58:00, 结束时间: 2025-03-25 14:58:00
[2025-03-25 14:58:29.934] [INFO] [xml_config_parser.cpp:380] 发送历史数据 - 记录数: 1
[2025-03-25 14:58:29.954] [INFO] [embedded_mqtt_client.c:306] 主题 [dataCenter/JSON/LD1/YX] 数据摘要:
[2025-03-25 14:58:29.954] [INFO] [embedded_mqtt_client.c:307] 时间戳: 2025-03-25 11:06:46.482
[2025-03-25 14:58:29.954] [INFO] [embedded_mqtt_client.c:308] 数据项数量: 2
[2025-03-25 14:58:29.954] [INFO] [embedded_mqtt_client.c:328] 数据项 0 - addr: 0, val: 1.000000
[2025-03-25 14:58:29.955] [INFO] [embedded_mqtt_client.c:328] 数据项 1 - addr: 2, val: 1.000000
[2025-03-25 14:58:29.955] [INFO] [embedded_mqtt_client.c:199] 收到主题 [dataCenter/JSON/LD1/YX] 的消息
[2025-03-25 14:58:29.955] [INFO] [embedded_mqtt_client.c:231] 处理主题 [dataCenter/JSON/LD1/YX] 的数据
[2025-03-25 14:58:29.955] [DEBUG] [embedded_mqtt_client.c:565] 更新数据 - topic: dataCenter/JSON/LD1/YX, addr: 2, val: 1.000000
[2025-03-25 14:58:29.955] [INFO] [embedded_mqtt_client.c:261] 收到历史数据查询请求
[2025-03-25 14:58:29.955] [INFO] [embedded_mqtt_client.c:285] 查询历史数据 - 开始时间: 2025-03-25 13:58:00, 结束时间: 2025-03-25 14:58:00
[2025-03-25 14:58:29.957] [INFO] [xml_config_parser.cpp:380] 发送历史数据 - 记录数: 1
[2025-03-25 14:58:29.976] [INFO] [embedded_mqtt_client.c:306] 主题 [dataCenter/JSON/LD1/YX] 数据摘要:
[2025-03-25 14:58:29.976] [INFO] [embedded_mqtt_client.c:307] 时间戳: 2025-03-25 11:06:46.482
[2025-03-25 14:58:29.976] [INFO] [embedded_mqtt_client.c:308] 数据项数量: 2
[2025-03-25 14:58:29.976] [INFO] [embedded_mqtt_client.c:328] 数据项 0 - addr: 0, val: 1.000000
[2025-03-25 14:58:29.976] [INFO] [embedded_mqtt_client.c:328] 数据项 1 - addr: 2, val: 1.000000
[2025-03-25 14:58:29.976] [INFO] [embedded_mqtt_client.c:199] 收到主题 [dataCenter/JSON/LD1/YX] 的消息
[2025-03-25 14:58:29.977] [INFO] [embedded_mqtt_client.c:231] 处理主题 [dataCenter/JSON/LD1/YX] 的数据
[2025-03-25 14:58:29.977] [DEBUG] [embedded_mqtt_client.c:565] 更新数据 - topic: dataCenter/JSON/LD1/YX, addr: 2, val: 1.000000
[2025-03-25 14:58:29.977] [INFO] [embedded_mqtt_client.c:261] 收到历史数据查询请求
[2025-03-25 14:58:29.977] [INFO] [embedded_mqtt_client.c:285] 查询历史数据 - 开始时间: 2025-03-25 13:58:00, 结束时间: 2025-03-25 14:58:00
[2025-03-25 14:58:29.979] [INFO] [xml_config_parser.cpp:380] 发送历史数据 - 记录数: 1
[2025-03-25 14:58:29.998] [INFO] [embedded_mqtt_client.c:306] 主题 [dataCenter/JSON/LD1/YX] 数据摘要:
[2025-03-25 14:58:29.998] [INFO] [embedded_mqtt_client.c:307] 时间戳: 2025-03-25 11:06:46.482
[2025-03-25 14:58:29.998] [INFO] [embedded_mqtt_client.c:308] 数据项数量: 2
[2025-03-25 14:58:29.998] [INFO] [embedded_mqtt_client.c:328] 数据项 0 - addr: 0, val: 1.000000
[2025-03-25 14:58:29.998] [INFO] [embedded_mqtt_client.c:328] 数据项 1 - addr: 2, val: 1.000000
[2025-03-25 14:58:29.998] [INFO] [embedded_mqtt_client.c:199] 收到主题 [dataCenter/JSON/LD1/YX] 的消息
[2025-03-25 14:58:29.998] [INFO] [embedded_mqtt_client.c:231] 处理主题 [dataCenter/JSON/LD1/YX] 的数据
[2025-03-25 14:58:29.998] [DEBUG] [embedded_mqtt_client.c:565] 更新数据 - topic: dataCenter/JSON/LD1/YX, addr: 2, val: 1.000000
[2025-03-25 14:58:29.998] [INFO] [embedded_mqtt_client.c:261] 收到历史数据查询请求
[2025-03-25 14:58:29.998] [INFO] [embedded_mqtt_client.c:285] 查询历史数据 - 开始时间: 2025-03-25 13:58:00, 结束时间: 2025-03-25 14:58:00
[2025-03-25 14:58:30.000] [INFO] [xml_config_parser.cpp:380] 发送历史数据 - 记录数: 1
[2025-03-25 14:58:30.020] [INFO] [embedded_mqtt_client.c:306] 主题 [dataCenter/JSON/LD1/YX] 数据摘要:
[2025-03-25 14:58:30.020] [INFO] [embedded_mqtt_client.c:307] 时间戳: 2025-03-25 11:06:46.482
[2025-03-25 14:58:30.020] [INFO] [embedded_mqtt_client.c:308] 数据项数量: 2
[2025-03-25 14:58:30.020] [INFO] [embedded_mqtt_client.c:328] 数据项 0 - addr: 0, val: 1.000000
[2025-03-25 14:58:30.020] [INFO] [embedded_mqtt_client.c:328] 数据项 1 - addr: 2, val: 1.000000
[2025-03-25 14:58:30.020] [INFO] [embedded_mqtt_client.c:199] 收到主题 [dataCenter/JSON/LD1/YX] 的消息
[2025-03-25 14:58:30.020] [INFO] [embedded_mqtt_client.c:231] 处理主题 [dataCenter/JSON/LD1/YX] 的数据
[2025-03-25 14:58:30.020] [DEBUG] [embedded_mqtt_client.c:565] 更新数据 - topic: dataCenter/JSON/LD1/YX, addr: 2, val: 1.000000
[2025-03-25 14:58:30.020] [INFO] [embedded_mqtt_client.c:261] 收到历史数据查询请求
[2025-03-25 14:58:30.020] [INFO] [embedded_mqtt_client.c:285] 查询历史数据 - 开始时间: 2025-03-25 13:58:00, 结束时间: 2025-03-25 14:58:00
[2025-03-25 14:58:30.022] [INFO] [xml_config_parser.cpp:380] 发送历史数据 - 记录数: 1
[2025-03-25 14:58:30.042] [INFO] [embedded_mqtt_client.c:306] 主题 [dataCenter/JSON/LD1/YX] 数据摘要:
[2025-03-25 14:58:30.042] [INFO] [embedded_mqtt_client.c:307] 时间戳: 2025-03-25 11:06:46.482
[2025-03-25 14:58:30.042] [INFO] [embedded_mqtt_client.c:308] 数据项数量: 2
[2025-03-25 14:58:30.042] [INFO] [embedded_mqtt_client.c:328] 数据项 0 - addr: 0, val: 1.000000
[2025-03-25 14:58:30.042] [INFO] [embedded_mqtt_client.c:328] 数据项 1 - addr: 2, val: 1.000000
[2025-03-25 14:58:30.042] [INFO] [embedded_mqtt_client.c:199] 收到主题 [dataCenter/JSON/LD1/YX] 的消息
[2025-03-25 14:58:30.042] [INFO] [embedded_mqtt_client.c:231] 处理主题 [dataCenter/JSON/LD1/YX] 的数据
[2025-03-25 14:58:30.042] [DEBUG] [embedded_mqtt_client.c:565] 更新数据 - topic: dataCenter/JSON/LD1/YX, addr: 2, val: 1.000000
[2025-03-25 14:58:30.043] [INFO] [embedded_mqtt_client.c:261] 收到历史数据查询请求
[2025-03-25 14:58:30.043] [INFO] [embedded_mqtt_client.c:285] 查询历史数据 - 开始时间: 2025-03-25 13:58:00, 结束时间: 2025-03-25 14:58:00
[2025-03-25 14:58:30.045] [INFO] [xml_config_parser.cpp:380] 发送历史数据 - 记录数: 1
[2025-03-25 14:58:30.064] [INFO] [embedded_mqtt_client.c:306] 主题 [dataCenter/JSON/LD1/YX] 数据摘要:
[2025-03-25 14:58:30.064] [INFO] [embedded_mqtt_client.c:307] 时间戳: 2025-03-25 11:06:46.482
[2025-03-25 14:58:30.064] [INFO] [embedded_mqtt_client.c:308] 数据项数量: 2
[2025-03-25 14:58:30.064] [INFO] [embedded_mqtt_client.c:328] 数据项 0 - addr: 0, val: 1.000000
[2025-03-25 14:58:30.064] [INFO] [embedded_mqtt_client.c:328] 数据项 1 - addr: 2, val: 1.000000
[2025-03-25 14:58:30.065] [INFO] [embedded_mqtt_client.c:199] 收到主题 [dataCenter/JSON/LD1/YX] 的消息
[2025-03-25 14:58:30.065] [INFO] [embedded_mqtt_client.c:231] 处理主题 [dataCenter/JSON/LD1/YX] 的数据
[2025-03-25 14:58:30.065] [DEBUG] [embedded_mqtt_client.c:565] 更新数据 - topic: dataCenter/JSON/LD1/YX, addr: 2, val: 1.000000
[2025-03-25 14:58:30.065] [INFO] [embedded_mqtt_client.c:261] 收到历史数据查询请求
[2025-03-25 14:58:30.065] [INFO] [embedded_mqtt_client.c:285] 查询历史数据 - 开始时间: 2025-03-25 13:58:00, 结束时间: 2025-03-25 14:58:00
[2025-03-25 14:58:30.067] [INFO] [xml_config_parser.cpp:380] 发送历史数据 - 记录数: 1
[2025-03-25 14:58:30.086] [INFO] [embedded_mqtt_client.c:306] 主题 [dataCenter/JSON/LD1/YX] 数据摘要:
[2025-03-25 14:58:30.086] [INFO] [embedded_mqtt_client.c:307] 时间戳: 2025-03-25 11:06:46.482
[2025-03-25 14:58:30.086] [INFO] [embedded_mqtt_client.c:308] 数据项数量: 2
[2025-03-25 14:58:30.086] [INFO] [embedded_mqtt_client.c:328] 数据项 0 - addr: 0, val: 1.000000
[2025-03-25 14:58:30.087] [INFO] [embedded_mqtt_client.c:328] 数据项 1 - addr: 2, val: 1.000000
[2025-03-25 14:58:30.087] [INFO] [embedded_mqtt_client.c:199] 收到主题 [dataCenter/JSON/LD1/YX] 的消息
[2025-03-25 14:58:30.087] [INFO] [embedded_mqtt_client.c:231] 处理主题 [dataCenter/JSON/LD1/YX] 的数据
[2025-03-25 14:58:30.087] [DEBUG] [embedded_mqtt_client.c:565] 更新数据 - topic: dataCenter/JSON/LD1/YX, addr: 2, val: 1.000000
[2025-03-25 14:58:30.087] [INFO] [embedded_mqtt_client.c:261] 收到历史数据查询请求
[2025-03-25 14:58:30.087] [INFO] [embedded_mqtt_client.c:285] 查询历史数据 - 开始时间: 2025-03-25 13:58:00, 结束时间: 2025-03-25 14:58:00
[2025-03-25 14:58:30.089] [INFO] [xml_config_parser.cpp:380] 发送历史数据 - 记录数: 1
[2025-03-25 14:58:30.108] [INFO] [embedded_mqtt_client.c:306] 主题 [dataCenter/JSON/LD1/YX] 数据摘要:
[2025-03-25 14:58:30.108] [INFO] [embedded_mqtt_client.c:307] 时间戳: 2025-03-25 11:06:46.482
[2025-03-25 14:58:30.108] [INFO] [embedded_mqtt_client.c:308] 数据项数量: 2
[2025-03-25 14:58:30.108] [INFO] [embedded_mqtt_client.c:328] 数据项 0 - addr: 0, val: 1.000000
[2025-03-25 14:58:30.108] [INFO] [embedded_mqtt_client.c:328] 数据项 1 - addr: 2, val: 1.000000
[2025-03-25 14:58:30.108] [INFO] [embedded_mqtt_client.c:199] 收到主题 [dataCenter/JSON/LD1/YX] 的消息
[2025-03-25 14:58:30.109] [INFO] [embedded_mqtt_client.c:231] 处理主题 [dataCenter/JSON/LD1/YX] 的数据
[2025-03-25 14:58:30.109] [DEBUG] [embedded_mqtt_client.c:565] 更新数据 - topic: dataCenter/JSON/LD1/YX, addr: 2, val: 1.000000
[2025-03-25 14:58:30.109] [INFO] [embedded_mqtt_client.c:261] 收到历史数据查询请求
[2025-03-25 14:58:30.109] [INFO] [embedded_mqtt_client.c:285] 查询历史数据 - 开始时间: 2025-03-25 13:58:00, 结束时间: 2025-03-25 14:58:00
[2025-03-25 14:58:30.111] [INFO] [xml_config_parser.cpp:380] 发送历史数据 - 记录数: 1
[2025-03-25 14:58:30.130] [INFO] [embedded_mqtt_client.c:306] 主题 [dataCenter/JSON/LD1/YX] 数据摘要:
[2025-03-25 14:58:30.130] [INFO] [embedded_mqtt_client.c:307] 时间戳: 2025-03-25 11:06:46.482
[2025-03-25 14:58:30.131] [INFO] [embedded_mqtt_client.c:308] 数据项数量: 2
[2025-03-25 14:58:30.131] [INFO] [embedded_mqtt_client.c:328] 数据项 0 - addr: 0, val: 1.000000
[2025-03-25 14:58:30.131] [INFO] [embedded_mqtt_client.c:328] 数据项 1 - addr: 2, val: 1.000000
[2025-03-25 14:58:30.131] [INFO] [embedded_mqtt_client.c:199] 收到主题 [dataCenter/JSON/LD1/YX] 的消息
[2025-03-25 14:58:30.131] [INFO] [embedded_mqtt_client.c:231] 处理主题 [dataCenter/JSON/LD1/YX] 的数据
[2025-03-25 14:58:30.131] [DEBUG] [embedded_mqtt_client.c:565] 更新数据 - topic: dataCenter/JSON/LD1/YX, addr: 2, val: 1.000000
[2025-03-25 14:58:30.131] [INFO] [embedded_mqtt_client.c:261] 收到历史数据查询请求
[2025-03-25 14:58:30.131] [INFO] [embedded_mqtt_client.c:285] 查询历史数据 - 开始时间: 2025-03-25 13:58:00, 结束时间: 2025-03-25 14:58:00
[2025-03-25 14:58:30.133] [INFO] [xml_config_parser.cpp:380] 发送历史数据 - 记录数: 1
[2025-03-25 14:58:30.152] [INFO] [embedded_mqtt_client.c:306] 主题 [dataCenter/JSON/LD1/YX] 数据摘要:
[2025-03-25 14:58:30.152] [INFO] [embedded_mqtt_client.c:307] 时间戳: 2025-03-25 11:06:46.482
[2025-03-25 14:58:30.152] [INFO] [embedded_mqtt_client.c:308] 数据项数量: 2
[2025-03-25 14:58:30.152] [INFO] [embedded_mqtt_client.c:328] 数据项 0 - addr: 0, val: 1.000000
[2025-03-25 14:58:30.152] [INFO] [embedded_mqtt_client.c:328] 数据项 1 - addr: 2, val: 1.000000
[2025-03-25 14:58:30.152] [INFO] [embedded_mqtt_client.c:199] 收到主题 [dataCenter/JSON/LD1/YX] 的消息
[2025-03-25 14:58:30.153] [INFO] [embedded_mqtt_client.c:231] 处理主题 [dataCenter/JSON/LD1/YX] 的数据
[2025-03-25 14:58:30.153] [DEBUG] [embedded_mqtt_client.c:565] 更新数据 - topic: dataCenter/JSON/LD1/YX, addr: 2, val: 1.000000
[2025-03-25 14:58:30.153] [INFO] [embedded_mqtt_client.c:261] 收到历史数据查询请求
[2025-03-25 14:58:30.153] [INFO] [embedded_mqtt_client.c:285] 查询历史数据 - 开始时间: 2025-03-25 13:58:00, 结束时间: 2025-03-25 14:58:00
[2025-03-25 14:58:30.155] [INFO] [xml_config_parser.cpp:380] 发送历史数据 - 记录数: 1
[2025-03-25 14:58:30.174] [INFO] [embedded_mqtt_client.c:306] 主题 [dataCenter/JSON/LD1/YX] 数据摘要:
[2025-03-25 14:58:30.174] [INFO] [embedded_mqtt_client.c:307] 时间戳: 2025-03-25 11:06:46.482
[2025-03-25 14:58:30.174] [INFO] [embedded_mqtt_client.c:308] 数据项数量: 2
[2025-03-25 14:58:30.174] [INFO] [embedded_mqtt_client.c:328] 数据项 0 - addr: 0, val: 1.000000
[2025-03-25 14:58:30.174] [INFO] [embedded_mqtt_client.c:328] 数据项 1 - addr: 2, val: 1.000000
[2025-03-25 14:58:30.174] [INFO] [embedded_mqtt_client.c:199] 收到主题 [dataCenter/JSON/LD1/YX] 的消息
[2025-03-25 14:58:30.174] [INFO] [embedded_mqtt_client.c:231] 处理主题 [dataCenter/JSON/LD1/YX] 的数据
[2025-03-25 14:58:30.174] [DEBUG] [embedded_mqtt_client.c:565] 更新数据 - topic: dataCenter/JSON/LD1/YX, addr: 2, val: 1.000000
[2025-03-25 14:58:30.174] [INFO] [embedded_mqtt_client.c:261] 收到历史数据查询请求
[2025-03-25 14:58:30.174] [INFO] [embedded_mqtt_client.c:285] 查询历史数据 - 开始时间: 2025-03-25 13:58:00, 结束时间: 2025-03-25 14:58:00
[2025-03-25 14:58:30.176] [INFO] [xml_config_parser.cpp:380] 发送历史数据 - 记录数: 1
[2025-03-25 14:58:30.196] [INFO] [embedded_mqtt_client.c:306] 主题 [dataCenter/JSON/LD1/YX] 数据摘要:
[2025-03-25 14:58:30.196] [INFO] [embedded_mqtt_client.c:307] 时间戳: 2025-03-25 11:06:46.482
[2025-03-25 14:58:30.196] [INFO] [embedded_mqtt_client.c:308] 数据项数量: 2
[2025-03-25 14:58:30.196] [INFO] [embedded_mqtt_client.c:328] 数据项 0 - addr: 0, val: 1.000000
[2025-03-25 14:58:30.196] [INFO] [embedded_mqtt_client.c:328] 数据项 1 - addr: 2, val: 1.000000
[2025-03-25 14:58:30.196] [INFO] [embedded_mqtt_client.c:199] 收到主题 [dataCenter/JSON/LD1/YX] 的消息
[2025-03-25 14:58:30.196] [INFO] [embedded_mqtt_client.c:231] 处理主题 [dataCenter/JSON/LD1/YX] 的数据
[2025-03-25 14:58:30.196] [DEBUG] [embedded_mqtt_client.c:565] 更新数据 - topic: dataCenter/JSON/LD1/YX, addr: 2, val: 1.000000
[2025-03-25 14:58:30.196] [INFO] [embedded_mqtt_client.c:261] 收到历史数据查询请求
[2025-03-25 14:58:30.197] [INFO] [embedded_mqtt_client.c:285] 查询历史数据 - 开始时间: 2025-03-25 13:58:00, 结束时间: 2025-03-25 14:58:00
[2025-03-25 14:58:30.198] [INFO] [xml_config_parser.cpp:380] 发送历史数据 - 记录数: 1
[2025-03-25 14:58:30.218] [INFO] [embedded_mqtt_client.c:306] 主题 [dataCenter/JSON/LD1/YX] 数据摘要:
[2025-03-25 14:58:30.218] [INFO] [embedded_mqtt_client.c:307] 时间戳: 2025-03-25 11:06:46.482
[2025-03-25 14:58:30.218] [INFO] [embedded_mqtt_client.c:308] 数据项数量: 2
[2025-03-25 14:58:30.218] [INFO] [embedded_mqtt_client.c:328] 数据项 0 - addr: 0, val: 1.000000
[2025-03-25 14:58:30.218] [INFO] [embedded_mqtt_client.c:328] 数据项 1 - addr: 2, val: 1.000000
[2025-03-25 14:58:30.218] [INFO] [embedded_mqtt_client.c:199] 收到主题 [dataCenter/JSON/LD1/YX] 的消息
[2025-03-25 14:58:30.218] [INFO] [embedded_mqtt_client.c:231] 处理主题 [dataCenter/JSON/LD1/YX] 的数据
[2025-03-25 14:58:30.218] [DEBUG] [embedded_mqtt_client.c:565] 更新数据 - topic: dataCenter/JSON/LD1/YX, addr: 2, val: 1.000000
[2025-03-25 14:58:30.218] [INFO] [embedded_mqtt_client.c:261] 收到历史数据查询请求
[2025-03-25 14:58:30.218] [INFO] [embedded_mqtt_client.c:285] 查询历史数据 - 开始时间: 2025-03-25 13:58:00, 结束时间: 2025-03-25 14:58:00
[2025-03-25 14:58:30.220] [INFO] [xml_config_parser.cpp:380] 发送历史数据 - 记录数: 1
[2025-03-25 14:58:30.239] [INFO] [embedded_mqtt_client.c:306] 主题 [dataCenter/JSON/LD1/YX] 数据摘要:
[2025-03-25 14:58:30.240] [INFO] [embedded_mqtt_client.c:307] 时间戳: 2025-03-25 11:06:46.482
[2025-03-25 14:58:30.240] [INFO] [embedded_mqtt_client.c:308] 数据项数量: 2
[2025-03-25 14:58:30.240] [INFO] [embedded_mqtt_client.c:328] 数据项 0 - addr: 0, val: 1.000000
[2025-03-25 14:58:30.240] [INFO] [embedded_mqtt_client.c:328] 数据项 1 - addr: 2, val: 1.000000
[2025-03-25 14:58:30.240] [INFO] [embedded_mqtt_client.c:199] 收到主题 [dataCenter/JSON/LD1/YX] 的消息
[2025-03-25 14:58:30.240] [INFO] [embedded_mqtt_client.c:231] 处理主题 [dataCenter/JSON/LD1/YX] 的数据
[2025-03-25 14:58:30.240] [DEBUG] [embedded_mqtt_client.c:565] 更新数据 - topic: dataCenter/JSON/LD1/YX, addr: 2, val: 1.000000
[2025-03-25 14:58:30.240] [INFO] [embedded_mqtt_client.c:261] 收到历史数据查询请求
[2025-03-25 14:58:30.240] [INFO] [embedded_mqtt_client.c:285] 查询历史数据 - 开始时间: 2025-03-25 13:58:00, 结束时间: 2025-03-25 14:58:00
[2025-03-25 14:58:30.242] [INFO] [xml_config_parser.cpp:380] 发送历史数据 - 记录数: 1
[2025-03-25 14:58:30.262] [INFO] [embedded_mqtt_client.c:306] 主题 [dataCenter/JSON/LD1/YX] 数据摘要:
[2025-03-25 14:58:30.262] [INFO] [embedded_mqtt_client.c:307] 时间戳: 2025-03-25 11:06:46.482
[2025-03-25 14:58:30.262] [INFO] [embedded_mqtt_client.c:308] 数据项数量: 2
[2025-03-25 14:58:30.262] [INFO] [embedded_mqtt_client.c:328] 数据项 0 - addr: 0, val: 1.000000
[2025-03-25 14:58:30.262] [INFO] [embedded_mqtt_client.c:328] 数据项 1 - addr: 2, val: 1.000000
[2025-03-25 14:58:30.262] [INFO] [embedded_mqtt_client.c:199] 收到主题 [dataCenter/JSON/LD1/YX] 的消息
[2025-03-25 14:58:30.262] [INFO] [embedded_mqtt_client.c:231] 处理主题 [dataCenter/JSON/LD1/YX] 的数据
[2025-03-25 14:58:30.262] [DEBUG] [embedded_mqtt_client.c:565] 更新数据 - topic: dataCenter/JSON/LD1/YX, addr: 2, val: 1.000000
[2025-03-25 14:58:30.262] [INFO] [embedded_mqtt_client.c:261] 收到历史数据查询请求
[2025-03-25 14:58:30.262] [INFO] [embedded_mqtt_client.c:285] 查询历史数据 - 开始时间: 2025-03-25 13:58:00, 结束时间: 2025-03-25 14:58:00
[2025-03-25 14:58:30.264] [INFO] [xml_config_parser.cpp:380] 发送历史数据 - 记录数: 1
[2025-03-25 14:58:30.283] [INFO] [embedded_mqtt_client.c:306] 主题 [dataCenter/JSON/LD1/YX] 数据摘要:
[2025-03-25 14:58:30.284] [INFO] [embedded_mqtt_client.c:307] 时间戳: 2025-03-25 11:06:46.482
[2025-03-25 14:58:30.284] [INFO] [embedded_mqtt_client.c:308] 数据项数量: 2
[2025-03-25 14:58:30.284] [INFO] [embedded_mqtt_client.c:328] 数据项 0 - addr: 0, val: 1.000000
[2025-03-25 14:58:30.284] [INFO] [embedded_mqtt_client.c:328] 数据项 1 - addr: 2, val: 1.000000
[2025-03-25 14:58:30.284] [INFO] [embedded_mqtt_client.c:199] 收到主题 [dataCenter/JSON/LD1/YX] 的消息
[2025-03-25 14:58:30.284] [INFO] [embedded_mqtt_client.c:231] 处理主题 [dataCenter/JSON/LD1/YX] 的数据
[2025-03-25 14:58:30.284] [DEBUG] [embedded_mqtt_client.c:565] 更新数据 - topic: dataCenter/JSON/LD1/YX, addr: 2, val: 1.000000
[2025-03-25 14:58:30.284] [INFO] [embedded_mqtt_client.c:261] 收到历史数据查询请求
[2025-03-25 14:58:30.284] [INFO] [embedded_mqtt_client.c:285] 查询历史数据 - 开始时间: 2025-03-25 13:58:00, 结束时间: 2025-03-25 14:58:00
[2025-03-25 14:58:30.286] [INFO] [xml_config_parser.cpp:380] 发送历史数据 - 记录数: 1
[2025-03-25 14:58:30.306] [INFO] [embedded_mqtt_client.c:306] 主题 [dataCenter/JSON/LD1/YX] 数据摘要:
[2025-03-25 14:58:30.307] [INFO] [embedded_mqtt_client.c:307] 时间戳: 2025-03-25 11:06:46.482
[2025-03-25 14:58:30.307] [INFO] [embedded_mqtt_client.c:308] 数据项数量: 2
[2025-03-25 14:58:30.307] [INFO] [embedded_mqtt_client.c:328] 数据项 0 - addr: 0, val: 1.000000
[2025-03-25 14:58:30.307] [INFO] [embedded_mqtt_client.c:328] 数据项 1 - addr: 2, val: 1.000000
[2025-03-25 14:58:30.307] [INFO] [embedded_mqtt_client.c:199] 收到主题 [dataCenter/JSON/LD1/YX] 的消息
[2025-03-25 14:58:30.307] [INFO] [embedded_mqtt_client.c:231] 处理主题 [dataCenter/JSON/LD1/YX] 的数据
[2025-03-25 14:58:30.307] [DEBUG] [embedded_mqtt_client.c:565] 更新数据 - topic: dataCenter/JSON/LD1/YX, addr: 2, val: 1.000000
[2025-03-25 14:58:30.307] [INFO] [embedded_mqtt_client.c:261] 收到历史数据查询请求
[2025-03-25 14:58:30.307] [INFO] [embedded_mqtt_client.c:285] 查询历史数据 - 开始时间: 2025-03-25 13:58:00, 结束时间: 2025-03-25 14:58:00
[2025-03-25 14:58:30.309] [INFO] [xml_config_parser.cpp:380] 发送历史数据 - 记录数: 1
[2025-03-25 14:58:30.328] [INFO] [embedded_mqtt_client.c:306] 主题 [dataCenter/JSON/LD1/YX] 数据摘要:
[2025-03-25 14:58:30.329] [INFO] [embedded_mqtt_client.c:307] 时间戳: 2025-03-25 11:06:46.482
[2025-03-25 14:58:30.329] [INFO] [embedded_mqtt_client.c:308] 数据项数量: 2
[2025-03-25 14:58:30.329] [INFO] [embedded_mqtt_client.c:328] 数据项 0 - addr: 0, val: 1.000000
[2025-03-25 14:58:30.329] [INFO] [embedded_mqtt_client.c:328] 数据项 1 - addr: 2, val: 1.000000
[2025-03-25 14:58:30.329] [INFO] [embedded_mqtt_client.c:199] 收到主题 [dataCenter/JSON/LD1/YX] 的消息
[2025-03-25 14:58:30.329] [INFO] [embedded_mqtt_client.c:231] 处理主题 [dataCenter/JSON/LD1/YX] 的数据
[2025-03-25 14:58:30.329] [DEBUG] [embedded_mqtt_client.c:565] 更新数据 - topic: dataCenter/JSON/LD1/YX, addr: 2, val: 1.000000
[2025-03-25 14:58:30.329] [INFO] [embedded_mqtt_client.c:261] 收到历史数据查询请求
[2025-03-25 14:58:30.329] [INFO] [embedded_mqtt_client.c:285] 查询历史数据 - 开始时间: 2025-03-25 13:58:00, 结束时间: 2025-03-25 14:58:00
[2025-03-25 14:58:30.331] [INFO] [xml_config_parser.cpp:380] 发送历史数据 - 记录数: 1
[2025-03-25 14:58:30.351] [INFO] [embedded_mqtt_client.c:306] 主题 [dataCenter/JSON/LD1/YX] 数据摘要:
[2025-03-25 14:58:30.351] [INFO] [embedded_mqtt_client.c:307] 时间戳: 2025-03-25 11:06:46.482
[2025-03-25 14:58:30.351] [INFO] [embedded_mqtt_client.c:308] 数据项数量: 2
[2025-03-25 14:58:30.351] [INFO] [embedded_mqtt_client.c:328] 数据项 0 - addr: 0, val: 1.000000
[2025-03-25 14:58:30.351] [INFO] [embedded_mqtt_client.c:328] 数据项 1 - addr: 2, val: 1.000000
[2025-03-25 14:58:30.351] [INFO] [embedded_mqtt_client.c:199] 收到主题 [dataCenter/JSON/LD1/YX] 的消息
[2025-03-25 14:58:30.351] [INFO] [embedded_mqtt_client.c:231] 处理主题 [dataCenter/JSON/LD1/YX] 的数据
[2025-03-25 14:58:30.351] [DEBUG] [embedded_mqtt_client.c:565] 更新数据 - topic: dataCenter/JSON/LD1/YX, addr: 2, val: 1.000000
[2025-03-25 14:58:30.351] [INFO] [embedded_mqtt_client.c:261] 收到历史数据查询请求
[2025-03-25 14:58:30.352] [INFO] [embedded_mqtt_client.c:285] 查询历史数据 - 开始时间: 2025-03-25 13:58:00, 结束时间: 2025-03-25 14:58:00
[2025-03-25 14:58:30.354] [INFO] [xml_config_parser.cpp:380] 发送历史数据 - 记录数: 1
[2025-03-25 14:58:30.373] [INFO] [embedded_mqtt_client.c:306] 主题 [dataCenter/JSON/LD1/YX] 数据摘要:
[2025-03-25 14:58:30.373] [INFO] [embedded_mqtt_client.c:307] 时间戳: 2025-03-25 11:06:46.482
[2025-03-25 14:58:30.373] [INFO] [embedded_mqtt_client.c:308] 数据项数量: 2
[2025-03-25 14:58:30.373] [INFO] [embedded_mqtt_client.c:328] 数据项 0 - addr: 0, val: 1.000000
[2025-03-25 14:58:30.373] [INFO] [embedded_mqtt_client.c:328] 数据项 1 - addr: 2, val: 1.000000
[2025-03-25 14:58:30.373] [INFO] [embedded_mqtt_client.c:199] 收到主题 [dataCenter/JSON/LD1/YX] 的消息
[2025-03-25 14:58:30.373] [INFO] [embedded_mqtt_client.c:231] 处理主题 [dataCenter/JSON/LD1/YX] 的数据
[2025-03-25 14:58:30.373] [DEBUG] [embedded_mqtt_client.c:565] 更新数据 - topic: dataCenter/JSON/LD1/YX, addr: 2, val: 1.000000
[2025-03-25 14:58:30.373] [INFO] [embedded_mqtt_client.c:261] 收到历史数据查询请求
[2025-03-25 14:58:30.373] [INFO] [embedded_mqtt_client.c:285] 查询历史数据 - 开始时间: 2025-03-25 13:58:00, 结束时间: 2025-03-25 14:58:00
[2025-03-25 14:58:30.375] [INFO] [xml_config_parser.cpp:380] 发送历史数据 - 记录数: 1
[2025-03-25 14:58:30.395] [INFO] [embedded_mqtt_client.c:306] 主题 [dataCenter/JSON/LD1/YX] 数据摘要:
[2025-03-25 14:58:30.395] [INFO] [embedded_mqtt_client.c:307] 时间戳: 2025-03-25 11:06:46.482
[2025-03-25 14:58:30.395] [INFO] [embedded_mqtt_client.c:308] 数据项数量: 2
[2025-03-25 14:58:30.395] [INFO] [embedded_mqtt_client.c:328] 数据项 0 - addr: 0, val: 1.000000
[2025-03-25 14:58:30.395] [INFO] [embedded_mqtt_client.c:328] 数据项 1 - addr: 2, val: 1.000000
[2025-03-25 14:58:30.395] [INFO] [embedded_mqtt_client.c:199] 收到主题 [dataCenter/JSON/LD1/YX] 的消息
[2025-03-25 14:58:30.395] [INFO] [embedded_mqtt_client.c:231] 处理主题 [dataCenter/JSON/LD1/YX] 的数据
[2025-03-25 14:58:30.395] [DEBUG] [embedded_mqtt_client.c:565] 更新数据 - topic: dataCenter/JSON/LD1/YX, addr: 2, val: 1.000000
[2025-03-25 14:58:30.395] [INFO] [embedded_mqtt_client.c:261] 收到历史数据查询请求
[2025-03-25 14:58:30.396] [INFO] [embedded_mqtt_client.c:285] 查询历史数据 - 开始时间: 2025-03-25 13:58:00, 结束时间: 2025-03-25 14:58:00
[2025-03-25 14:58:30.398] [INFO] [xml_config_parser.cpp:380] 发送历史数据 - 记录数: 1
[2025-03-25 14:58:30.417] [INFO] [embedded_mqtt_client.c:306] 主题 [dataCenter/JSON/LD1/YX] 数据摘要:
[2025-03-25 14:58:30.417] [INFO] [embedded_mqtt_client.c:307] 时间戳: 2025-03-25 11:06:46.482
[2025-03-25 14:58:30.417] [INFO] [embedded_mqtt_client.c:308] 数据项数量: 2
[2025-03-25 14:58:30.417] [INFO] [embedded_mqtt_client.c:328] 数据项 0 - addr: 0, val: 1.000000
[2025-03-25 14:58:30.417] [INFO] [embedded_mqtt_client.c:328] 数据项 1 - addr: 2, val: 1.000000
[2025-03-25 14:58:30.417] [INFO] [embedded_mqtt_client.c:199] 收到主题 [dataCenter/JSON/LD1/YX] 的消息
[2025-03-25 14:58:30.417] [INFO] [embedded_mqtt_client.c:231] 处理主题 [dataCenter/JSON/LD1/YX] 的数据
[2025-03-25 14:58:30.417] [DEBUG] [embedded_mqtt_client.c:565] 更新数据 - topic: dataCenter/JSON/LD1/YX, addr: 2, val: 1.000000
[2025-03-25 14:58:30.417] [INFO] [embedded_mqtt_client.c:261] 收到历史数据查询请求
[2025-03-25 14:58:30.417] [INFO] [embedded_mqtt_client.c:285] 查询历史数据 - 开始时间: 2025-03-25 13:58:00, 结束时间: 2025-03-25 14:58:00
[2025-03-25 14:58:30.419] [INFO] [xml_config_parser.cpp:380] 发送历史数据 - 记录数: 1
[2025-03-25 14:58:30.439] [INFO] [embedded_mqtt_client.c:306] 主题 [dataCenter/JSON/LD1/YX] 数据摘要:
[2025-03-25 14:58:30.439] [INFO] [embedded_mqtt_client.c:307] 时间戳: 2025-03-25 11:06:46.482
[2025-03-25 14:58:30.439] [INFO] [embedded_mqtt_client.c:308] 数据项数量: 2
[2025-03-25 14:58:30.439] [INFO] [embedded_mqtt_client.c:328] 数据项 0 - addr: 0, val: 1.000000
[2025-03-25 14:58:30.439] [INFO] [embedded_mqtt_client.c:328] 数据项 1 - addr: 2, val: 1.000000
[2025-03-25 14:58:30.439] [INFO] [embedded_mqtt_client.c:199] 收到主题 [dataCenter/JSON/LD1/YX] 的消息
[2025-03-25 14:58:30.439] [INFO] [embedded_mqtt_client.c:231] 处理主题 [dataCenter/JSON/LD1/YX] 的数据
[2025-03-25 14:58:30.439] [DEBUG] [embedded_mqtt_client.c:565] 更新数据 - topic: dataCenter/JSON/LD1/YX, addr: 2, val: 1.000000
[2025-03-25 14:58:30.439] [INFO] [embedded_mqtt_client.c:261] 收到历史数据查询请求
[2025-03-25 14:58:30.439] [INFO] [embedded_mqtt_client.c:285] 查询历史数据 - 开始时间: 2025-03-25 13:58:00, 结束时间: 2025-03-25 14:58:00
[2025-03-25 14:58:30.441] [INFO] [xml_config_parser.cpp:380] 发送历史数据 - 记录数: 1
[2025-03-25 14:58:30.461] [INFO] [embedded_mqtt_client.c:306] 主题 [dataCenter/JSON/LD1/YX] 数据摘要:
[2025-03-25 14:58:30.461] [INFO] [embedded_mqtt_client.c:307] 时间戳: 2025-03-25 11:06:46.482
[2025-03-25 14:58:30.461] [INFO] [embedded_mqtt_client.c:308] 数据项数量: 2
[2025-03-25 14:58:30.461] [INFO] [embedded_mqtt_client.c:328] 数据项 0 - addr: 0, val: 1.000000
[2025-03-25 14:58:30.461] [INFO] [embedded_mqtt_client.c:328] 数据项 1 - addr: 2, val: 1.000000
[2025-03-25 14:58:30.461] [INFO] [embedded_mqtt_client.c:199] 收到主题 [dataCenter/JSON/LD1/YX] 的消息
[2025-03-25 14:58:30.461] [INFO] [embedded_mqtt_client.c:231] 处理主题 [dataCenter/JSON/LD1/YX] 的数据
[2025-03-25 14:58:30.461] [DEBUG] [embedded_mqtt_client.c:565] 更新数据 - topic: dataCenter/JSON/LD1/YX, addr: 2, val: 1.000000
[2025-03-25 14:58:30.461] [INFO] [embedded_mqtt_client.c:261] 收到历史数据查询请求
[2025-03-25 14:58:30.461] [INFO] [embedded_mqtt_client.c:285] 查询历史数据 - 开始时间: 2025-03-25 13:58:00, 结束时间: 2025-03-25 14:58:00
[2025-03-25 14:58:30.463] [INFO] [xml_config_parser.cpp:380] 发送历史数据 - 记录数: 1
[2025-03-25 14:58:30.482] [INFO] [embedded_mqtt_client.c:306] 主题 [dataCenter/JSON/LD1/YX] 数据摘要:
[2025-03-25 14:58:30.482] [INFO] [embedded_mqtt_client.c:307] 时间戳: 2025-03-25 11:06:46.482
[2025-03-25 14:58:30.482] [INFO] [embedded_mqtt_client.c:308] 数据项数量: 2
[2025-03-25 14:58:30.482] [INFO] [embedded_mqtt_client.c:328] 数据项 0 - addr: 0, val: 1.000000
[2025-03-25 14:58:30.483] [INFO] [embedded_mqtt_client.c:328] 数据项 1 - addr: 2, val: 1.000000
[2025-03-25 14:58:30.483] [INFO] [embedded_mqtt_client.c:199] 收到主题 [dataCenter/JSON/LD1/YX] 的消息
[2025-03-25 14:58:30.483] [INFO] [embedded_mqtt_client.c:231] 处理主题 [dataCenter/JSON/LD1/YX] 的数据
[2025-03-25 14:58:30.483] [DEBUG] [embedded_mqtt_client.c:565] 更新数据 - topic: dataCenter/JSON/LD1/YX, addr: 2, val: 1.000000
[2025-03-25 14:58:30.483] [INFO] [embedded_mqtt_client.c:261] 收到历史数据查询请求
[2025-03-25 14:58:30.483] [INFO] [embedded_mqtt_client.c:285] 查询历史数据 - 开始时间: 2025-03-25 13:58:00, 结束时间: 2025-03-25 14:58:00
[2025-03-25 14:58:30.485] [INFO] [xml_config_parser.cpp:380] 发送历史数据 - 记录数: 1
[2025-03-25 14:58:30.504] [INFO] [embedded_mqtt_client.c:306] 主题 [dataCenter/JSON/LD1/YX] 数据摘要:
[2025-03-25 14:58:30.504] [INFO] [embedded_mqtt_client.c:307] 时间戳: 2025-03-25 11:06:46.482
[2025-03-25 14:58:30.504] [INFO] [embedded_mqtt_client.c:308] 数据项数量: 2
[2025-03-25 14:58:30.504] [INFO] [embedded_mqtt_client.c:328] 数据项 0 - addr: 0, val: 1.000000
[2025-03-25 14:58:30.504] [INFO] [embedded_mqtt_client.c:328] 数据项 1 - addr: 2, val: 1.000000
[2025-03-25 14:58:30.505] [INFO] [embedded_mqtt_client.c:199] 收到主题 [dataCenter/JSON/LD1/YX] 的消息
[2025-03-25 14:58:30.505] [INFO] [embedded_mqtt_client.c:231] 处理主题 [dataCenter/JSON/LD1/YX] 的数据
[2025-03-25 14:58:30.505] [DEBUG] [embedded_mqtt_client.c:565] 更新数据 - topic: dataCenter/JSON/LD1/YX, addr: 2, val: 1.000000
[2025-03-25 14:58:30.505] [INFO] [embedded_mqtt_client.c:261] 收到历史数据查询请求
[2025-03-25 14:58:30.505] [INFO] [embedded_mqtt_client.c:285] 查询历史数据 - 开始时间: 2025-03-25 13:58:00, 结束时间: 2025-03-25 14:58:00
[2025-03-25 14:58:30.507] [INFO] [xml_config_parser.cpp:380] 发送历史数据 - 记录数: 1
[2025-03-25 14:58:30.526] [INFO] [embedded_mqtt_client.c:306] 主题 [dataCenter/JSON/LD1/YX] 数据摘要:
[2025-03-25 14:58:30.526] [INFO] [embedded_mqtt_client.c:307] 时间戳: 2025-03-25 11:06:46.482
[2025-03-25 14:58:30.526] [INFO] [embedded_mqtt_client.c:308] 数据项数量: 2
[2025-03-25 14:58:30.526] [INFO] [embedded_mqtt_client.c:328] 数据项 0 - addr: 0, val: 1.000000
[2025-03-25 14:58:30.526] [INFO] [embedded_mqtt_client.c:328] 数据项 1 - addr: 2, val: 1.000000
[2025-03-25 14:58:30.526] [INFO] [embedded_mqtt_client.c:199] 收到主题 [dataCenter/JSON/LD1/YX] 的消息
[2025-03-25 14:58:30.526] [INFO] [embedded_mqtt_client.c:231] 处理主题 [dataCenter/JSON/LD1/YX] 的数据
[2025-03-25 14:58:30.526] [DEBUG] [embedded_mqtt_client.c:565] 更新数据 - topic: dataCenter/JSON/LD1/YX, addr: 2, val: 1.000000
[2025-03-25 14:58:30.526] [INFO] [embedded_mqtt_client.c:261] 收到历史数据查询请求
[2025-03-25 14:58:30.527] [INFO] [embedded_mqtt_client.c:285] 查询历史数据 - 开始时间: 2025-03-25 13:58:00, 结束时间: 2025-03-25 14:58:00
[2025-03-25 14:58:30.528] [INFO] [xml_config_parser.cpp:380] 发送历史数据 - 记录数: 1
[2025-03-25 14:58:30.548] [INFO] [embedded_mqtt_client.c:306] 主题 [dataCenter/JSON/LD1/YX] 数据摘要:
[2025-03-25 14:58:30.548] [INFO] [embedded_mqtt_client.c:307] 时间戳: 2025-03-25 11:06:46.482
[2025-03-25 14:58:30.548] [INFO] [embedded_mqtt_client.c:308] 数据项数量: 2
[2025-03-25 14:58:30.548] [INFO] [embedded_mqtt_client.c:328] 数据项 0 - addr: 0, val: 1.000000
[2025-03-25 14:58:30.548] [INFO] [embedded_mqtt_client.c:328] 数据项 1 - addr: 2, val: 1.000000
[2025-03-25 14:58:30.548] [INFO] [embedded_mqtt_client.c:199] 收到主题 [dataCenter/JSON/LD1/YX] 的消息
[2025-03-25 14:58:30.548] [INFO] [embedded_mqtt_client.c:231] 处理主题 [dataCenter/JSON/LD1/YX] 的数据
[2025-03-25 14:58:30.548] [DEBUG] [embedded_mqtt_client.c:565] 更新数据 - topic: dataCenter/JSON/LD1/YX, addr: 2, val: 1.000000
[2025-03-25 14:58:30.548] [INFO] [embedded_mqtt_client.c:261] 收到历史数据查询请求
[2025-03-25 14:58:30.548] [INFO] [embedded_mqtt_client.c:285] 查询历史数据 - 开始时间: 2025-03-25 13:58:00, 结束时间: 2025-03-25 14:58:00
[2025-03-25 14:58:30.551] [INFO] [xml_config_parser.cpp:380] 发送历史数据 - 记录数: 1
[2025-03-25 14:58:30.570] [INFO] [embedded_mqtt_client.c:306] 主题 [dataCenter/JSON/LD1/YX] 数据摘要:
[2025-03-25 14:58:30.570] [INFO] [embedded_mqtt_client.c:307] 时间戳: 2025-03-25 11:06:46.482
[2025-03-25 14:58:30.570] [INFO] [embedded_mqtt_client.c:308] 数据项数量: 2
[2025-03-25 14:58:30.570] [INFO] [embedded_mqtt_client.c:328] 数据项 0 - addr: 0, val: 1.000000
[2025-03-25 14:58:30.570] [INFO] [embedded_mqtt_client.c:328] 数据项 1 - addr: 2, val: 1.000000
[2025-03-25 14:58:30.570] [INFO] [embedded_mqtt_client.c:199] 收到主题 [dataCenter/JSON/LD1/YX] 的消息
[2025-03-25 14:58:30.570] [INFO] [embedded_mqtt_client.c:231] 处理主题 [dataCenter/JSON/LD1/YX] 的数据
[2025-03-25 14:58:30.570] [DEBUG] [embedded_mqtt_client.c:565] 更新数据 - topic: dataCenter/JSON/LD1/YX, addr: 2, val: 1.000000
[2025-03-25 14:58:30.570] [INFO] [embedded_mqtt_client.c:261] 收到历史数据查询请求
[2025-03-25 14:58:30.570] [INFO] [embedded_mqtt_client.c:285] 查询历史数据 - 开始时间: 2025-03-25 13:58:00, 结束时间: 2025-03-25 14:58:00
[2025-03-25 14:58:30.572] [INFO] [xml_config_parser.cpp:380] 发送历史数据 - 记录数: 1
[2025-03-25 14:58:30.592] [INFO] [embedded_mqtt_client.c:306] 主题 [dataCenter/JSON/LD1/YX] 数据摘要:
[2025-03-25 14:58:30.592] [INFO] [embedded_mqtt_client.c:307] 时间戳: 2025-03-25 11:06:46.482
[2025-03-25 14:58:30.592] [INFO] [embedded_mqtt_client.c:308] 数据项数量: 2
[2025-03-25 14:58:30.592] [INFO] [embedded_mqtt_client.c:328] 数据项 0 - addr: 0, val: 1.000000
[2025-03-25 14:58:30.592] [INFO] [embedded_mqtt_client.c:328] 数据项 1 - addr: 2, val: 1.000000
[2025-03-25 14:58:30.592] [INFO] [embedded_mqtt_client.c:199] 收到主题 [dataCenter/JSON/LD1/YX] 的消息
[2025-03-25 14:58:30.592] [INFO] [embedded_mqtt_client.c:231] 处理主题 [dataCenter/JSON/LD1/YX] 的数据
[2025-03-25 14:58:30.592] [DEBUG] [embedded_mqtt_client.c:565] 更新数据 - topic: dataCenter/JSON/LD1/YX, addr: 2, val: 1.000000
[2025-03-25 14:58:30.592] [INFO] [embedded_mqtt_client.c:261] 收到历史数据查询请求
[2025-03-25 14:58:30.593] [INFO] [embedded_mqtt_client.c:285] 查询历史数据 - 开始时间: 2025-03-25 13:58:00, 结束时间: 2025-03-25 14:58:00
[2025-03-25 14:58:30.595] [INFO] [xml_config_parser.cpp:380] 发送历史数据 - 记录数: 1
[2025-03-25 14:58:30.614] [INFO] [embedded_mqtt_client.c:306] 主题 [dataCenter/JSON/LD1/YX] 数据摘要:
[2025-03-25 14:58:30.614] [INFO] [embedded_mqtt_client.c:307] 时间戳: 2025-03-25 11:06:46.482
[2025-03-25 14:58:30.614] [INFO] [embedded_mqtt_client.c:308] 数据项数量: 2
[2025-03-25 14:58:30.614] [INFO] [embedded_mqtt_client.c:328] 数据项 0 - addr: 0, val: 1.000000
[2025-03-25 14:58:30.614] [INFO] [embedded_mqtt_client.c:328] 数据项 1 - addr: 2, val: 1.000000
[2025-03-25 14:58:30.615] [INFO] [embedded_mqtt_client.c:199] 收到主题 [dataCenter/JSON/LD1/YX] 的消息
[2025-03-25 14:58:30.615] [INFO] [embedded_mqtt_client.c:231] 处理主题 [dataCenter/JSON/LD1/YX] 的数据
[2025-03-25 14:58:30.615] [DEBUG] [embedded_mqtt_client.c:565] 更新数据 - topic: dataCenter/JSON/LD1/YX, addr: 2, val: 1.000000
[2025-03-25 14:58:30.615] [INFO] [embedded_mqtt_client.c:261] 收到历史数据查询请求
[2025-03-25 14:58:30.615] [INFO] [embedded_mqtt_client.c:285] 查询历史数据 - 开始时间: 2025-03-25 13:58:00, 结束时间: 2025-03-25 14:58:00
[2025-03-25 14:58:30.617] [INFO] [xml_config_parser.cpp:380] 发送历史数据 - 记录数: 1
[2025-03-25 14:58:30.636] [INFO] [embedded_mqtt_client.c:306] 主题 [dataCenter/JSON/LD1/YX] 数据摘要:
[2025-03-25 14:58:30.636] [INFO] [embedded_mqtt_client.c:307] 时间戳: 2025-03-25 11:06:46.482
[2025-03-25 14:58:30.637] [INFO] [embedded_mqtt_client.c:308] 数据项数量: 2
[2025-03-25 14:58:30.637] [INFO] [embedded_mqtt_client.c:328] 数据项 0 - addr: 0, val: 1.000000
[2025-03-25 14:58:30.637] [INFO] [embedded_mqtt_client.c:328] 数据项 1 - addr: 2, val: 1.000000
[2025-03-25 14:58:30.637] [INFO] [embedded_mqtt_client.c:199] 收到主题 [dataCenter/JSON/LD1/YX] 的消息
[2025-03-25 14:58:30.637] [INFO] [embedded_mqtt_client.c:231] 处理主题 [dataCenter/JSON/LD1/YX] 的数据
[2025-03-25 14:58:30.637] [DEBUG] [embedded_mqtt_client.c:565] 更新数据 - topic: dataCenter/JSON/LD1/YX, addr: 2, val: 1.000000
[2025-03-25 14:58:30.637] [INFO] [embedded_mqtt_client.c:261] 收到历史数据查询请求
[2025-03-25 14:58:30.637] [INFO] [embedded_mqtt_client.c:285] 查询历史数据 - 开始时间: 2025-03-25 13:58:00, 结束时间: 2025-03-25 14:58:00
[2025-03-25 14:58:30.639] [INFO] [xml_config_parser.cpp:380] 发送历史数据 - 记录数: 1
[2025-03-25 14:58:30.658] [INFO] [embedded_mqtt_client.c:306] 主题 [dataCenter/JSON/LD1/YX] 数据摘要:
[2025-03-25 14:58:30.659] [INFO] [embedded_mqtt_client.c:307] 时间戳: 2025-03-25 11:06:46.482
[2025-03-25 14:58:30.659] [INFO] [embedded_mqtt_client.c:308] 数据项数量: 2
[2025-03-25 14:58:30.659] [INFO] [embedded_mqtt_client.c:328] 数据项 0 - addr: 0, val: 1.000000
[2025-03-25 14:58:30.659] [INFO] [embedded_mqtt_client.c:328] 数据项 1 - addr: 2, val: 1.000000
[2025-03-25 14:58:30.659] [INFO] [embedded_mqtt_client.c:199] 收到主题 [dataCenter/JSON/LD1/YX] 的消息
[2025-03-25 14:58:30.659] [INFO] [embedded_mqtt_client.c:231] 处理主题 [dataCenter/JSON/LD1/YX] 的数据
[2025-03-25 14:58:30.659] [DEBUG] [embedded_mqtt_client.c:565] 更新数据 - topic: dataCenter/JSON/LD1/YX, addr: 2, val: 1.000000
[2025-03-25 14:58:30.659] [INFO] [embedded_mqtt_client.c:261] 收到历史数据查询请求
[2025-03-25 14:58:30.659] [INFO] [embedded_mqtt_client.c:285] 查询历史数据 - 开始时间: 2025-03-25 13:58:00, 结束时间: 2025-03-25 14:58:00
[2025-03-25 14:58:30.661] [INFO] [xml_config_parser.cpp:380] 发送历史数据 - 记录数: 1
[2025-03-25 14:58:30.681] [INFO] [embedded_mqtt_client.c:306] 主题 [dataCenter/JSON/LD1/YX] 数据摘要:
[2025-03-25 14:58:30.681] [INFO] [embedded_mqtt_client.c:307] 时间戳: 2025-03-25 11:06:46.482
[2025-03-25 14:58:30.681] [INFO] [embedded_mqtt_client.c:308] 数据项数量: 2
[2025-03-25 14:58:30.681] [INFO] [embedded_mqtt_client.c:328] 数据项 0 - addr: 0, val: 1.000000
[2025-03-25 14:58:30.681] [INFO] [embedded_mqtt_client.c:328] 数据项 1 - addr: 2, val: 1.000000
[2025-03-25 14:58:30.681] [INFO] [embedded_mqtt_client.c:199] 收到主题 [dataCenter/JSON/LD1/YX] 的消息
[2025-03-25 14:58:30.682] [INFO] [embedded_mqtt_client.c:231] 处理主题 [dataCenter/JSON/LD1/YX] 的数据
[2025-03-25 14:58:30.682] [DEBUG] [embedded_mqtt_client.c:565] 更新数据 - topic: dataCenter/JSON/LD1/YX, addr: 2, val: 1.000000
[2025-03-25 14:58:30.682] [INFO] [embedded_mqtt_client.c:261] 收到历史数据查询请求
[2025-03-25 14:58:30.682] [INFO] [embedded_mqtt_client.c:285] 查询历史数据 - 开始时间: 2025-03-25 13:58:00, 结束时间: 2025-03-25 14:58:00
[2025-03-25 14:58:30.684] [INFO] [xml_config_parser.cpp:380] 发送历史数据 - 记录数: 1
[2025-03-25 14:58:30.703] [INFO] [embedded_mqtt_client.c:306] 主题 [dataCenter/JSON/LD1/YX] 数据摘要:
[2025-03-25 14:58:30.703] [INFO] [embedded_mqtt_client.c:307] 时间戳: 2025-03-25 11:06:46.482
[2025-03-25 14:58:30.703] [INFO] [embedded_mqtt_client.c:308] 数据项数量: 2
[2025-03-25 14:58:30.703] [INFO] [embedded_mqtt_client.c:328] 数据项 0 - addr: 0, val: 1.000000
[2025-03-25 14:58:30.703] [INFO] [embedded_mqtt_client.c:328] 数据项 1 - addr: 2, val: 1.000000
[2025-03-25 14:58:30.703] [INFO] [embedded_mqtt_client.c:199] 收到主题 [dataCenter/JSON/LD1/YX] 的消息
[2025-03-25 14:58:30.704] [INFO] [embedded_mqtt_client.c:231] 处理主题 [dataCenter/JSON/LD1/YX] 的数据
[2025-03-25 14:58:30.704] [DEBUG] [embedded_mqtt_client.c:565] 更新数据 - topic: dataCenter/JSON/LD1/YX, addr: 2, val: 1.000000
[2025-03-25 14:58:30.704] [INFO] [embedded_mqtt_client.c:261] 收到历史数据查询请求
[2025-03-25 14:58:30.704] [INFO] [embedded_mqtt_client.c:285] 查询历史数据 - 开始时间: 2025-03-25 13:58:00, 结束时间: 2025-03-25 14:58:00
[2025-03-25 14:58:30.706] [INFO] [xml_config_parser.cpp:380] 发送历史数据 - 记录数: 1
[2025-03-25 14:58:30.727] [INFO] [embedded_mqtt_client.c:306] 主题 [dataCenter/JSON/LD1/YX] 数据摘要:
[2025-03-25 14:58:30.727] [INFO] [embedded_mqtt_client.c:307] 时间戳: 2025-03-25 11:06:46.482
[2025-03-25 14:58:30.728] [INFO] [embedded_mqtt_client.c:308] 数据项数量: 2
[2025-03-25 14:58:30.728] [INFO] [embedded_mqtt_client.c:328] 数据项 0 - addr: 0, val: 1.000000
[2025-03-25 14:58:30.728] [INFO] [embedded_mqtt_client.c:328] 数据项 1 - addr: 2, val: 1.000000
[2025-03-25 14:58:30.728] [INFO] [embedded_mqtt_client.c:199] 收到主题 [dataCenter/JSON/LD1/YX] 的消息
[2025-03-25 14:58:30.728] [INFO] [embedded_mqtt_client.c:231] 处理主题 [dataCenter/JSON/LD1/YX] 的数据
[2025-03-25 14:58:30.728] [DEBUG] [embedded_mqtt_client.c:565] 更新数据 - topic: dataCenter/JSON/LD1/YX, addr: 2, val: 1.000000
[2025-03-25 14:58:30.728] [INFO] [embedded_mqtt_client.c:261] 收到历史数据查询请求
[2025-03-25 14:58:30.728] [INFO] [embedded_mqtt_client.c:285] 查询历史数据 - 开始时间: 2025-03-25 13:58:00, 结束时间: 2025-03-25 14:58:00
[2025-03-25 14:58:30.730] [INFO] [xml_config_parser.cpp:380] 发送历史数据 - 记录数: 1
[2025-03-25 14:58:30.750] [INFO] [embedded_mqtt_client.c:306] 主题 [dataCenter/JSON/LD1/YX] 数据摘要:
[2025-03-25 14:58:30.750] [INFO] [embedded_mqtt_client.c:307] 时间戳: 2025-03-25 11:06:46.482
[2025-03-25 14:58:30.750] [INFO] [embedded_mqtt_client.c:308] 数据项数量: 2
[2025-03-25 14:58:30.750] [INFO] [embedded_mqtt_client.c:328] 数据项 0 - addr: 0, val: 1.000000
[2025-03-25 14:58:30.750] [INFO] [embedded_mqtt_client.c:328] 数据项 1 - addr: 2, val: 1.000000
[2025-03-25 14:58:30.750] [INFO] [embedded_mqtt_client.c:199] 收到主题 [dataCenter/JSON/LD1/YX] 的消息
[2025-03-25 14:58:30.750] [INFO] [embedded_mqtt_client.c:231] 处理主题 [dataCenter/JSON/LD1/YX] 的数据
[2025-03-25 14:58:30.750] [DEBUG] [embedded_mqtt_client.c:565] 更新数据 - topic: dataCenter/JSON/LD1/YX, addr: 2, val: 1.000000
[2025-03-25 14:58:30.750] [INFO] [embedded_mqtt_client.c:261] 收到历史数据查询请求
[2025-03-25 14:58:30.750] [INFO] [embedded_mqtt_client.c:285] 查询历史数据 - 开始时间: 2025-03-25 13:58:00, 结束时间: 2025-03-25 14:58:00
[2025-03-25 14:58:30.752] [INFO] [xml_config_parser.cpp:380] 发送历史数据 - 记录数: 1
[2025-03-25 14:58:30.771] [INFO] [embedded_mqtt_client.c:306] 主题 [dataCenter/JSON/LD1/YX] 数据摘要:
[2025-03-25 14:58:30.772] [INFO] [embedded_mqtt_client.c:307] 时间戳: 2025-03-25 11:06:46.482
[2025-03-25 14:58:30.772] [INFO] [embedded_mqtt_client.c:308] 数据项数量: 2
[2025-03-25 14:58:30.772] [INFO] [embedded_mqtt_client.c:328] 数据项 0 - addr: 0, val: 1.000000
[2025-03-25 14:58:30.772] [INFO] [embedded_mqtt_client.c:328] 数据项 1 - addr: 2, val: 1.000000
[2025-03-25 14:58:30.772] [INFO] [embedded_mqtt_client.c:199] 收到主题 [dataCenter/JSON/LD1/YX] 的消息
[2025-03-25 14:58:30.772] [INFO] [embedded_mqtt_client.c:231] 处理主题 [dataCenter/JSON/LD1/YX] 的数据
[2025-03-25 14:58:30.772] [DEBUG] [embedded_mqtt_client.c:565] 更新数据 - topic: dataCenter/JSON/LD1/YX, addr: 2, val: 1.000000
[2025-03-25 14:58:30.772] [INFO] [embedded_mqtt_client.c:261] 收到历史数据查询请求
[2025-03-25 14:58:30.772] [INFO] [embedded_mqtt_client.c:285] 查询历史数据 - 开始时间: 2025-03-25 13:58:00, 结束时间: 2025-03-25 14:58:00
[2025-03-25 14:58:30.774] [INFO] [xml_config_parser.cpp:380] 发送历史数据 - 记录数: 1
[2025-03-25 14:58:30.793] [INFO] [embedded_mqtt_client.c:306] 主题 [dataCenter/JSON/LD1/YX] 数据摘要:
[2025-03-25 14:58:30.793] [INFO] [embedded_mqtt_client.c:307] 时间戳: 2025-03-25 11:06:46.482
[2025-03-25 14:58:30.793] [INFO] [embedded_mqtt_client.c:308] 数据项数量: 2
[2025-03-25 14:58:30.793] [INFO] [embedded_mqtt_client.c:328] 数据项 0 - addr: 0, val: 1.000000
[2025-03-25 14:58:30.793] [INFO] [embedded_mqtt_client.c:328] 数据项 1 - addr: 2, val: 1.000000
[2025-03-25 14:58:30.794] [INFO] [embedded_mqtt_client.c:199] 收到主题 [dataCenter/JSON/LD1/YX] 的消息
[2025-03-25 14:58:30.794] [INFO] [embedded_mqtt_client.c:231] 处理主题 [dataCenter/JSON/LD1/YX] 的数据
[2025-03-25 14:58:30.794] [DEBUG] [embedded_mqtt_client.c:565] 更新数据 - topic: dataCenter/JSON/LD1/YX, addr: 2, val: 1.000000
[2025-03-25 14:58:30.794] [INFO] [embedded_mqtt_client.c:261] 收到历史数据查询请求
[2025-03-25 14:58:30.794] [INFO] [embedded_mqtt_client.c:285] 查询历史数据 - 开始时间: 2025-03-25 13:58:00, 结束时间: 2025-03-25 14:58:00
[2025-03-25 14:58:30.796] [INFO] [xml_config_parser.cpp:380] 发送历史数据 - 记录数: 1
[2025-03-25 14:58:30.815] [INFO] [embedded_mqtt_client.c:306] 主题 [dataCenter/JSON/LD1/YX] 数据摘要:
[2025-03-25 14:58:30.815] [INFO] [embedded_mqtt_client.c:307] 时间戳: 2025-03-25 11:06:46.482
[2025-03-25 14:58:30.815] [INFO] [embedded_mqtt_client.c:308] 数据项数量: 2
[2025-03-25 14:58:30.815] [INFO] [embedded_mqtt_client.c:328] 数据项 0 - addr: 0, val: 1.000000
[2025-03-25 14:58:30.815] [INFO] [embedded_mqtt_client.c:328] 数据项 1 - addr: 2, val: 1.000000
[2025-03-25 14:58:30.815] [INFO] [embedded_mqtt_client.c:199] 收到主题 [dataCenter/JSON/LD1/YX] 的消息
[2025-03-25 14:58:30.816] [INFO] [embedded_mqtt_client.c:231] 处理主题 [dataCenter/JSON/LD1/YX] 的数据
[2025-03-25 14:58:30.816] [DEBUG] [embedded_mqtt_client.c:565] 更新数据 - topic: dataCenter/JSON/LD1/YX, addr: 2, val: 1.000000
[2025-03-25 14:58:30.816] [INFO] [embedded_mqtt_client.c:261] 收到历史数据查询请求
[2025-03-25 14:58:30.816] [INFO] [embedded_mqtt_client.c:285] 查询历史数据 - 开始时间: 2025-03-25 13:58:00, 结束时间: 2025-03-25 14:58:00
[2025-03-25 14:58:30.818] [INFO] [xml_config_parser.cpp:380] 发送历史数据 - 记录数: 1
[2025-03-25 14:58:30.837] [INFO] [embedded_mqtt_client.c:306] 主题 [dataCenter/JSON/LD1/YX] 数据摘要:
[2025-03-25 14:58:30.837] [INFO] [embedded_mqtt_client.c:307] 时间戳: 2025-03-25 11:06:46.482
[2025-03-25 14:58:30.837] [INFO] [embedded_mqtt_client.c:308] 数据项数量: 2
[2025-03-25 14:58:30.837] [INFO] [embedded_mqtt_client.c:328] 数据项 0 - addr: 0, val: 1.000000
[2025-03-25 14:58:30.837] [INFO] [embedded_mqtt_client.c:328] 数据项 1 - addr: 2, val: 1.000000
[2025-03-25 14:58:30.838] [INFO] [embedded_mqtt_client.c:199] 收到主题 [dataCenter/JSON/LD1/YX] 的消息
[2025-03-25 14:58:30.838] [INFO] [embedded_mqtt_client.c:231] 处理主题 [dataCenter/JSON/LD1/YX] 的数据
[2025-03-25 14:58:30.838] [DEBUG] [embedded_mqtt_client.c:565] 更新数据 - topic: dataCenter/JSON/LD1/YX, addr: 2, val: 1.000000
[2025-03-25 14:58:30.838] [INFO] [embedded_mqtt_client.c:261] 收到历史数据查询请求
[2025-03-25 14:58:30.838] [INFO] [embedded_mqtt_client.c:285] 查询历史数据 - 开始时间: 2025-03-25 13:58:00, 结束时间: 2025-03-25 14:58:00
[2025-03-25 14:58:30.840] [INFO] [xml_config_parser.cpp:380] 发送历史数据 - 记录数: 1
[2025-03-25 14:58:30.859] [INFO] [embedded_mqtt_client.c:306] 主题 [dataCenter/JSON/LD1/YX] 数据摘要:
[2025-03-25 14:58:30.859] [INFO] [embedded_mqtt_client.c:307] 时间戳: 2025-03-25 11:06:46.482
[2025-03-25 14:58:30.859] [INFO] [embedded_mqtt_client.c:308] 数据项数量: 2
[2025-03-25 14:58:30.859] [INFO] [embedded_mqtt_client.c:328] 数据项 0 - addr: 0, val: 1.000000
[2025-03-25 14:58:30.860] [INFO] [embedded_mqtt_client.c:328] 数据项 1 - addr: 2, val: 1.000000
[2025-03-25 14:58:30.860] [INFO] [embedded_mqtt_client.c:199] 收到主题 [dataCenter/JSON/LD1/YX] 的消息
[2025-03-25 14:58:30.860] [INFO] [embedded_mqtt_client.c:231] 处理主题 [dataCenter/JSON/LD1/YX] 的数据
[2025-03-25 14:58:30.860] [DEBUG] [embedded_mqtt_client.c:565] 更新数据 - topic: dataCenter/JSON/LD1/YX, addr: 2, val: 1.000000
[2025-03-25 14:58:30.860] [INFO] [embedded_mqtt_client.c:261] 收到历史数据查询请求
[2025-03-25 14:58:30.860] [INFO] [embedded_mqtt_client.c:285] 查询历史数据 - 开始时间: 2025-03-25 13:58:00, 结束时间: 2025-03-25 14:58:00
[2025-03-25 14:58:30.862] [INFO] [xml_config_parser.cpp:380] 发送历史数据 - 记录数: 1
[2025-03-25 14:58:30.881] [INFO] [embedded_mqtt_client.c:306] 主题 [dataCenter/JSON/LD1/YX] 数据摘要:
[2025-03-25 14:58:30.881] [INFO] [embedded_mqtt_client.c:307] 时间戳: 2025-03-25 11:06:46.482
[2025-03-25 14:58:30.881] [INFO] [embedded_mqtt_client.c:308] 数据项数量: 2
[2025-03-25 14:58:30.881] [INFO] [embedded_mqtt_client.c:328] 数据项 0 - addr: 0, val: 1.000000
[2025-03-25 14:58:30.881] [INFO] [embedded_mqtt_client.c:328] 数据项 1 - addr: 2, val: 1.000000
[2025-03-25 14:58:30.882] [INFO] [embedded_mqtt_client.c:199] 收到主题 [dataCenter/JSON/LD1/YX] 的消息
[2025-03-25 14:58:30.882] [INFO] [embedded_mqtt_client.c:231] 处理主题 [dataCenter/JSON/LD1/YX] 的数据
[2025-03-25 14:58:30.882] [DEBUG] [embedded_mqtt_client.c:565] 更新数据 - topic: dataCenter/JSON/LD1/YX, addr: 2, val: 1.000000
[2025-03-25 14:58:30.882] [INFO] [embedded_mqtt_client.c:261] 收到历史数据查询请求
[2025-03-25 14:58:30.882] [INFO] [embedded_mqtt_client.c:285] 查询历史数据 - 开始时间: 2025-03-25 13:58:00, 结束时间: 2025-03-25 14:58:00
[2025-03-25 14:58:30.884] [INFO] [xml_config_parser.cpp:380] 发送历史数据 - 记录数: 1
[2025-03-25 14:58:30.903] [INFO] [embedded_mqtt_client.c:306] 主题 [dataCenter/JSON/LD1/YX] 数据摘要:
[2025-03-25 14:58:30.903] [INFO] [embedded_mqtt_client.c:307] 时间戳: 2025-03-25 11:06:46.482
[2025-03-25 14:58:30.903] [INFO] [embedded_mqtt_client.c:308] 数据项数量: 2
[2025-03-25 14:58:30.903] [INFO] [embedded_mqtt_client.c:328] 数据项 0 - addr: 0, val: 1.000000
[2025-03-25 14:58:30.903] [INFO] [embedded_mqtt_client.c:328] 数据项 1 - addr: 2, val: 1.000000
[2025-03-25 14:58:30.903] [INFO] [embedded_mqtt_client.c:199] 收到主题 [dataCenter/JSON/LD1/YX] 的消息
[2025-03-25 14:58:30.903] [INFO] [embedded_mqtt_client.c:231] 处理主题 [dataCenter/JSON/LD1/YX] 的数据
[2025-03-25 14:58:30.904] [DEBUG] [embedded_mqtt_client.c:565] 更新数据 - topic: dataCenter/JSON/LD1/YX, addr: 2, val: 1.000000
[2025-03-25 14:58:30.904] [INFO] [embedded_mqtt_client.c:261] 收到历史数据查询请求
[2025-03-25 14:58:30.904] [INFO] [embedded_mqtt_client.c:285] 查询历史数据 - 开始时间: 2025-03-25 13:58:00, 结束时间: 2025-03-25 14:58:00
[2025-03-25 14:58:30.906] [INFO] [xml_config_parser.cpp:380] 发送历史数据 - 记录数: 1
[2025-03-25 14:58:30.925] [INFO] [embedded_mqtt_client.c:306] 主题 [dataCenter/JSON/LD1/YX] 数据摘要:
[2025-03-25 14:58:30.925] [INFO] [embedded_mqtt_client.c:307] 时间戳: 2025-03-25 11:06:46.482
[2025-03-25 14:58:30.925] [INFO] [embedded_mqtt_client.c:308] 数据项数量: 2
[2025-03-25 14:58:30.925] [INFO] [embedded_mqtt_client.c:328] 数据项 0 - addr: 0, val: 1.000000
[2025-03-25 14:58:30.925] [INFO] [embedded_mqtt_client.c:328] 数据项 1 - addr: 2, val: 1.000000
[2025-03-25 14:58:30.925] [INFO] [embedded_mqtt_client.c:199] 收到主题 [dataCenter/JSON/LD1/YX] 的消息
[2025-03-25 14:58:30.925] [INFO] [embedded_mqtt_client.c:231] 处理主题 [dataCenter/JSON/LD1/YX] 的数据
[2025-03-25 14:58:30.925] [DEBUG] [embedded_mqtt_client.c:565] 更新数据 - topic: dataCenter/JSON/LD1/YX, addr: 2, val: 1.000000
[2025-03-25 14:58:30.925] [INFO] [embedded_mqtt_client.c:261] 收到历史数据查询请求
[2025-03-25 14:58:30.925] [INFO] [embedded_mqtt_client.c:285] 查询历史数据 - 开始时间: 2025-03-25 13:58:00, 结束时间: 2025-03-25 14:58:00
[2025-03-25 14:58:30.927] [INFO] [xml_config_parser.cpp:380] 发送历史数据 - 记录数: 1
[2025-03-25 14:58:30.946] [INFO] [embedded_mqtt_client.c:306] 主题 [dataCenter/JSON/LD1/YX] 数据摘要:
[2025-03-25 14:58:30.947] [INFO] [embedded_mqtt_client.c:307] 时间戳: 2025-03-25 11:06:46.482
[2025-03-25 14:58:30.947] [INFO] [embedded_mqtt_client.c:308] 数据项数量: 2
[2025-03-25 14:58:30.947] [INFO] [embedded_mqtt_client.c:328] 数据项 0 - addr: 0, val: 1.000000
[2025-03-25 14:58:30.947] [INFO] [embedded_mqtt_client.c:328] 数据项 1 - addr: 2, val: 1.000000
[2025-03-25 14:58:30.947] [INFO] [embedded_mqtt_client.c:199] 收到主题 [dataCenter/JSON/LD1/YX] 的消息
[2025-03-25 14:58:30.947] [INFO] [embedded_mqtt_client.c:231] 处理主题 [dataCenter/JSON/LD1/YX] 的数据
[2025-03-25 14:58:30.947] [DEBUG] [embedded_mqtt_client.c:565] 更新数据 - topic: dataCenter/JSON/LD1/YX, addr: 2, val: 1.000000
[2025-03-25 14:58:30.947] [INFO] [embedded_mqtt_client.c:261] 收到历史数据查询请求
[2025-03-25 14:58:30.947] [INFO] [embedded_mqtt_client.c:285] 查询历史数据 - 开始时间: 2025-03-25 13:58:00, 结束时间: 2025-03-25 14:58:00
[2025-03-25 14:58:30.949] [INFO] [xml_config_parser.cpp:380] 发送历史数据 - 记录数: 1
[2025-03-25 14:58:30.969] [INFO] [embedded_mqtt_client.c:306] 主题 [dataCenter/JSON/LD1/YX] 数据摘要:
[2025-03-25 14:58:30.969] [INFO] [embedded_mqtt_client.c:307] 时间戳: 2025-03-25 11:06:46.482
[2025-03-25 14:58:30.969] [INFO] [embedded_mqtt_client.c:308] 数据项数量: 2
[2025-03-25 14:58:30.969] [INFO] [embedded_mqtt_client.c:328] 数据项 0 - addr: 0, val: 1.000000
[2025-03-25 14:58:30.969] [INFO] [embedded_mqtt_client.c:328] 数据项 1 - addr: 2, val: 1.000000
[2025-03-25 14:58:30.969] [INFO] [embedded_mqtt_client.c:199] 收到主题 [dataCenter/JSON/LD1/YX] 的消息
[2025-03-25 14:58:30.969] [INFO] [embedded_mqtt_client.c:231] 处理主题 [dataCenter/JSON/LD1/YX] 的数据
[2025-03-25 14:58:30.969] [DEBUG] [embedded_mqtt_client.c:565] 更新数据 - topic: dataCenter/JSON/LD1/YX, addr: 2, val: 1.000000
[2025-03-25 14:58:30.969] [INFO] [embedded_mqtt_client.c:261] 收到历史数据查询请求
[2025-03-25 14:58:30.969] [INFO] [embedded_mqtt_client.c:285] 查询历史数据 - 开始时间: 2025-03-25 13:58:00, 结束时间: 2025-03-25 14:58:00
[2025-03-25 14:58:30.971] [INFO] [xml_config_parser.cpp:380] 发送历史数据 - 记录数: 1
[2025-03-25 14:58:30.991] [INFO] [embedded_mqtt_client.c:306] 主题 [dataCenter/JSON/LD1/YX] 数据摘要:
[2025-03-25 14:58:30.991] [INFO] [embedded_mqtt_client.c:307] 时间戳: 2025-03-25 11:06:46.482
[2025-03-25 14:58:30.991] [INFO] [embedded_mqtt_client.c:308] 数据项数量: 2
[2025-03-25 14:58:30.991] [INFO] [embedded_mqtt_client.c:328] 数据项 0 - addr: 0, val: 1.000000
[2025-03-25 14:58:30.991] [INFO] [embedded_mqtt_client.c:328] 数据项 1 - addr: 2, val: 1.000000
[2025-03-25 14:58:30.991] [INFO] [embedded_mqtt_client.c:199] 收到主题 [dataCenter/JSON/LD1/YX] 的消息
[2025-03-25 14:58:30.991] [INFO] [embedded_mqtt_client.c:231] 处理主题 [dataCenter/JSON/LD1/YX] 的数据
[2025-03-25 14:58:30.991] [DEBUG] [embedded_mqtt_client.c:565] 更新数据 - topic: dataCenter/JSON/LD1/YX, addr: 2, val: 1.000000
[2025-03-25 14:58:30.991] [INFO] [embedded_mqtt_client.c:261] 收到历史数据查询请求
[2025-03-25 14:58:30.991] [INFO] [embedded_mqtt_client.c:285] 查询历史数据 - 开始时间: 2025-03-25 13:58:00, 结束时间: 2025-03-25 14:58:00
[2025-03-25 14:58:30.993] [INFO] [xml_config_parser.cpp:380] 发送历史数据 - 记录数: 1
[2025-03-25 14:58:31.012] [INFO] [embedded_mqtt_client.c:306] 主题 [dataCenter/JSON/LD1/YX] 数据摘要:
[2025-03-25 14:58:31.012] [INFO] [embedded_mqtt_client.c:307] 时间戳: 2025-03-25 11:06:46.482
[2025-03-25 14:58:31.012] [INFO] [embedded_mqtt_client.c:308] 数据项数量: 2
[2025-03-25 14:58:31.012] [INFO] [embedded_mqtt_client.c:328] 数据项 0 - addr: 0, val: 1.000000
[2025-03-25 14:58:31.013] [INFO] [embedded_mqtt_client.c:328] 数据项 1 - addr: 2, val: 1.000000
[2025-03-25 14:58:31.013] [INFO] [embedded_mqtt_client.c:199] 收到主题 [dataCenter/JSON/LD1/YX] 的消息
[2025-03-25 14:58:31.013] [INFO] [embedded_mqtt_client.c:231] 处理主题 [dataCenter/JSON/LD1/YX] 的数据
[2025-03-25 14:58:31.013] [DEBUG] [embedded_mqtt_client.c:565] 更新数据 - topic: dataCenter/JSON/LD1/YX, addr: 2, val: 1.000000
[2025-03-25 14:58:31.013] [INFO] [embedded_mqtt_client.c:261] 收到历史数据查询请求
[2025-03-25 14:58:31.013] [INFO] [embedded_mqtt_client.c:285] 查询历史数据 - 开始时间: 2025-03-25 13:58:00, 结束时间: 2025-03-25 14:58:00
[2025-03-25 14:58:31.015] [INFO] [xml_config_parser.cpp:380] 发送历史数据 - 记录数: 1
[2025-03-25 14:58:31.035] [INFO] [embedded_mqtt_client.c:306] 主题 [dataCenter/JSON/LD1/YX] 数据摘要:
[2025-03-25 14:58:31.035] [INFO] [embedded_mqtt_client.c:307] 时间戳: 2025-03-25 11:06:46.482
[2025-03-25 14:58:31.035] [INFO] [embedded_mqtt_client.c:308] 数据项数量: 2
[2025-03-25 14:58:31.035] [INFO] [embedded_mqtt_client.c:328] 数据项 0 - addr: 0, val: 1.000000
[2025-03-25 14:58:31.035] [INFO] [embedded_mqtt_client.c:328] 数据项 1 - addr: 2, val: 1.000000
[2025-03-25 14:58:31.035] [INFO] [embedded_mqtt_client.c:199] 收到主题 [dataCenter/JSON/LD1/YX] 的消息
[2025-03-25 14:58:31.035] [INFO] [embedded_mqtt_client.c:231] 处理主题 [dataCenter/JSON/LD1/YX] 的数据
[2025-03-25 14:58:31.035] [DEBUG] [embedded_mqtt_client.c:565] 更新数据 - topic: dataCenter/JSON/LD1/YX, addr: 2, val: 1.000000
[2025-03-25 14:58:31.035] [INFO] [embedded_mqtt_client.c:261] 收到历史数据查询请求
[2025-03-25 14:58:31.035] [INFO] [embedded_mqtt_client.c:285] 查询历史数据 - 开始时间: 2025-03-25 13:58:00, 结束时间: 2025-03-25 14:58:00
[2025-03-25 14:58:31.037] [INFO] [xml_config_parser.cpp:380] 发送历史数据 - 记录数: 1
[2025-03-25 14:58:31.057] [INFO] [embedded_mqtt_client.c:306] 主题 [dataCenter/JSON/LD1/YX] 数据摘要:
[2025-03-25 14:58:31.057] [INFO] [embedded_mqtt_client.c:307] 时间戳: 2025-03-25 11:06:46.482
[2025-03-25 14:58:31.057] [INFO] [embedded_mqtt_client.c:308] 数据项数量: 2
[2025-03-25 14:58:31.057] [INFO] [embedded_mqtt_client.c:328] 数据项 0 - addr: 0, val: 1.000000
[2025-03-25 14:58:31.057] [INFO] [embedded_mqtt_client.c:328] 数据项 1 - addr: 2, val: 1.000000
[2025-03-25 14:58:31.057] [INFO] [embedded_mqtt_client.c:199] 收到主题 [dataCenter/JSON/LD1/YX] 的消息
[2025-03-25 14:58:31.057] [INFO] [embedded_mqtt_client.c:231] 处理主题 [dataCenter/JSON/LD1/YX] 的数据
[2025-03-25 14:58:31.057] [DEBUG] [embedded_mqtt_client.c:565] 更新数据 - topic: dataCenter/JSON/LD1/YX, addr: 2, val: 1.000000
[2025-03-25 14:58:31.057] [INFO] [embedded_mqtt_client.c:261] 收到历史数据查询请求
[2025-03-25 14:58:31.057] [INFO] [embedded_mqtt_client.c:285] 查询历史数据 - 开始时间: 2025-03-25 13:58:00, 结束时间: 2025-03-25 14:58:00
[2025-03-25 14:58:31.059] [INFO] [xml_config_parser.cpp:380] 发送历史数据 - 记录数: 1
[2025-03-25 14:58:31.078] [INFO] [embedded_mqtt_client.c:306] 主题 [dataCenter/JSON/LD1/YX] 数据摘要:
[2025-03-25 14:58:31.078] [INFO] [embedded_mqtt_client.c:307] 时间戳: 2025-03-25 11:06:46.482
[2025-03-25 14:58:31.078] [INFO] [embedded_mqtt_client.c:308] 数据项数量: 2
[2025-03-25 14:58:31.078] [INFO] [embedded_mqtt_client.c:328] 数据项 0 - addr: 0, val: 1.000000
[2025-03-25 14:58:31.078] [INFO] [embedded_mqtt_client.c:328] 数据项 1 - addr: 2, val: 1.000000
[2025-03-25 14:58:31.078] [INFO] [embedded_mqtt_client.c:199] 收到主题 [dataCenter/JSON/LD1/YX] 的消息
[2025-03-25 14:58:31.079] [INFO] [embedded_mqtt_client.c:231] 处理主题 [dataCenter/JSON/LD1/YX] 的数据
[2025-03-25 14:58:31.079] [DEBUG] [embedded_mqtt_client.c:565] 更新数据 - topic: dataCenter/JSON/LD1/YX, addr: 2, val: 1.000000
[2025-03-25 14:58:31.079] [INFO] [embedded_mqtt_client.c:261] 收到历史数据查询请求
[2025-03-25 14:58:31.079] [INFO] [embedded_mqtt_client.c:285] 查询历史数据 - 开始时间: 2025-03-25 13:58:00, 结束时间: 2025-03-25 14:58:00
[2025-03-25 14:58:31.081] [INFO] [xml_config_parser.cpp:380] 发送历史数据 - 记录数: 1
[2025-03-25 14:58:31.100] [INFO] [embedded_mqtt_client.c:306] 主题 [dataCenter/JSON/LD1/YX] 数据摘要:
[2025-03-25 14:58:31.100] [INFO] [embedded_mqtt_client.c:307] 时间戳: 2025-03-25 11:06:46.482
[2025-03-25 14:58:31.100] [INFO] [embedded_mqtt_client.c:308] 数据项数量: 2
[2025-03-25 14:58:31.100] [INFO] [embedded_mqtt_client.c:328] 数据项 0 - addr: 0, val: 1.000000
[2025-03-25 14:58:31.100] [INFO] [embedded_mqtt_client.c:328] 数据项 1 - addr: 2, val: 1.000000
[2025-03-25 14:58:31.100] [INFO] [embedded_mqtt_client.c:199] 收到主题 [dataCenter/JSON/LD1/YX] 的消息
[2025-03-25 14:58:31.100] [INFO] [embedded_mqtt_client.c:231] 处理主题 [dataCenter/JSON/LD1/YX] 的数据
[2025-03-25 14:58:31.100] [DEBUG] [embedded_mqtt_client.c:565] 更新数据 - topic: dataCenter/JSON/LD1/YX, addr: 2, val: 1.000000
[2025-03-25 14:58:31.100] [INFO] [embedded_mqtt_client.c:261] 收到历史数据查询请求
[2025-03-25 14:58:31.101] [INFO] [embedded_mqtt_client.c:285] 查询历史数据 - 开始时间: 2025-03-25 13:58:00, 结束时间: 2025-03-25 14:58:00
[2025-03-25 14:58:31.102] [INFO] [xml_config_parser.cpp:380] 发送历史数据 - 记录数: 1
[2025-03-25 14:58:31.121] [INFO] [embedded_mqtt_client.c:306] 主题 [dataCenter/JSON/LD1/YX] 数据摘要:
[2025-03-25 14:58:31.122] [INFO] [embedded_mqtt_client.c:307] 时间戳: 2025-03-25 11:06:46.482
[2025-03-25 14:58:31.122] [INFO] [embedded_mqtt_client.c:308] 数据项数量: 2
[2025-03-25 14:58:31.122] [INFO] [embedded_mqtt_client.c:328] 数据项 0 - addr: 0, val: 1.000000
[2025-03-25 14:58:31.122] [INFO] [embedded_mqtt_client.c:328] 数据项 1 - addr: 2, val: 1.000000
[2025-03-25 14:58:31.122] [INFO] [embedded_mqtt_client.c:199] 收到主题 [dataCenter/JSON/LD1/YX] 的消息
[2025-03-25 14:58:31.122] [INFO] [embedded_mqtt_client.c:231] 处理主题 [dataCenter/JSON/LD1/YX] 的数据
[2025-03-25 14:58:31.122] [DEBUG] [embedded_mqtt_client.c:565] 更新数据 - topic: dataCenter/JSON/LD1/YX, addr: 2, val: 1.000000
[2025-03-25 14:58:31.122] [INFO] [embedded_mqtt_client.c:261] 收到历史数据查询请求
[2025-03-25 14:58:31.122] [INFO] [embedded_mqtt_client.c:285] 查询历史数据 - 开始时间: 2025-03-25 13:58:00, 结束时间: 2025-03-25 14:58:00
[2025-03-25 14:58:31.124] [INFO] [xml_config_parser.cpp:380] 发送历史数据 - 记录数: 1
[2025-03-25 14:58:31.143] [INFO] [embedded_mqtt_client.c:306] 主题 [dataCenter/JSON/LD1/YX] 数据摘要:
[2025-03-25 14:58:31.143] [INFO] [embedded_mqtt_client.c:307] 时间戳: 2025-03-25 11:06:46.482
[2025-03-25 14:58:31.144] [INFO] [embedded_mqtt_client.c:308] 数据项数量: 2
[2025-03-25 14:58:31.144] [INFO] [embedded_mqtt_client.c:328] 数据项 0 - addr: 0, val: 1.000000
[2025-03-25 14:58:31.144] [INFO] [embedded_mqtt_client.c:328] 数据项 1 - addr: 2, val: 1.000000
[2025-03-25 14:58:31.144] [INFO] [embedded_mqtt_client.c:199] 收到主题 [dataCenter/JSON/LD1/YX] 的消息
[2025-03-25 14:58:31.144] [INFO] [embedded_mqtt_client.c:231] 处理主题 [dataCenter/JSON/LD1/YX] 的数据
[2025-03-25 14:58:31.144] [DEBUG] [embedded_mqtt_client.c:565] 更新数据 - topic: dataCenter/JSON/LD1/YX, addr: 2, val: 1.000000
[2025-03-25 14:58:31.144] [INFO] [embedded_mqtt_client.c:261] 收到历史数据查询请求
[2025-03-25 14:58:31.144] [INFO] [embedded_mqtt_client.c:285] 查询历史数据 - 开始时间: 2025-03-25 13:58:00, 结束时间: 2025-03-25 14:58:00
[2025-03-25 14:58:31.146] [INFO] [xml_config_parser.cpp:380] 发送历史数据 - 记录数: 1
[2025-03-25 14:58:31.165] [INFO] [embedded_mqtt_client.c:306] 主题 [dataCenter/JSON/LD1/YX] 数据摘要:
[2025-03-25 14:58:31.165] [INFO] [embedded_mqtt_client.c:307] 时间戳: 2025-03-25 11:06:46.482
[2025-03-25 14:58:31.165] [INFO] [embedded_mqtt_client.c:308] 数据项数量: 2
[2025-03-25 14:58:31.165] [INFO] [embedded_mqtt_client.c:328] 数据项 0 - addr: 0, val: 1.000000
[2025-03-25 14:58:31.165] [INFO] [embedded_mqtt_client.c:328] 数据项 1 - addr: 2, val: 1.000000
[2025-03-25 14:58:31.165] [INFO] [embedded_mqtt_client.c:199] 收到主题 [dataCenter/JSON/LD1/YX] 的消息
[2025-03-25 14:58:31.166] [INFO] [embedded_mqtt_client.c:231] 处理主题 [dataCenter/JSON/LD1/YX] 的数据
[2025-03-25 14:58:31.166] [DEBUG] [embedded_mqtt_client.c:565] 更新数据 - topic: dataCenter/JSON/LD1/YX, addr: 2, val: 1.000000
[2025-03-25 14:58:31.166] [INFO] [embedded_mqtt_client.c:261] 收到历史数据查询请求
[2025-03-25 14:58:31.166] [INFO] [embedded_mqtt_client.c:285] 查询历史数据 - 开始时间: 2025-03-25 13:58:00, 结束时间: 2025-03-25 14:58:00
[2025-03-25 14:58:31.168] [INFO] [xml_config_parser.cpp:380] 发送历史数据 - 记录数: 1
[2025-03-25 14:58:31.187] [INFO] [embedded_mqtt_client.c:306] 主题 [dataCenter/JSON/LD1/YX] 数据摘要:
[2025-03-25 14:58:31.187] [INFO] [embedded_mqtt_client.c:307] 时间戳: 2025-03-25 11:06:46.482
[2025-03-25 14:58:31.187] [INFO] [embedded_mqtt_client.c:308] 数据项数量: 2
[2025-03-25 14:58:31.187] [INFO] [embedded_mqtt_client.c:328] 数据项 0 - addr: 0, val: 1.000000
[2025-03-25 14:58:31.187] [INFO] [embedded_mqtt_client.c:328] 数据项 1 - addr: 2, val: 1.000000
[2025-03-25 14:58:31.187] [INFO] [embedded_mqtt_client.c:199] 收到主题 [dataCenter/JSON/LD1/YX] 的消息
[2025-03-25 14:58:31.187] [INFO] [embedded_mqtt_client.c:231] 处理主题 [dataCenter/JSON/LD1/YX] 的数据
[2025-03-25 14:58:31.187] [DEBUG] [embedded_mqtt_client.c:565] 更新数据 - topic: dataCenter/JSON/LD1/YX, addr: 2, val: 1.000000
[2025-03-25 14:58:31.187] [INFO] [embedded_mqtt_client.c:261] 收到历史数据查询请求
[2025-03-25 14:58:31.188] [INFO] [embedded_mqtt_client.c:285] 查询历史数据 - 开始时间: 2025-03-25 13:58:00, 结束时间: 2025-03-25 14:58:00
[2025-03-25 14:58:31.189] [INFO] [xml_config_parser.cpp:380] 发送历史数据 - 记录数: 1
[2025-03-25 14:58:31.209] [INFO] [embedded_mqtt_client.c:306] 主题 [dataCenter/JSON/LD1/YX] 数据摘要:
[2025-03-25 14:58:31.209] [INFO] [embedded_mqtt_client.c:307] 时间戳: 2025-03-25 11:06:46.482
[2025-03-25 14:58:31.209] [INFO] [embedded_mqtt_client.c:308] 数据项数量: 2
[2025-03-25 14:58:31.209] [INFO] [embedded_mqtt_client.c:328] 数据项 0 - addr: 0, val: 1.000000
[2025-03-25 14:58:31.209] [INFO] [embedded_mqtt_client.c:328] 数据项 1 - addr: 2, val: 1.000000
[2025-03-25 14:58:31.209] [INFO] [embedded_mqtt_client.c:199] 收到主题 [dataCenter/JSON/LD1/YX] 的消息
[2025-03-25 14:58:31.209] [INFO] [embedded_mqtt_client.c:231] 处理主题 [dataCenter/JSON/LD1/YX] 的数据
[2025-03-25 14:58:31.209] [DEBUG] [embedded_mqtt_client.c:565] 更新数据 - topic: dataCenter/JSON/LD1/YX, addr: 2, val: 1.000000
[2025-03-25 14:58:31.209] [INFO] [embedded_mqtt_client.c:261] 收到历史数据查询请求
[2025-03-25 14:58:31.209] [INFO] [embedded_mqtt_client.c:285] 查询历史数据 - 开始时间: 2025-03-25 13:58:00, 结束时间: 2025-03-25 14:58:00
[2025-03-25 14:58:31.211] [INFO] [xml_config_parser.cpp:380] 发送历史数据 - 记录数: 1
[2025-03-25 14:58:31.230] [INFO] [embedded_mqtt_client.c:306] 主题 [dataCenter/JSON/LD1/YX] 数据摘要:
[2025-03-25 14:58:31.231] [INFO] [embedded_mqtt_client.c:307] 时间戳: 2025-03-25 11:06:46.482
[2025-03-25 14:58:31.231] [INFO] [embedded_mqtt_client.c:308] 数据项数量: 2
[2025-03-25 14:58:31.231] [INFO] [embedded_mqtt_client.c:328] 数据项 0 - addr: 0, val: 1.000000
[2025-03-25 14:58:31.231] [INFO] [embedded_mqtt_client.c:328] 数据项 1 - addr: 2, val: 1.000000
[2025-03-25 14:58:31.231] [INFO] [embedded_mqtt_client.c:199] 收到主题 [dataCenter/JSON/LD1/YX] 的消息
[2025-03-25 14:58:31.231] [INFO] [embedded_mqtt_client.c:231] 处理主题 [dataCenter/JSON/LD1/YX] 的数据
[2025-03-25 14:58:31.231] [DEBUG] [embedded_mqtt_client.c:565] 更新数据 - topic: dataCenter/JSON/LD1/YX, addr: 2, val: 1.000000
[2025-03-25 14:58:31.231] [INFO] [embedded_mqtt_client.c:261] 收到历史数据查询请求
[2025-03-25 14:58:31.231] [INFO] [embedded_mqtt_client.c:285] 查询历史数据 - 开始时间: 2025-03-25 13:58:00, 结束时间: 2025-03-25 14:58:00
[2025-03-25 14:58:31.233] [INFO] [xml_config_parser.cpp:380] 发送历史数据 - 记录数: 1
[2025-03-25 14:58:31.252] [INFO] [embedded_mqtt_client.c:306] 主题 [dataCenter/JSON/LD1/YX] 数据摘要:
[2025-03-25 14:58:31.252] [INFO] [embedded_mqtt_client.c:307] 时间戳: 2025-03-25 11:06:46.482
[2025-03-25 14:58:31.253] [INFO] [embedded_mqtt_client.c:308] 数据项数量: 2
[2025-03-25 14:58:31.253] [INFO] [embedded_mqtt_client.c:328] 数据项 0 - addr: 0, val: 1.000000
[2025-03-25 14:58:31.253] [INFO] [embedded_mqtt_client.c:328] 数据项 1 - addr: 2, val: 1.000000
[2025-03-25 14:58:31.253] [INFO] [embedded_mqtt_client.c:199] 收到主题 [dataCenter/JSON/LD1/YX] 的消息
[2025-03-25 14:58:31.253] [INFO] [embedded_mqtt_client.c:231] 处理主题 [dataCenter/JSON/LD1/YX] 的数据
[2025-03-25 14:58:31.253] [DEBUG] [embedded_mqtt_client.c:565] 更新数据 - topic: dataCenter/JSON/LD1/YX, addr: 2, val: 1.000000
[2025-03-25 14:58:31.253] [INFO] [embedded_mqtt_client.c:261] 收到历史数据查询请求
[2025-03-25 14:58:31.253] [INFO] [embedded_mqtt_client.c:285] 查询历史数据 - 开始时间: 2025-03-25 13:58:00, 结束时间: 2025-03-25 14:58:00
[2025-03-25 14:58:31.255] [INFO] [xml_config_parser.cpp:380] 发送历史数据 - 记录数: 1
[2025-03-25 14:58:31.274] [INFO] [embedded_mqtt_client.c:306] 主题 [dataCenter/JSON/LD1/YX] 数据摘要:
[2025-03-25 14:58:31.274] [INFO] [embedded_mqtt_client.c:307] 时间戳: 2025-03-25 11:06:46.482
[2025-03-25 14:58:31.274] [INFO] [embedded_mqtt_client.c:308] 数据项数量: 2
[2025-03-25 14:58:31.274] [INFO] [embedded_mqtt_client.c:328] 数据项 0 - addr: 0, val: 1.000000
[2025-03-25 14:58:31.275] [INFO] [embedded_mqtt_client.c:328] 数据项 1 - addr: 2, val: 1.000000
[2025-03-25 14:58:31.275] [INFO] [embedded_mqtt_client.c:199] 收到主题 [dataCenter/JSON/LD1/YX] 的消息
[2025-03-25 14:58:31.275] [INFO] [embedded_mqtt_client.c:231] 处理主题 [dataCenter/JSON/LD1/YX] 的数据
[2025-03-25 14:58:31.275] [DEBUG] [embedded_mqtt_client.c:565] 更新数据 - topic: dataCenter/JSON/LD1/YX, addr: 2, val: 1.000000
[2025-03-25 14:58:31.275] [INFO] [embedded_mqtt_client.c:261] 收到历史数据查询请求
[2025-03-25 14:58:31.275] [INFO] [embedded_mqtt_client.c:285] 查询历史数据 - 开始时间: 2025-03-25 13:58:00, 结束时间: 2025-03-25 14:58:00
[2025-03-25 14:58:31.277] [INFO] [xml_config_parser.cpp:380] 发送历史数据 - 记录数: 1
[2025-03-25 14:58:31.296] [INFO] [embedded_mqtt_client.c:306] 主题 [dataCenter/JSON/LD1/YX] 数据摘要:
[2025-03-25 14:58:31.297] [INFO] [embedded_mqtt_client.c:307] 时间戳: 2025-03-25 11:06:46.482
[2025-03-25 14:58:31.297] [INFO] [embedded_mqtt_client.c:308] 数据项数量: 2
[2025-03-25 14:58:31.297] [INFO] [embedded_mqtt_client.c:328] 数据项 0 - addr: 0, val: 1.000000
[2025-03-25 14:58:31.297] [INFO] [embedded_mqtt_client.c:328] 数据项 1 - addr: 2, val: 1.000000
[2025-03-25 14:58:31.297] [INFO] [embedded_mqtt_client.c:199] 收到主题 [dataCenter/JSON/LD1/YX] 的消息
[2025-03-25 14:58:31.297] [INFO] [embedded_mqtt_client.c:231] 处理主题 [dataCenter/JSON/LD1/YX] 的数据
[2025-03-25 14:58:31.297] [DEBUG] [embedded_mqtt_client.c:565] 更新数据 - topic: dataCenter/JSON/LD1/YX, addr: 2, val: 1.000000
[2025-03-25 14:58:31.297] [INFO] [embedded_mqtt_client.c:261] 收到历史数据查询请求
[2025-03-25 14:58:31.297] [INFO] [embedded_mqtt_client.c:285] 查询历史数据 - 开始时间: 2025-03-25 13:58:00, 结束时间: 2025-03-25 14:58:00
[2025-03-25 14:58:31.299] [INFO] [xml_config_parser.cpp:380] 发送历史数据 - 记录数: 1
[2025-03-25 14:58:31.318] [INFO] [embedded_mqtt_client.c:306] 主题 [dataCenter/JSON/LD1/YX] 数据摘要:
[2025-03-25 14:58:31.319] [INFO] [embedded_mqtt_client.c:307] 时间戳: 2025-03-25 11:06:46.482
[2025-03-25 14:58:31.319] [INFO] [embedded_mqtt_client.c:308] 数据项数量: 2
[2025-03-25 14:58:31.319] [INFO] [embedded_mqtt_client.c:328] 数据项 0 - addr: 0, val: 1.000000
[2025-03-25 14:58:31.319] [INFO] [embedded_mqtt_client.c:328] 数据项 1 - addr: 2, val: 1.000000
[2025-03-25 14:58:31.319] [INFO] [embedded_mqtt_client.c:199] 收到主题 [dataCenter/JSON/LD1/YX] 的消息
[2025-03-25 14:58:31.319] [INFO] [embedded_mqtt_client.c:231] 处理主题 [dataCenter/JSON/LD1/YX] 的数据
[2025-03-25 14:58:31.319] [DEBUG] [embedded_mqtt_client.c:565] 更新数据 - topic: dataCenter/JSON/LD1/YX, addr: 2, val: 1.000000
[2025-03-25 14:58:31.319] [INFO] [embedded_mqtt_client.c:261] 收到历史数据查询请求
[2025-03-25 14:58:31.319] [INFO] [embedded_mqtt_client.c:285] 查询历史数据 - 开始时间: 2025-03-25 13:58:00, 结束时间: 2025-03-25 14:58:00
[2025-03-25 14:58:31.321] [INFO] [xml_config_parser.cpp:380] 发送历史数据 - 记录数: 1
[2025-03-25 14:58:31.340] [INFO] [embedded_mqtt_client.c:306] 主题 [dataCenter/JSON/LD1/YX] 数据摘要:
[2025-03-25 14:58:31.341] [INFO] [embedded_mqtt_client.c:307] 时间戳: 2025-03-25 11:06:46.482
[2025-03-25 14:58:31.341] [INFO] [embedded_mqtt_client.c:308] 数据项数量: 2
[2025-03-25 14:58:31.341] [INFO] [embedded_mqtt_client.c:328] 数据项 0 - addr: 0, val: 1.000000
[2025-03-25 14:58:31.341] [INFO] [embedded_mqtt_client.c:328] 数据项 1 - addr: 2, val: 1.000000
[2025-03-25 14:58:31.341] [INFO] [embedded_mqtt_client.c:199] 收到主题 [dataCenter/JSON/LD1/YX] 的消息
[2025-03-25 14:58:31.341] [INFO] [embedded_mqtt_client.c:231] 处理主题 [dataCenter/JSON/LD1/YX] 的数据
[2025-03-25 14:58:31.341] [DEBUG] [embedded_mqtt_client.c:565] 更新数据 - topic: dataCenter/JSON/LD1/YX, addr: 2, val: 1.000000
[2025-03-25 14:58:31.341] [INFO] [embedded_mqtt_client.c:261] 收到历史数据查询请求
[2025-03-25 14:58:31.341] [INFO] [embedded_mqtt_client.c:285] 查询历史数据 - 开始时间: 2025-03-25 13:58:00, 结束时间: 2025-03-25 14:58:00
[2025-03-25 14:58:31.343] [INFO] [xml_config_parser.cpp:380] 发送历史数据 - 记录数: 1
[2025-03-25 14:58:31.363] [INFO] [embedded_mqtt_client.c:306] 主题 [dataCenter/JSON/LD1/YX] 数据摘要:
[2025-03-25 14:58:31.363] [INFO] [embedded_mqtt_client.c:307] 时间戳: 2025-03-25 11:06:46.482
[2025-03-25 14:58:31.363] [INFO] [embedded_mqtt_client.c:308] 数据项数量: 2
[2025-03-25 14:58:31.363] [INFO] [embedded_mqtt_client.c:328] 数据项 0 - addr: 0, val: 1.000000
[2025-03-25 14:58:31.363] [INFO] [embedded_mqtt_client.c:328] 数据项 1 - addr: 2, val: 1.000000
[2025-03-25 14:58:31.363] [INFO] [embedded_mqtt_client.c:199] 收到主题 [dataCenter/JSON/LD1/YX] 的消息
[2025-03-25 14:58:31.363] [INFO] [embedded_mqtt_client.c:231] 处理主题 [dataCenter/JSON/LD1/YX] 的数据
[2025-03-25 14:58:31.363] [DEBUG] [embedded_mqtt_client.c:565] 更新数据 - topic: dataCenter/JSON/LD1/YX, addr: 2, val: 1.000000
[2025-03-25 14:58:31.363] [INFO] [embedded_mqtt_client.c:261] 收到历史数据查询请求
[2025-03-25 14:58:31.363] [INFO] [embedded_mqtt_client.c:285] 查询历史数据 - 开始时间: 2025-03-25 13:58:00, 结束时间: 2025-03-25 14:58:00
[2025-03-25 14:58:31.365] [INFO] [xml_config_parser.cpp:380] 发送历史数据 - 记录数: 1
[2025-03-25 14:58:31.385] [INFO] [embedded_mqtt_client.c:306] 主题 [dataCenter/JSON/LD1/YX] 数据摘要:
[2025-03-25 14:58:31.385] [INFO] [embedded_mqtt_client.c:307] 时间戳: 2025-03-25 11:06:46.482
[2025-03-25 14:58:31.385] [INFO] [embedded_mqtt_client.c:308] 数据项数量: 2
[2025-03-25 14:58:31.385] [INFO] [embedded_mqtt_client.c:328] 数据项 0 - addr: 0, val: 1.000000
[2025-03-25 14:58:31.385] [INFO] [embedded_mqtt_client.c:328] 数据项 1 - addr: 2, val: 1.000000
[2025-03-25 14:58:31.386] [INFO] [embedded_mqtt_client.c:199] 收到主题 [dataCenter/JSON/LD1/YX] 的消息
[2025-03-25 14:58:31.386] [INFO] [embedded_mqtt_client.c:231] 处理主题 [dataCenter/JSON/LD1/YX] 的数据
[2025-03-25 14:58:31.386] [DEBUG] [embedded_mqtt_client.c:565] 更新数据 - topic: dataCenter/JSON/LD1/YX, addr: 2, val: 1.000000
[2025-03-25 14:58:31.386] [INFO] [embedded_mqtt_client.c:261] 收到历史数据查询请求
[2025-03-25 14:58:31.386] [INFO] [embedded_mqtt_client.c:285] 查询历史数据 - 开始时间: 2025-03-25 13:58:00, 结束时间: 2025-03-25 14:58:00
[2025-03-25 14:58:31.388] [INFO] [xml_config_parser.cpp:380] 发送历史数据 - 记录数: 1
[2025-03-25 14:58:31.407] [INFO] [embedded_mqtt_client.c:306] 主题 [dataCenter/JSON/LD1/YX] 数据摘要:
[2025-03-25 14:58:31.408] [INFO] [embedded_mqtt_client.c:307] 时间戳: 2025-03-25 11:06:46.482
[2025-03-25 14:58:31.408] [INFO] [embedded_mqtt_client.c:308] 数据项数量: 2
[2025-03-25 14:58:31.408] [INFO] [embedded_mqtt_client.c:328] 数据项 0 - addr: 0, val: 1.000000
[2025-03-25 14:58:31.408] [INFO] [embedded_mqtt_client.c:328] 数据项 1 - addr: 2, val: 1.000000
[2025-03-25 14:58:31.408] [INFO] [embedded_mqtt_client.c:199] 收到主题 [dataCenter/JSON/LD1/YX] 的消息
[2025-03-25 14:58:31.408] [INFO] [embedded_mqtt_client.c:231] 处理主题 [dataCenter/JSON/LD1/YX] 的数据
[2025-03-25 14:58:31.408] [DEBUG] [embedded_mqtt_client.c:565] 更新数据 - topic: dataCenter/JSON/LD1/YX, addr: 2, val: 1.000000
[2025-03-25 14:58:31.408] [INFO] [embedded_mqtt_client.c:261] 收到历史数据查询请求
[2025-03-25 14:58:31.408] [INFO] [embedded_mqtt_client.c:285] 查询历史数据 - 开始时间: 2025-03-25 13:58:00, 结束时间: 2025-03-25 14:58:00
[2025-03-25 14:58:31.410] [INFO] [xml_config_parser.cpp:380] 发送历史数据 - 记录数: 1
[2025-03-25 14:58:31.429] [INFO] [embedded_mqtt_client.c:306] 主题 [dataCenter/JSON/LD1/YX] 数据摘要:
[2025-03-25 14:58:31.430] [INFO] [embedded_mqtt_client.c:307] 时间戳: 2025-03-25 11:06:46.482
[2025-03-25 14:58:31.430] [INFO] [embedded_mqtt_client.c:308] 数据项数量: 2
[2025-03-25 14:58:31.430] [INFO] [embedded_mqtt_client.c:328] 数据项 0 - addr: 0, val: 1.000000
[2025-03-25 14:58:31.430] [INFO] [embedded_mqtt_client.c:328] 数据项 1 - addr: 2, val: 1.000000
[2025-03-25 14:58:31.430] [INFO] [embedded_mqtt_client.c:199] 收到主题 [dataCenter/JSON/LD1/YX] 的消息
[2025-03-25 14:58:31.430] [INFO] [embedded_mqtt_client.c:231] 处理主题 [dataCenter/JSON/LD1/YX] 的数据
[2025-03-25 14:58:31.430] [DEBUG] [embedded_mqtt_client.c:565] 更新数据 - topic: dataCenter/JSON/LD1/YX, addr: 2, val: 1.000000
[2025-03-25 14:58:31.430] [INFO] [embedded_mqtt_client.c:261] 收到历史数据查询请求
[2025-03-25 14:58:31.430] [INFO] [embedded_mqtt_client.c:285] 查询历史数据 - 开始时间: 2025-03-25 13:58:00, 结束时间: 2025-03-25 14:58:00
[2025-03-25 14:58:31.432] [INFO] [xml_config_parser.cpp:380] 发送历史数据 - 记录数: 1
[2025-03-25 14:58:31.451] [INFO] [embedded_mqtt_client.c:306] 主题 [dataCenter/JSON/LD1/YX] 数据摘要:
[2025-03-25 14:58:31.451] [INFO] [embedded_mqtt_client.c:307] 时间戳: 2025-03-25 11:06:46.482
[2025-03-25 14:58:31.451] [INFO] [embedded_mqtt_client.c:308] 数据项数量: 2
[2025-03-25 14:58:31.452] [INFO] [embedded_mqtt_client.c:328] 数据项 0 - addr: 0, val: 1.000000
[2025-03-25 14:58:31.452] [INFO] [embedded_mqtt_client.c:328] 数据项 1 - addr: 2, val: 1.000000
[2025-03-25 14:58:31.452] [INFO] [embedded_mqtt_client.c:199] 收到主题 [dataCenter/JSON/LD1/YX] 的消息
[2025-03-25 14:58:31.452] [INFO] [embedded_mqtt_client.c:231] 处理主题 [dataCenter/JSON/LD1/YX] 的数据
[2025-03-25 14:58:31.452] [DEBUG] [embedded_mqtt_client.c:565] 更新数据 - topic: dataCenter/JSON/LD1/YX, addr: 2, val: 1.000000
[2025-03-25 14:58:31.452] [INFO] [embedded_mqtt_client.c:261] 收到历史数据查询请求
[2025-03-25 14:58:31.452] [INFO] [embedded_mqtt_client.c:285] 查询历史数据 - 开始时间: 2025-03-25 13:58:00, 结束时间: 2025-03-25 14:58:00
[2025-03-25 14:58:31.454] [INFO] [xml_config_parser.cpp:380] 发送历史数据 - 记录数: 1
[2025-03-25 14:58:31.473] [INFO] [embedded_mqtt_client.c:306] 主题 [dataCenter/JSON/LD1/YX] 数据摘要:
[2025-03-25 14:58:31.473] [INFO] [embedded_mqtt_client.c:307] 时间戳: 2025-03-25 11:06:46.482
[2025-03-25 14:58:31.473] [INFO] [embedded_mqtt_client.c:308] 数据项数量: 2
[2025-03-25 14:58:31.473] [INFO] [embedded_mqtt_client.c:328] 数据项 0 - addr: 0, val: 1.000000
[2025-03-25 14:58:31.474] [INFO] [embedded_mqtt_client.c:328] 数据项 1 - addr: 2, val: 1.000000
[2025-03-25 14:58:31.474] [INFO] [embedded_mqtt_client.c:199] 收到主题 [dataCenter/JSON/LD1/YX] 的消息
[2025-03-25 14:58:31.474] [INFO] [embedded_mqtt_client.c:231] 处理主题 [dataCenter/JSON/LD1/YX] 的数据
[2025-03-25 14:58:31.474] [DEBUG] [embedded_mqtt_client.c:565] 更新数据 - topic: dataCenter/JSON/LD1/YX, addr: 2, val: 1.000000
[2025-03-25 14:58:31.474] [INFO] [embedded_mqtt_client.c:261] 收到历史数据查询请求
[2025-03-25 14:58:31.474] [INFO] [embedded_mqtt_client.c:285] 查询历史数据 - 开始时间: 2025-03-25 13:58:00, 结束时间: 2025-03-25 14:58:00
[2025-03-25 14:58:31.476] [INFO] [xml_config_parser.cpp:380] 发送历史数据 - 记录数: 1
[2025-03-25 14:58:31.495] [INFO] [embedded_mqtt_client.c:306] 主题 [dataCenter/JSON/LD1/YX] 数据摘要:
[2025-03-25 14:58:31.495] [INFO] [embedded_mqtt_client.c:307] 时间戳: 2025-03-25 11:06:46.482
[2025-03-25 14:58:31.495] [INFO] [embedded_mqtt_client.c:308] 数据项数量: 2
[2025-03-25 14:58:31.495] [INFO] [embedded_mqtt_client.c:328] 数据项 0 - addr: 0, val: 1.000000
[2025-03-25 14:58:31.495] [INFO] [embedded_mqtt_client.c:328] 数据项 1 - addr: 2, val: 1.000000
[2025-03-25 14:58:31.495] [INFO] [embedded_mqtt_client.c:199] 收到主题 [dataCenter/JSON/LD1/YX] 的消息
[2025-03-25 14:58:31.495] [INFO] [embedded_mqtt_client.c:231] 处理主题 [dataCenter/JSON/LD1/YX] 的数据
[2025-03-25 14:58:31.496] [DEBUG] [embedded_mqtt_client.c:565] 更新数据 - topic: dataCenter/JSON/LD1/YX, addr: 2, val: 1.000000
[2025-03-25 14:58:31.496] [INFO] [embedded_mqtt_client.c:261] 收到历史数据查询请求
[2025-03-25 14:58:31.496] [INFO] [embedded_mqtt_client.c:285] 查询历史数据 - 开始时间: 2025-03-25 13:58:00, 结束时间: 2025-03-25 14:58:00
[2025-03-25 14:58:31.498] [INFO] [xml_config_parser.cpp:380] 发送历史数据 - 记录数: 1
[2025-03-25 14:58:31.517] [INFO] [embedded_mqtt_client.c:306] 主题 [dataCenter/JSON/LD1/YX] 数据摘要:
[2025-03-25 14:58:31.517] [INFO] [embedded_mqtt_client.c:307] 时间戳: 2025-03-25 11:06:46.482
[2025-03-25 14:58:31.517] [INFO] [embedded_mqtt_client.c:308] 数据项数量: 2
[2025-03-25 14:58:31.517] [INFO] [embedded_mqtt_client.c:328] 数据项 0 - addr: 0, val: 1.000000
[2025-03-25 14:58:31.517] [INFO] [embedded_mqtt_client.c:328] 数据项 1 - addr: 2, val: 1.000000
[2025-03-25 14:58:31.517] [INFO] [embedded_mqtt_client.c:199] 收到主题 [dataCenter/JSON/LD1/YX] 的消息
[2025-03-25 14:58:31.517] [INFO] [embedded_mqtt_client.c:231] 处理主题 [dataCenter/JSON/LD1/YX] 的数据
[2025-03-25 14:58:31.517] [DEBUG] [embedded_mqtt_client.c:565] 更新数据 - topic: dataCenter/JSON/LD1/YX, addr: 2, val: 1.000000
[2025-03-25 14:58:31.517] [INFO] [embedded_mqtt_client.c:261] 收到历史数据查询请求
[2025-03-25 14:58:31.518] [INFO] [embedded_mqtt_client.c:285] 查询历史数据 - 开始时间: 2025-03-25 13:58:00, 结束时间: 2025-03-25 14:58:00
[2025-03-25 14:58:31.519] [INFO] [xml_config_parser.cpp:380] 发送历史数据 - 记录数: 1
[2025-03-25 14:58:31.539] [INFO] [embedded_mqtt_client.c:306] 主题 [dataCenter/JSON/LD1/YX] 数据摘要:
[2025-03-25 14:58:31.539] [INFO] [embedded_mqtt_client.c:307] 时间戳: 2025-03-25 11:06:46.482
[2025-03-25 14:58:31.539] [INFO] [embedded_mqtt_client.c:308] 数据项数量: 2
[2025-03-25 14:58:31.539] [INFO] [embedded_mqtt_client.c:328] 数据项 0 - addr: 0, val: 1.000000
[2025-03-25 14:58:31.539] [INFO] [embedded_mqtt_client.c:328] 数据项 1 - addr: 2, val: 1.000000
[2025-03-25 14:58:31.539] [INFO] [embedded_mqtt_client.c:199] 收到主题 [dataCenter/JSON/LD1/YX] 的消息
[2025-03-25 14:58:31.539] [INFO] [embedded_mqtt_client.c:231] 处理主题 [dataCenter/JSON/LD1/YX] 的数据
[2025-03-25 14:58:31.539] [DEBUG] [embedded_mqtt_client.c:565] 更新数据 - topic: dataCenter/JSON/LD1/YX, addr: 2, val: 1.000000
[2025-03-25 14:58:31.539] [INFO] [embedded_mqtt_client.c:261] 收到历史数据查询请求
[2025-03-25 14:58:31.539] [INFO] [embedded_mqtt_client.c:285] 查询历史数据 - 开始时间: 2025-03-25 13:58:00, 结束时间: 2025-03-25 14:58:00
[2025-03-25 14:58:31.541] [INFO] [xml_config_parser.cpp:380] 发送历史数据 - 记录数: 1
[2025-03-25 14:58:31.561] [INFO] [embedded_mqtt_client.c:306] 主题 [dataCenter/JSON/LD1/YX] 数据摘要:
[2025-03-25 14:58:31.561] [INFO] [embedded_mqtt_client.c:307] 时间戳: 2025-03-25 11:06:46.482
[2025-03-25 14:58:31.561] [INFO] [embedded_mqtt_client.c:308] 数据项数量: 2
[2025-03-25 14:58:31.561] [INFO] [embedded_mqtt_client.c:328] 数据项 0 - addr: 0, val: 1.000000
[2025-03-25 14:58:31.561] [INFO] [embedded_mqtt_client.c:328] 数据项 1 - addr: 2, val: 1.000000
[2025-03-25 14:58:31.561] [INFO] [embedded_mqtt_client.c:199] 收到主题 [dataCenter/JSON/LD1/YX] 的消息
[2025-03-25 14:58:31.561] [INFO] [embedded_mqtt_client.c:231] 处理主题 [dataCenter/JSON/LD1/YX] 的数据
[2025-03-25 14:58:31.561] [DEBUG] [embedded_mqtt_client.c:565] 更新数据 - topic: dataCenter/JSON/LD1/YX, addr: 2, val: 1.000000
[2025-03-25 14:58:31.561] [INFO] [embedded_mqtt_client.c:261] 收到历史数据查询请求
[2025-03-25 14:58:31.561] [INFO] [embedded_mqtt_client.c:285] 查询历史数据 - 开始时间: 2025-03-25 13:58:00, 结束时间: 2025-03-25 14:58:00
[2025-03-25 14:58:31.563] [INFO] [xml_config_parser.cpp:380] 发送历史数据 - 记录数: 1
[2025-03-25 14:58:31.582] [INFO] [embedded_mqtt_client.c:306] 主题 [dataCenter/JSON/LD1/YX] 数据摘要:
[2025-03-25 14:58:31.583] [INFO] [embedded_mqtt_client.c:307] 时间戳: 2025-03-25 11:06:46.482
[2025-03-25 14:58:31.583] [INFO] [embedded_mqtt_client.c:308] 数据项数量: 2
[2025-03-25 14:58:31.583] [INFO] [embedded_mqtt_client.c:328] 数据项 0 - addr: 0, val: 1.000000
[2025-03-25 14:58:31.583] [INFO] [embedded_mqtt_client.c:328] 数据项 1 - addr: 2, val: 1.000000
[2025-03-25 14:58:31.583] [INFO] [embedded_mqtt_client.c:199] 收到主题 [dataCenter/JSON/LD1/YX] 的消息
[2025-03-25 14:58:31.583] [INFO] [embedded_mqtt_client.c:231] 处理主题 [dataCenter/JSON/LD1/YX] 的数据
[2025-03-25 14:58:31.583] [DEBUG] [embedded_mqtt_client.c:565] 更新数据 - topic: dataCenter/JSON/LD1/YX, addr: 2, val: 1.000000
[2025-03-25 14:58:31.583] [INFO] [embedded_mqtt_client.c:261] 收到历史数据查询请求
[2025-03-25 14:58:31.583] [INFO] [embedded_mqtt_client.c:285] 查询历史数据 - 开始时间: 2025-03-25 13:58:00, 结束时间: 2025-03-25 14:58:00
[2025-03-25 14:58:31.585] [INFO] [xml_config_parser.cpp:380] 发送历史数据 - 记录数: 1
[2025-03-25 14:58:31.604] [INFO] [embedded_mqtt_client.c:306] 主题 [dataCenter/JSON/LD1/YX] 数据摘要:
[2025-03-25 14:58:31.604] [INFO] [embedded_mqtt_client.c:307] 时间戳: 2025-03-25 11:06:46.482
[2025-03-25 14:58:31.604] [INFO] [embedded_mqtt_client.c:308] 数据项数量: 2
[2025-03-25 14:58:31.605] [INFO] [embedded_mqtt_client.c:328] 数据项 0 - addr: 0, val: 1.000000
[2025-03-25 14:58:31.605] [INFO] [embedded_mqtt_client.c:328] 数据项 1 - addr: 2, val: 1.000000
[2025-03-25 14:58:31.605] [INFO] [embedded_mqtt_client.c:199] 收到主题 [dataCenter/JSON/LD1/YX] 的消息
[2025-03-25 14:58:31.605] [INFO] [embedded_mqtt_client.c:231] 处理主题 [dataCenter/JSON/LD1/YX] 的数据
[2025-03-25 14:58:31.605] [DEBUG] [embedded_mqtt_client.c:565] 更新数据 - topic: dataCenter/JSON/LD1/YX, addr: 2, val: 1.000000
[2025-03-25 14:58:31.605] [INFO] [embedded_mqtt_client.c:261] 收到历史数据查询请求
[2025-03-25 14:58:31.605] [INFO] [embedded_mqtt_client.c:285] 查询历史数据 - 开始时间: 2025-03-25 13:58:00, 结束时间: 2025-03-25 14:58:00
[2025-03-25 14:58:31.607] [INFO] [xml_config_parser.cpp:380] 发送历史数据 - 记录数: 1
[2025-03-25 14:58:31.626] [INFO] [embedded_mqtt_client.c:306] 主题 [dataCenter/JSON/LD1/YX] 数据摘要:
[2025-03-25 14:58:31.626] [INFO] [embedded_mqtt_client.c:307] 时间戳: 2025-03-25 11:06:46.482
[2025-03-25 14:58:31.626] [INFO] [embedded_mqtt_client.c:308] 数据项数量: 2
[2025-03-25 14:58:31.627] [INFO] [embedded_mqtt_client.c:328] 数据项 0 - addr: 0, val: 1.000000
[2025-03-25 14:58:31.627] [INFO] [embedded_mqtt_client.c:328] 数据项 1 - addr: 2, val: 1.000000
[2025-03-25 14:58:31.627] [INFO] [embedded_mqtt_client.c:199] 收到主题 [dataCenter/JSON/LD1/YX] 的消息
[2025-03-25 14:58:31.627] [INFO] [embedded_mqtt_client.c:231] 处理主题 [dataCenter/JSON/LD1/YX] 的数据
[2025-03-25 14:58:31.627] [DEBUG] [embedded_mqtt_client.c:565] 更新数据 - topic: dataCenter/JSON/LD1/YX, addr: 2, val: 1.000000
[2025-03-25 14:58:31.627] [INFO] [embedded_mqtt_client.c:261] 收到历史数据查询请求
[2025-03-25 14:58:31.627] [INFO] [embedded_mqtt_client.c:285] 查询历史数据 - 开始时间: 2025-03-25 13:58:00, 结束时间: 2025-03-25 14:58:00
[2025-03-25 14:58:31.629] [INFO] [xml_config_parser.cpp:380] 发送历史数据 - 记录数: 1
[2025-03-25 14:58:31.648] [INFO] [embedded_mqtt_client.c:306] 主题 [dataCenter/JSON/LD1/YX] 数据摘要:
[2025-03-25 14:58:31.648] [INFO] [embedded_mqtt_client.c:307] 时间戳: 2025-03-25 11:06:46.482
[2025-03-25 14:58:31.648] [INFO] [embedded_mqtt_client.c:308] 数据项数量: 2
[2025-03-25 14:58:31.648] [INFO] [embedded_mqtt_client.c:328] 数据项 0 - addr: 0, val: 1.000000
[2025-03-25 14:58:31.648] [INFO] [embedded_mqtt_client.c:328] 数据项 1 - addr: 2, val: 1.000000
[2025-03-25 14:58:31.648] [INFO] [embedded_mqtt_client.c:199] 收到主题 [dataCenter/JSON/LD1/YX] 的消息
[2025-03-25 14:58:31.649] [INFO] [embedded_mqtt_client.c:231] 处理主题 [dataCenter/JSON/LD1/YX] 的数据
[2025-03-25 14:58:31.649] [DEBUG] [embedded_mqtt_client.c:565] 更新数据 - topic: dataCenter/JSON/LD1/YX, addr: 2, val: 1.000000
[2025-03-25 14:58:31.649] [INFO] [embedded_mqtt_client.c:261] 收到历史数据查询请求
[2025-03-25 14:58:31.649] [INFO] [embedded_mqtt_client.c:285] 查询历史数据 - 开始时间: 2025-03-25 13:58:00, 结束时间: 2025-03-25 14:58:00
[2025-03-25 14:58:31.651] [INFO] [xml_config_parser.cpp:380] 发送历史数据 - 记录数: 1
[2025-03-25 14:58:31.670] [INFO] [embedded_mqtt_client.c:306] 主题 [dataCenter/JSON/LD1/YX] 数据摘要:
[2025-03-25 14:58:31.670] [INFO] [embedded_mqtt_client.c:307] 时间戳: 2025-03-25 11:06:46.482
[2025-03-25 14:58:31.670] [INFO] [embedded_mqtt_client.c:308] 数据项数量: 2
[2025-03-25 14:58:31.671] [INFO] [embedded_mqtt_client.c:328] 数据项 0 - addr: 0, val: 1.000000
[2025-03-25 14:58:31.671] [INFO] [embedded_mqtt_client.c:328] 数据项 1 - addr: 2, val: 1.000000
[2025-03-25 14:58:31.671] [INFO] [embedded_mqtt_client.c:199] 收到主题 [dataCenter/JSON/LD1/YX] 的消息
[2025-03-25 14:58:31.671] [INFO] [embedded_mqtt_client.c:231] 处理主题 [dataCenter/JSON/LD1/YX] 的数据
[2025-03-25 14:58:31.671] [DEBUG] [embedded_mqtt_client.c:565] 更新数据 - topic: dataCenter/JSON/LD1/YX, addr: 2, val: 1.000000
[2025-03-25 14:58:31.671] [INFO] [embedded_mqtt_client.c:261] 收到历史数据查询请求
[2025-03-25 14:58:31.671] [INFO] [embedded_mqtt_client.c:285] 查询历史数据 - 开始时间: 2025-03-25 13:58:00, 结束时间: 2025-03-25 14:58:00
[2025-03-25 14:58:31.673] [INFO] [xml_config_parser.cpp:380] 发送历史数据 - 记录数: 1
[2025-03-25 14:58:31.692] [INFO] [embedded_mqtt_client.c:306] 主题 [dataCenter/JSON/LD1/YX] 数据摘要:
[2025-03-25 14:58:31.692] [INFO] [embedded_mqtt_client.c:307] 时间戳: 2025-03-25 11:06:46.482
[2025-03-25 14:58:31.692] [INFO] [embedded_mqtt_client.c:308] 数据项数量: 2
[2025-03-25 14:58:31.692] [INFO] [embedded_mqtt_client.c:328] 数据项 0 - addr: 0, val: 1.000000
[2025-03-25 14:58:31.692] [INFO] [embedded_mqtt_client.c:328] 数据项 1 - addr: 2, val: 1.000000
[2025-03-25 14:58:31.692] [INFO] [embedded_mqtt_client.c:199] 收到主题 [dataCenter/JSON/LD1/YX] 的消息
[2025-03-25 14:58:31.692] [INFO] [embedded_mqtt_client.c:231] 处理主题 [dataCenter/JSON/LD1/YX] 的数据
[2025-03-25 14:58:31.692] [DEBUG] [embedded_mqtt_client.c:565] 更新数据 - topic: dataCenter/JSON/LD1/YX, addr: 2, val: 1.000000
[2025-03-25 14:58:31.693] [INFO] [embedded_mqtt_client.c:261] 收到历史数据查询请求
[2025-03-25 14:58:31.693] [INFO] [embedded_mqtt_client.c:285] 查询历史数据 - 开始时间: 2025-03-25 13:58:00, 结束时间: 2025-03-25 14:58:00
[2025-03-25 14:58:31.695] [INFO] [xml_config_parser.cpp:380] 发送历史数据 - 记录数: 1
[2025-03-25 14:58:31.714] [INFO] [embedded_mqtt_client.c:306] 主题 [dataCenter/JSON/LD1/YX] 数据摘要:
[2025-03-25 14:58:31.714] [INFO] [embedded_mqtt_client.c:307] 时间戳: 2025-03-25 11:06:46.482
[2025-03-25 14:58:31.714] [INFO] [embedded_mqtt_client.c:308] 数据项数量: 2
[2025-03-25 14:58:31.714] [INFO] [embedded_mqtt_client.c:328] 数据项 0 - addr: 0, val: 1.000000
[2025-03-25 14:58:31.714] [INFO] [embedded_mqtt_client.c:328] 数据项 1 - addr: 2, val: 1.000000
[2025-03-25 14:58:31.714] [INFO] [embedded_mqtt_client.c:199] 收到主题 [dataCenter/JSON/LD1/YX] 的消息
[2025-03-25 14:58:31.714] [INFO] [embedded_mqtt_client.c:231] 处理主题 [dataCenter/JSON/LD1/YX] 的数据
[2025-03-25 14:58:31.714] [DEBUG] [embedded_mqtt_client.c:565] 更新数据 - topic: dataCenter/JSON/LD1/YX, addr: 2, val: 1.000000
[2025-03-25 14:58:31.714] [INFO] [embedded_mqtt_client.c:261] 收到历史数据查询请求
[2025-03-25 14:58:31.714] [INFO] [embedded_mqtt_client.c:285] 查询历史数据 - 开始时间: 2025-03-25 13:58:00, 结束时间: 2025-03-25 14:58:00
[2025-03-25 14:58:31.716] [INFO] [xml_config_parser.cpp:380] 发送历史数据 - 记录数: 1
[2025-03-25 14:58:31.737] [INFO] [embedded_mqtt_client.c:306] 主题 [dataCenter/JSON/LD1/YX] 数据摘要:
[2025-03-25 14:58:31.737] [INFO] [embedded_mqtt_client.c:307] 时间戳: 2025-03-25 11:06:46.482
[2025-03-25 14:58:31.737] [INFO] [embedded_mqtt_client.c:308] 数据项数量: 2
[2025-03-25 14:58:31.737] [INFO] [embedded_mqtt_client.c:328] 数据项 0 - addr: 0, val: 1.000000
[2025-03-25 14:58:31.737] [INFO] [embedded_mqtt_client.c:328] 数据项 1 - addr: 2, val: 1.000000
[2025-03-25 14:58:31.737] [INFO] [embedded_mqtt_client.c:199] 收到主题 [dataCenter/JSON/LD1/YX] 的消息
[2025-03-25 14:58:31.737] [INFO] [embedded_mqtt_client.c:231] 处理主题 [dataCenter/JSON/LD1/YX] 的数据
[2025-03-25 14:58:31.737] [DEBUG] [embedded_mqtt_client.c:565] 更新数据 - topic: dataCenter/JSON/LD1/YX, addr: 2, val: 1.000000
[2025-03-25 14:58:31.737] [INFO] [embedded_mqtt_client.c:261] 收到历史数据查询请求
[2025-03-25 14:58:31.737] [INFO] [embedded_mqtt_client.c:285] 查询历史数据 - 开始时间: 2025-03-25 13:58:00, 结束时间: 2025-03-25 14:58:00
[2025-03-25 14:58:31.739] [INFO] [xml_config_parser.cpp:380] 发送历史数据 - 记录数: 1
[2025-03-25 14:58:31.760] [INFO] [embedded_mqtt_client.c:306] 主题 [dataCenter/JSON/LD1/YX] 数据摘要:
[2025-03-25 14:58:31.761] [INFO] [embedded_mqtt_client.c:307] 时间戳: 2025-03-25 11:06:46.482
[2025-03-25 14:58:31.761] [INFO] [embedded_mqtt_client.c:308] 数据项数量: 2
[2025-03-25 14:58:31.761] [INFO] [embedded_mqtt_client.c:328] 数据项 0 - addr: 0, val: 1.000000
[2025-03-25 14:58:31.761] [INFO] [embedded_mqtt_client.c:328] 数据项 1 - addr: 2, val: 1.000000
[2025-03-25 14:58:31.761] [INFO] [embedded_mqtt_client.c:199] 收到主题 [dataCenter/JSON/LD1/YX] 的消息
[2025-03-25 14:58:31.761] [INFO] [embedded_mqtt_client.c:231] 处理主题 [dataCenter/JSON/LD1/YX] 的数据
[2025-03-25 14:58:31.761] [DEBUG] [embedded_mqtt_client.c:565] 更新数据 - topic: dataCenter/JSON/LD1/YX, addr: 2, val: 1.000000
[2025-03-25 14:58:31.761] [INFO] [embedded_mqtt_client.c:261] 收到历史数据查询请求
[2025-03-25 14:58:31.761] [INFO] [embedded_mqtt_client.c:285] 查询历史数据 - 开始时间: 2025-03-25 13:58:00, 结束时间: 2025-03-25 14:58:00
[2025-03-25 14:58:31.763] [INFO] [xml_config_parser.cpp:380] 发送历史数据 - 记录数: 1
[2025-03-25 14:58:31.782] [INFO] [embedded_mqtt_client.c:306] 主题 [dataCenter/JSON/LD1/YX] 数据摘要:
[2025-03-25 14:58:31.782] [INFO] [embedded_mqtt_client.c:307] 时间戳: 2025-03-25 11:06:46.482
[2025-03-25 14:58:31.783] [INFO] [embedded_mqtt_client.c:308] 数据项数量: 2
[2025-03-25 14:58:31.783] [INFO] [embedded_mqtt_client.c:328] 数据项 0 - addr: 0, val: 1.000000
[2025-03-25 14:58:31.783] [INFO] [embedded_mqtt_client.c:328] 数据项 1 - addr: 2, val: 1.000000
[2025-03-25 14:58:31.783] [INFO] [embedded_mqtt_client.c:199] 收到主题 [dataCenter/JSON/LD1/YX] 的消息
[2025-03-25 14:58:31.783] [INFO] [embedded_mqtt_client.c:231] 处理主题 [dataCenter/JSON/LD1/YX] 的数据
[2025-03-25 14:58:31.783] [DEBUG] [embedded_mqtt_client.c:565] 更新数据 - topic: dataCenter/JSON/LD1/YX, addr: 2, val: 1.000000
[2025-03-25 14:58:31.783] [INFO] [embedded_mqtt_client.c:261] 收到历史数据查询请求
[2025-03-25 14:58:31.783] [INFO] [embedded_mqtt_client.c:285] 查询历史数据 - 开始时间: 2025-03-25 13:58:00, 结束时间: 2025-03-25 14:58:00
[2025-03-25 14:58:31.785] [INFO] [xml_config_parser.cpp:380] 发送历史数据 - 记录数: 1
[2025-03-25 14:58:31.804] [INFO] [embedded_mqtt_client.c:306] 主题 [dataCenter/JSON/LD1/YX] 数据摘要:
[2025-03-25 14:58:31.805] [INFO] [embedded_mqtt_client.c:307] 时间戳: 2025-03-25 11:06:46.482
[2025-03-25 14:58:31.805] [INFO] [embedded_mqtt_client.c:308] 数据项数量: 2
[2025-03-25 14:58:31.805] [INFO] [embedded_mqtt_client.c:328] 数据项 0 - addr: 0, val: 1.000000
[2025-03-25 14:58:31.805] [INFO] [embedded_mqtt_client.c:328] 数据项 1 - addr: 2, val: 1.000000
[2025-03-25 14:58:31.805] [INFO] [embedded_mqtt_client.c:199] 收到主题 [dataCenter/JSON/LD1/YX] 的消息
[2025-03-25 14:58:31.805] [INFO] [embedded_mqtt_client.c:231] 处理主题 [dataCenter/JSON/LD1/YX] 的数据
[2025-03-25 14:58:31.805] [DEBUG] [embedded_mqtt_client.c:565] 更新数据 - topic: dataCenter/JSON/LD1/YX, addr: 2, val: 1.000000
[2025-03-25 14:58:31.805] [INFO] [embedded_mqtt_client.c:261] 收到历史数据查询请求
[2025-03-25 14:58:31.805] [INFO] [embedded_mqtt_client.c:285] 查询历史数据 - 开始时间: 2025-03-25 13:58:00, 结束时间: 2025-03-25 14:58:00
[2025-03-25 14:58:31.807] [INFO] [xml_config_parser.cpp:380] 发送历史数据 - 记录数: 1
[2025-03-25 14:58:31.826] [INFO] [embedded_mqtt_client.c:306] 主题 [dataCenter/JSON/LD1/YX] 数据摘要:
[2025-03-25 14:58:31.827] [INFO] [embedded_mqtt_client.c:307] 时间戳: 2025-03-25 11:06:46.482
[2025-03-25 14:58:31.827] [INFO] [embedded_mqtt_client.c:308] 数据项数量: 2
[2025-03-25 14:58:31.827] [INFO] [embedded_mqtt_client.c:328] 数据项 0 - addr: 0, val: 1.000000
[2025-03-25 14:58:31.827] [INFO] [embedded_mqtt_client.c:328] 数据项 1 - addr: 2, val: 1.000000
[2025-03-25 14:58:31.827] [INFO] [embedded_mqtt_client.c:199] 收到主题 [dataCenter/JSON/LD1/YX] 的消息
[2025-03-25 14:58:31.827] [INFO] [embedded_mqtt_client.c:231] 处理主题 [dataCenter/JSON/LD1/YX] 的数据
[2025-03-25 14:58:31.827] [DEBUG] [embedded_mqtt_client.c:565] 更新数据 - topic: dataCenter/JSON/LD1/YX, addr: 2, val: 1.000000
[2025-03-25 14:58:31.827] [INFO] [embedded_mqtt_client.c:261] 收到历史数据查询请求
[2025-03-25 14:58:31.827] [INFO] [embedded_mqtt_client.c:285] 查询历史数据 - 开始时间: 2025-03-25 13:58:00, 结束时间: 2025-03-25 14:58:00
[2025-03-25 14:58:31.829] [INFO] [xml_config_parser.cpp:380] 发送历史数据 - 记录数: 1
[2025-03-25 14:58:31.848] [INFO] [embedded_mqtt_client.c:306] 主题 [dataCenter/JSON/LD1/YX] 数据摘要:
[2025-03-25 14:58:31.848] [INFO] [embedded_mqtt_client.c:307] 时间戳: 2025-03-25 11:06:46.482
[2025-03-25 14:58:31.848] [INFO] [embedded_mqtt_client.c:308] 数据项数量: 2
[2025-03-25 14:58:31.848] [INFO] [embedded_mqtt_client.c:328] 数据项 0 - addr: 0, val: 1.000000
[2025-03-25 14:58:31.848] [INFO] [embedded_mqtt_client.c:328] 数据项 1 - addr: 2, val: 1.000000
[2025-03-25 14:58:31.849] [INFO] [embedded_mqtt_client.c:199] 收到主题 [dataCenter/JSON/LD1/YX] 的消息
[2025-03-25 14:58:31.849] [INFO] [embedded_mqtt_client.c:231] 处理主题 [dataCenter/JSON/LD1/YX] 的数据
[2025-03-25 14:58:31.849] [DEBUG] [embedded_mqtt_client.c:565] 更新数据 - topic: dataCenter/JSON/LD1/YX, addr: 2, val: 1.000000
[2025-03-25 14:58:31.849] [INFO] [embedded_mqtt_client.c:261] 收到历史数据查询请求
[2025-03-25 14:58:31.849] [INFO] [embedded_mqtt_client.c:285] 查询历史数据 - 开始时间: 2025-03-25 13:58:00, 结束时间: 2025-03-25 14:58:00
[2025-03-25 14:58:31.851] [INFO] [xml_config_parser.cpp:380] 发送历史数据 - 记录数: 1
[2025-03-25 14:58:31.870] [INFO] [embedded_mqtt_client.c:306] 主题 [dataCenter/JSON/LD1/YX] 数据摘要:
[2025-03-25 14:58:31.871] [INFO] [embedded_mqtt_client.c:307] 时间戳: 2025-03-25 11:06:46.482
[2025-03-25 14:58:31.871] [INFO] [embedded_mqtt_client.c:308] 数据项数量: 2
[2025-03-25 14:58:31.871] [INFO] [embedded_mqtt_client.c:328] 数据项 0 - addr: 0, val: 1.000000
[2025-03-25 14:58:31.871] [INFO] [embedded_mqtt_client.c:328] 数据项 1 - addr: 2, val: 1.000000
[2025-03-25 14:58:31.871] [INFO] [embedded_mqtt_client.c:199] 收到主题 [dataCenter/JSON/LD1/YX] 的消息
[2025-03-25 14:58:31.871] [INFO] [embedded_mqtt_client.c:231] 处理主题 [dataCenter/JSON/LD1/YX] 的数据
[2025-03-25 14:58:31.871] [DEBUG] [embedded_mqtt_client.c:565] 更新数据 - topic: dataCenter/JSON/LD1/YX, addr: 2, val: 1.000000
[2025-03-25 14:58:31.871] [INFO] [embedded_mqtt_client.c:261] 收到历史数据查询请求
[2025-03-25 14:58:31.871] [INFO] [embedded_mqtt_client.c:285] 查询历史数据 - 开始时间: 2025-03-25 13:58:00, 结束时间: 2025-03-25 14:58:00
[2025-03-25 14:58:31.873] [INFO] [xml_config_parser.cpp:380] 发送历史数据 - 记录数: 1
[2025-03-25 14:58:31.893] [INFO] [embedded_mqtt_client.c:306] 主题 [dataCenter/JSON/LD1/YX] 数据摘要:
[2025-03-25 14:58:31.893] [INFO] [embedded_mqtt_client.c:307] 时间戳: 2025-03-25 11:06:46.482
[2025-03-25 14:58:31.893] [INFO] [embedded_mqtt_client.c:308] 数据项数量: 2
[2025-03-25 14:58:31.893] [INFO] [embedded_mqtt_client.c:328] 数据项 0 - addr: 0, val: 1.000000
[2025-03-25 14:58:31.893] [INFO] [embedded_mqtt_client.c:328] 数据项 1 - addr: 2, val: 1.000000
[2025-03-25 14:58:31.893] [INFO] [embedded_mqtt_client.c:199] 收到主题 [dataCenter/JSON/LD1/YX] 的消息
[2025-03-25 14:58:31.893] [INFO] [embedded_mqtt_client.c:231] 处理主题 [dataCenter/JSON/LD1/YX] 的数据
[2025-03-25 14:58:31.893] [DEBUG] [embedded_mqtt_client.c:565] 更新数据 - topic: dataCenter/JSON/LD1/YX, addr: 2, val: 1.000000
[2025-03-25 14:58:31.893] [INFO] [embedded_mqtt_client.c:261] 收到历史数据查询请求
[2025-03-25 14:58:31.893] [INFO] [embedded_mqtt_client.c:285] 查询历史数据 - 开始时间: 2025-03-25 13:58:00, 结束时间: 2025-03-25 14:58:00
[2025-03-25 14:58:31.895] [INFO] [xml_config_parser.cpp:380] 发送历史数据 - 记录数: 1
[2025-03-25 14:58:31.915] [INFO] [embedded_mqtt_client.c:306] 主题 [dataCenter/JSON/LD1/YX] 数据摘要:
[2025-03-25 14:58:31.915] [INFO] [embedded_mqtt_client.c:307] 时间戳: 2025-03-25 11:06:46.482
[2025-03-25 14:58:31.915] [INFO] [embedded_mqtt_client.c:308] 数据项数量: 2
[2025-03-25 14:58:31.915] [INFO] [embedded_mqtt_client.c:328] 数据项 0 - addr: 0, val: 1.000000
[2025-03-25 14:58:31.915] [INFO] [embedded_mqtt_client.c:328] 数据项 1 - addr: 2, val: 1.000000
[2025-03-25 14:58:31.915] [INFO] [embedded_mqtt_client.c:199] 收到主题 [dataCenter/JSON/LD1/YX] 的消息
[2025-03-25 14:58:31.915] [INFO] [embedded_mqtt_client.c:231] 处理主题 [dataCenter/JSON/LD1/YX] 的数据
[2025-03-25 14:58:31.915] [DEBUG] [embedded_mqtt_client.c:565] 更新数据 - topic: dataCenter/JSON/LD1/YX, addr: 2, val: 1.000000
[2025-03-25 14:58:31.916] [INFO] [embedded_mqtt_client.c:261] 收到历史数据查询请求
[2025-03-25 14:58:31.916] [INFO] [embedded_mqtt_client.c:285] 查询历史数据 - 开始时间: 2025-03-25 13:58:00, 结束时间: 2025-03-25 14:58:00
[2025-03-25 14:58:31.918] [INFO] [xml_config_parser.cpp:380] 发送历史数据 - 记录数: 1
[2025-03-25 14:58:31.937] [INFO] [embedded_mqtt_client.c:306] 主题 [dataCenter/JSON/LD1/YX] 数据摘要:
[2025-03-25 14:58:31.937] [INFO] [embedded_mqtt_client.c:307] 时间戳: 2025-03-25 11:06:46.482
[2025-03-25 14:58:31.937] [INFO] [embedded_mqtt_client.c:308] 数据项数量: 2
[2025-03-25 14:58:31.937] [INFO] [embedded_mqtt_client.c:328] 数据项 0 - addr: 0, val: 1.000000
[2025-03-25 14:58:31.937] [INFO] [embedded_mqtt_client.c:328] 数据项 1 - addr: 2, val: 1.000000
[2025-03-25 14:58:31.937] [INFO] [embedded_mqtt_client.c:199] 收到主题 [dataCenter/JSON/LD1/YX] 的消息
[2025-03-25 14:58:31.937] [INFO] [embedded_mqtt_client.c:231] 处理主题 [dataCenter/JSON/LD1/YX] 的数据
[2025-03-25 14:58:31.937] [DEBUG] [embedded_mqtt_client.c:565] 更新数据 - topic: dataCenter/JSON/LD1/YX, addr: 2, val: 1.000000
[2025-03-25 14:58:31.937] [INFO] [embedded_mqtt_client.c:261] 收到历史数据查询请求
[2025-03-25 14:58:31.938] [INFO] [embedded_mqtt_client.c:285] 查询历史数据 - 开始时间: 2025-03-25 13:58:00, 结束时间: 2025-03-25 14:58:00
[2025-03-25 14:58:31.939] [INFO] [xml_config_parser.cpp:380] 发送历史数据 - 记录数: 1
[2025-03-25 14:58:31.959] [INFO] [embedded_mqtt_client.c:306] 主题 [dataCenter/JSON/LD1/YX] 数据摘要:
[2025-03-25 14:58:31.959] [INFO] [embedded_mqtt_client.c:307] 时间戳: 2025-03-25 11:06:46.482
[2025-03-25 14:58:31.959] [INFO] [embedded_mqtt_client.c:308] 数据项数量: 2
[2025-03-25 14:58:31.959] [INFO] [embedded_mqtt_client.c:328] 数据项 0 - addr: 0, val: 1.000000
[2025-03-25 14:58:31.959] [INFO] [embedded_mqtt_client.c:328] 数据项 1 - addr: 2, val: 1.000000
[2025-03-25 14:58:31.959] [INFO] [embedded_mqtt_client.c:199] 收到主题 [dataCenter/JSON/LD1/YX] 的消息
[2025-03-25 14:58:31.959] [INFO] [embedded_mqtt_client.c:231] 处理主题 [dataCenter/JSON/LD1/YX] 的数据
[2025-03-25 14:58:31.959] [DEBUG] [embedded_mqtt_client.c:565] 更新数据 - topic: dataCenter/JSON/LD1/YX, addr: 2, val: 1.000000
[2025-03-25 14:58:31.959] [INFO] [embedded_mqtt_client.c:261] 收到历史数据查询请求
[2025-03-25 14:58:31.959] [INFO] [embedded_mqtt_client.c:285] 查询历史数据 - 开始时间: 2025-03-25 13:58:00, 结束时间: 2025-03-25 14:58:00
[2025-03-25 14:58:31.961] [INFO] [xml_config_parser.cpp:380] 发送历史数据 - 记录数: 1
[2025-03-25 14:58:31.980] [INFO] [embedded_mqtt_client.c:306] 主题 [dataCenter/JSON/LD1/YX] 数据摘要:
[2025-03-25 14:58:31.980] [INFO] [embedded_mqtt_client.c:307] 时间戳: 2025-03-25 11:06:46.482
[2025-03-25 14:58:31.981] [INFO] [embedded_mqtt_client.c:308] 数据项数量: 2
[2025-03-25 14:58:31.981] [INFO] [embedded_mqtt_client.c:328] 数据项 0 - addr: 0, val: 1.000000
[2025-03-25 14:58:31.981] [INFO] [embedded_mqtt_client.c:328] 数据项 1 - addr: 2, val: 1.000000
[2025-03-25 14:58:31.981] [INFO] [embedded_mqtt_client.c:199] 收到主题 [dataCenter/JSON/LD1/YX] 的消息
[2025-03-25 14:58:31.981] [INFO] [embedded_mqtt_client.c:231] 处理主题 [dataCenter/JSON/LD1/YX] 的数据
[2025-03-25 14:58:31.981] [DEBUG] [embedded_mqtt_client.c:565] 更新数据 - topic: dataCenter/JSON/LD1/YX, addr: 2, val: 1.000000
[2025-03-25 14:58:31.981] [INFO] [embedded_mqtt_client.c:261] 收到历史数据查询请求
[2025-03-25 14:58:31.981] [INFO] [embedded_mqtt_client.c:285] 查询历史数据 - 开始时间: 2025-03-25 13:58:00, 结束时间: 2025-03-25 14:58:00
[2025-03-25 14:58:31.983] [INFO] [xml_config_parser.cpp:380] 发送历史数据 - 记录数: 1
[2025-03-25 14:58:32.002] [INFO] [embedded_mqtt_client.c:306] 主题 [dataCenter/JSON/LD1/YX] 数据摘要:
[2025-03-25 14:58:32.002] [INFO] [embedded_mqtt_client.c:307] 时间戳: 2025-03-25 11:06:46.482
[2025-03-25 14:58:32.003] [INFO] [embedded_mqtt_client.c:308] 数据项数量: 2
[2025-03-25 14:58:32.003] [INFO] [embedded_mqtt_client.c:328] 数据项 0 - addr: 0, val: 1.000000
[2025-03-25 14:58:32.003] [INFO] [embedded_mqtt_client.c:328] 数据项 1 - addr: 2, val: 1.000000
[2025-03-25 14:58:32.003] [INFO] [embedded_mqtt_client.c:199] 收到主题 [dataCenter/JSON/LD1/YX] 的消息
[2025-03-25 14:58:32.003] [INFO] [embedded_mqtt_client.c:231] 处理主题 [dataCenter/JSON/LD1/YX] 的数据
[2025-03-25 14:58:32.003] [DEBUG] [embedded_mqtt_client.c:565] 更新数据 - topic: dataCenter/JSON/LD1/YX, addr: 2, val: 1.000000
[2025-03-25 14:58:32.003] [INFO] [embedded_mqtt_client.c:261] 收到历史数据查询请求
[2025-03-25 14:58:32.003] [INFO] [embedded_mqtt_client.c:285] 查询历史数据 - 开始时间: 2025-03-25 13:58:00, 结束时间: 2025-03-25 14:58:00
[2025-03-25 14:58:32.005] [INFO] [xml_config_parser.cpp:380] 发送历史数据 - 记录数: 1
[2025-03-25 14:58:32.024] [INFO] [embedded_mqtt_client.c:306] 主题 [dataCenter/JSON/LD1/YX] 数据摘要:
[2025-03-25 14:58:32.025] [INFO] [embedded_mqtt_client.c:307] 时间戳: 2025-03-25 11:06:46.482
[2025-03-25 14:58:32.025] [INFO] [embedded_mqtt_client.c:308] 数据项数量: 2
[2025-03-25 14:58:32.025] [INFO] [embedded_mqtt_client.c:328] 数据项 0 - addr: 0, val: 1.000000
[2025-03-25 14:58:32.025] [INFO] [embedded_mqtt_client.c:328] 数据项 1 - addr: 2, val: 1.000000
[2025-03-25 14:58:32.025] [INFO] [embedded_mqtt_client.c:199] 收到主题 [dataCenter/JSON/LD1/YX] 的消息
[2025-03-25 14:58:32.025] [INFO] [embedded_mqtt_client.c:231] 处理主题 [dataCenter/JSON/LD1/YX] 的数据
[2025-03-25 14:58:32.025] [DEBUG] [embedded_mqtt_client.c:565] 更新数据 - topic: dataCenter/JSON/LD1/YX, addr: 2, val: 1.000000
[2025-03-25 14:58:32.025] [INFO] [embedded_mqtt_client.c:261] 收到历史数据查询请求
[2025-03-25 14:58:32.025] [INFO] [embedded_mqtt_client.c:285] 查询历史数据 - 开始时间: 2025-03-25 13:58:00, 结束时间: 2025-03-25 14:58:00
[2025-03-25 14:58:32.027] [INFO] [xml_config_parser.cpp:380] 发送历史数据 - 记录数: 1
[2025-03-25 14:58:32.047] [INFO] [embedded_mqtt_client.c:306] 主题 [dataCenter/JSON/LD1/YX] 数据摘要:
[2025-03-25 14:58:32.047] [INFO] [embedded_mqtt_client.c:307] 时间戳: 2025-03-25 11:06:46.482
[2025-03-25 14:58:32.047] [INFO] [embedded_mqtt_client.c:308] 数据项数量: 2
[2025-03-25 14:58:32.047] [INFO] [embedded_mqtt_client.c:328] 数据项 0 - addr: 0, val: 1.000000
[2025-03-25 14:58:32.047] [INFO] [embedded_mqtt_client.c:328] 数据项 1 - addr: 2, val: 1.000000
[2025-03-25 14:58:32.047] [INFO] [embedded_mqtt_client.c:199] 收到主题 [dataCenter/JSON/LD1/YX] 的消息
[2025-03-25 14:58:32.047] [INFO] [embedded_mqtt_client.c:231] 处理主题 [dataCenter/JSON/LD1/YX] 的数据
[2025-03-25 14:58:32.047] [DEBUG] [embedded_mqtt_client.c:565] 更新数据 - topic: dataCenter/JSON/LD1/YX, addr: 2, val: 1.000000
[2025-03-25 14:58:32.047] [INFO] [embedded_mqtt_client.c:261] 收到历史数据查询请求
[2025-03-25 14:58:32.047] [INFO] [embedded_mqtt_client.c:285] 查询历史数据 - 开始时间: 2025-03-25 13:58:00, 结束时间: 2025-03-25 14:58:00
[2025-03-25 14:58:32.049] [INFO] [xml_config_parser.cpp:380] 发送历史数据 - 记录数: 1
[2025-03-25 14:58:32.069] [INFO] [embedded_mqtt_client.c:306] 主题 [dataCenter/JSON/LD1/YX] 数据摘要:
[2025-03-25 14:58:32.069] [INFO] [embedded_mqtt_client.c:307] 时间戳: 2025-03-25 11:06:46.482
[2025-03-25 14:58:32.069] [INFO] [embedded_mqtt_client.c:308] 数据项数量: 2
[2025-03-25 14:58:32.069] [INFO] [embedded_mqtt_client.c:328] 数据项 0 - addr: 0, val: 1.000000
[2025-03-25 14:58:32.069] [INFO] [embedded_mqtt_client.c:328] 数据项 1 - addr: 2, val: 1.000000
[2025-03-25 14:58:32.069] [INFO] [embedded_mqtt_client.c:199] 收到主题 [dataCenter/JSON/LD1/YX] 的消息
[2025-03-25 14:58:32.069] [INFO] [embedded_mqtt_client.c:231] 处理主题 [dataCenter/JSON/LD1/YX] 的数据
[2025-03-25 14:58:32.069] [DEBUG] [embedded_mqtt_client.c:565] 更新数据 - topic: dataCenter/JSON/LD1/YX, addr: 2, val: 1.000000
[2025-03-25 14:58:32.069] [INFO] [embedded_mqtt_client.c:261] 收到历史数据查询请求
[2025-03-25 14:58:32.070] [INFO] [embedded_mqtt_client.c:285] 查询历史数据 - 开始时间: 2025-03-25 13:58:00, 结束时间: 2025-03-25 14:58:00
[2025-03-25 14:58:32.072] [INFO] [xml_config_parser.cpp:380] 发送历史数据 - 记录数: 1
[2025-03-25 14:58:32.091] [INFO] [embedded_mqtt_client.c:306] 主题 [dataCenter/JSON/LD1/YX] 数据摘要:
[2025-03-25 14:58:32.091] [INFO] [embedded_mqtt_client.c:307] 时间戳: 2025-03-25 11:06:46.482
[2025-03-25 14:58:32.091] [INFO] [embedded_mqtt_client.c:308] 数据项数量: 2
[2025-03-25 14:58:32.091] [INFO] [embedded_mqtt_client.c:328] 数据项 0 - addr: 0, val: 1.000000
[2025-03-25 14:58:32.091] [INFO] [embedded_mqtt_client.c:328] 数据项 1 - addr: 2, val: 1.000000
[2025-03-25 14:58:32.091] [INFO] [embedded_mqtt_client.c:199] 收到主题 [dataCenter/JSON/LD1/YX] 的消息
[2025-03-25 14:58:32.091] [INFO] [embedded_mqtt_client.c:231] 处理主题 [dataCenter/JSON/LD1/YX] 的数据
[2025-03-25 14:58:32.091] [DEBUG] [embedded_mqtt_client.c:565] 更新数据 - topic: dataCenter/JSON/LD1/YX, addr: 2, val: 1.000000
[2025-03-25 14:58:32.091] [INFO] [embedded_mqtt_client.c:261] 收到历史数据查询请求
[2025-03-25 14:58:32.091] [INFO] [embedded_mqtt_client.c:285] 查询历史数据 - 开始时间: 2025-03-25 13:58:00, 结束时间: 2025-03-25 14:58:00
[2025-03-25 14:58:32.093] [INFO] [xml_config_parser.cpp:380] 发送历史数据 - 记录数: 1
[2025-03-25 14:58:32.112] [INFO] [embedded_mqtt_client.c:306] 主题 [dataCenter/JSON/LD1/YX] 数据摘要:
[2025-03-25 14:58:32.113] [INFO] [embedded_mqtt_client.c:307] 时间戳: 2025-03-25 11:06:46.482
[2025-03-25 14:58:32.113] [INFO] [embedded_mqtt_client.c:308] 数据项数量: 2
[2025-03-25 14:58:32.113] [INFO] [embedded_mqtt_client.c:328] 数据项 0 - addr: 0, val: 1.000000
[2025-03-25 14:58:32.113] [INFO] [embedded_mqtt_client.c:328] 数据项 1 - addr: 2, val: 1.000000
[2025-03-25 14:58:32.113] [INFO] [embedded_mqtt_client.c:199] 收到主题 [dataCenter/JSON/LD1/YX] 的消息
[2025-03-25 14:58:32.113] [INFO] [embedded_mqtt_client.c:231] 处理主题 [dataCenter/JSON/LD1/YX] 的数据
[2025-03-25 14:58:32.113] [DEBUG] [embedded_mqtt_client.c:565] 更新数据 - topic: dataCenter/JSON/LD1/YX, addr: 2, val: 1.000000
[2025-03-25 14:58:32.113] [INFO] [embedded_mqtt_client.c:261] 收到历史数据查询请求
[2025-03-25 14:58:32.113] [INFO] [embedded_mqtt_client.c:285] 查询历史数据 - 开始时间: 2025-03-25 13:58:00, 结束时间: 2025-03-25 14:58:00
[2025-03-25 14:58:32.115] [INFO] [xml_config_parser.cpp:380] 发送历史数据 - 记录数: 1
[2025-03-25 14:58:32.134] [INFO] [embedded_mqtt_client.c:306] 主题 [dataCenter/JSON/LD1/YX] 数据摘要:
[2025-03-25 14:58:32.134] [INFO] [embedded_mqtt_client.c:307] 时间戳: 2025-03-25 11:06:46.482
[2025-03-25 14:58:32.135] [INFO] [embedded_mqtt_client.c:308] 数据项数量: 2
[2025-03-25 14:58:32.135] [INFO] [embedded_mqtt_client.c:328] 数据项 0 - addr: 0, val: 1.000000
[2025-03-25 14:58:32.135] [INFO] [embedded_mqtt_client.c:328] 数据项 1 - addr: 2, val: 1.000000
[2025-03-25 14:58:32.135] [INFO] [embedded_mqtt_client.c:199] 收到主题 [dataCenter/JSON/LD1/YX] 的消息
[2025-03-25 14:58:32.135] [INFO] [embedded_mqtt_client.c:231] 处理主题 [dataCenter/JSON/LD1/YX] 的数据
[2025-03-25 14:58:32.135] [DEBUG] [embedded_mqtt_client.c:565] 更新数据 - topic: dataCenter/JSON/LD1/YX, addr: 2, val: 1.000000
[2025-03-25 14:58:32.135] [INFO] [embedded_mqtt_client.c:261] 收到历史数据查询请求
[2025-03-25 14:58:32.135] [INFO] [embedded_mqtt_client.c:285] 查询历史数据 - 开始时间: 2025-03-25 13:58:00, 结束时间: 2025-03-25 14:58:00
[2025-03-25 14:58:32.137] [INFO] [xml_config_parser.cpp:380] 发送历史数据 - 记录数: 1
[2025-03-25 14:58:32.156] [INFO] [embedded_mqtt_client.c:306] 主题 [dataCenter/JSON/LD1/YX] 数据摘要:
[2025-03-25 14:58:32.156] [INFO] [embedded_mqtt_client.c:307] 时间戳: 2025-03-25 11:06:46.482
[2025-03-25 14:58:32.156] [INFO] [embedded_mqtt_client.c:308] 数据项数量: 2
[2025-03-25 14:58:32.156] [INFO] [embedded_mqtt_client.c:328] 数据项 0 - addr: 0, val: 1.000000
[2025-03-25 14:58:32.156] [INFO] [embedded_mqtt_client.c:328] 数据项 1 - addr: 2, val: 1.000000
[2025-03-25 14:58:32.156] [INFO] [embedded_mqtt_client.c:199] 收到主题 [dataCenter/JSON/LD1/YX] 的消息
[2025-03-25 14:58:32.157] [INFO] [embedded_mqtt_client.c:231] 处理主题 [dataCenter/JSON/LD1/YX] 的数据
[2025-03-25 14:58:32.157] [DEBUG] [embedded_mqtt_client.c:565] 更新数据 - topic: dataCenter/JSON/LD1/YX, addr: 2, val: 1.000000
[2025-03-25 14:58:32.157] [INFO] [embedded_mqtt_client.c:261] 收到历史数据查询请求
[2025-03-25 14:58:32.157] [INFO] [embedded_mqtt_client.c:285] 查询历史数据 - 开始时间: 2025-03-25 13:58:00, 结束时间: 2025-03-25 14:58:00
[2025-03-25 14:58:32.159] [INFO] [xml_config_parser.cpp:380] 发送历史数据 - 记录数: 1
[2025-03-25 14:58:32.178] [INFO] [embedded_mqtt_client.c:306] 主题 [dataCenter/JSON/LD1/YX] 数据摘要:
[2025-03-25 14:58:32.178] [INFO] [embedded_mqtt_client.c:307] 时间戳: 2025-03-25 11:06:46.482
[2025-03-25 14:58:32.178] [INFO] [embedded_mqtt_client.c:308] 数据项数量: 2
[2025-03-25 14:58:32.178] [INFO] [embedded_mqtt_client.c:328] 数据项 0 - addr: 0, val: 1.000000
[2025-03-25 14:58:32.178] [INFO] [embedded_mqtt_client.c:328] 数据项 1 - addr: 2, val: 1.000000
[2025-03-25 14:58:32.178] [INFO] [embedded_mqtt_client.c:199] 收到主题 [dataCenter/JSON/LD1/YX] 的消息
[2025-03-25 14:58:32.179] [INFO] [embedded_mqtt_client.c:231] 处理主题 [dataCenter/JSON/LD1/YX] 的数据
[2025-03-25 14:58:32.179] [DEBUG] [embedded_mqtt_client.c:565] 更新数据 - topic: dataCenter/JSON/LD1/YX, addr: 2, val: 1.000000
[2025-03-25 14:58:32.179] [INFO] [embedded_mqtt_client.c:261] 收到历史数据查询请求
[2025-03-25 14:58:32.179] [INFO] [embedded_mqtt_client.c:285] 查询历史数据 - 开始时间: 2025-03-25 13:58:00, 结束时间: 2025-03-25 14:58:00
[2025-03-25 14:58:32.181] [INFO] [xml_config_parser.cpp:380] 发送历史数据 - 记录数: 1
[2025-03-25 14:58:32.200] [INFO] [embedded_mqtt_client.c:306] 主题 [dataCenter/JSON/LD1/YX] 数据摘要:
[2025-03-25 14:58:32.200] [INFO] [embedded_mqtt_client.c:307] 时间戳: 2025-03-25 11:06:46.482
[2025-03-25 14:58:32.201] [INFO] [embedded_mqtt_client.c:308] 数据项数量: 2
[2025-03-25 14:58:32.201] [INFO] [embedded_mqtt_client.c:328] 数据项 0 - addr: 0, val: 1.000000
[2025-03-25 14:58:32.201] [INFO] [embedded_mqtt_client.c:328] 数据项 1 - addr: 2, val: 1.000000
[2025-03-25 14:58:32.201] [INFO] [embedded_mqtt_client.c:199] 收到主题 [dataCenter/JSON/LD1/YX] 的消息
[2025-03-25 14:58:32.201] [INFO] [embedded_mqtt_client.c:231] 处理主题 [dataCenter/JSON/LD1/YX] 的数据
[2025-03-25 14:58:32.201] [DEBUG] [embedded_mqtt_client.c:565] 更新数据 - topic: dataCenter/JSON/LD1/YX, addr: 2, val: 1.000000
[2025-03-25 14:58:32.201] [INFO] [embedded_mqtt_client.c:261] 收到历史数据查询请求
[2025-03-25 14:58:32.201] [INFO] [embedded_mqtt_client.c:285] 查询历史数据 - 开始时间: 2025-03-25 13:58:00, 结束时间: 2025-03-25 14:58:00
[2025-03-25 14:58:32.203] [INFO] [xml_config_parser.cpp:380] 发送历史数据 - 记录数: 1
[2025-03-25 14:58:32.223] [INFO] [embedded_mqtt_client.c:306] 主题 [dataCenter/JSON/LD1/YX] 数据摘要:
[2025-03-25 14:58:32.223] [INFO] [embedded_mqtt_client.c:307] 时间戳: 2025-03-25 11:06:46.482
[2025-03-25 14:58:32.223] [INFO] [embedded_mqtt_client.c:308] 数据项数量: 2
[2025-03-25 14:58:32.223] [INFO] [embedded_mqtt_client.c:328] 数据项 0 - addr: 0, val: 1.000000
[2025-03-25 14:58:32.223] [INFO] [embedded_mqtt_client.c:328] 数据项 1 - addr: 2, val: 1.000000
[2025-03-25 14:58:32.223] [INFO] [embedded_mqtt_client.c:199] 收到主题 [dataCenter/JSON/LD1/YX] 的消息
[2025-03-25 14:58:32.223] [INFO] [embedded_mqtt_client.c:231] 处理主题 [dataCenter/JSON/LD1/YX] 的数据
[2025-03-25 14:58:32.223] [DEBUG] [embedded_mqtt_client.c:565] 更新数据 - topic: dataCenter/JSON/LD1/YX, addr: 2, val: 1.000000
[2025-03-25 14:58:32.223] [INFO] [embedded_mqtt_client.c:261] 收到历史数据查询请求
[2025-03-25 14:58:32.223] [INFO] [embedded_mqtt_client.c:285] 查询历史数据 - 开始时间: 2025-03-25 13:58:00, 结束时间: 2025-03-25 14:58:00
[2025-03-25 14:58:32.225] [INFO] [xml_config_parser.cpp:380] 发送历史数据 - 记录数: 1
[2025-03-25 14:58:32.245] [INFO] [embedded_mqtt_client.c:306] 主题 [dataCenter/JSON/LD1/YX] 数据摘要:
[2025-03-25 14:58:32.245] [INFO] [embedded_mqtt_client.c:307] 时间戳: 2025-03-25 11:06:46.482
[2025-03-25 14:58:32.245] [INFO] [embedded_mqtt_client.c:308] 数据项数量: 2
[2025-03-25 14:58:32.245] [INFO] [embedded_mqtt_client.c:328] 数据项 0 - addr: 0, val: 1.000000
[2025-03-25 14:58:32.245] [INFO] [embedded_mqtt_client.c:328] 数据项 1 - addr: 2, val: 1.000000
[2025-03-25 14:58:32.245] [INFO] [embedded_mqtt_client.c:199] 收到主题 [dataCenter/JSON/LD1/YX] 的消息
[2025-03-25 14:58:32.245] [INFO] [embedded_mqtt_client.c:231] 处理主题 [dataCenter/JSON/LD1/YX] 的数据
[2025-03-25 14:58:32.245] [DEBUG] [embedded_mqtt_client.c:565] 更新数据 - topic: dataCenter/JSON/LD1/YX, addr: 2, val: 1.000000
[2025-03-25 14:58:32.245] [INFO] [embedded_mqtt_client.c:261] 收到历史数据查询请求
[2025-03-25 14:58:32.245] [INFO] [embedded_mqtt_client.c:285] 查询历史数据 - 开始时间: 2025-03-25 13:58:00, 结束时间: 2025-03-25 14:58:00
[2025-03-25 14:58:32.247] [INFO] [xml_config_parser.cpp:380] 发送历史数据 - 记录数: 1
[2025-03-25 14:58:32.267] [INFO] [embedded_mqtt_client.c:306] 主题 [dataCenter/JSON/LD1/YX] 数据摘要:
[2025-03-25 14:58:32.267] [INFO] [embedded_mqtt_client.c:307] 时间戳: 2025-03-25 11:06:46.482
[2025-03-25 14:58:32.267] [INFO] [embedded_mqtt_client.c:308] 数据项数量: 2
[2025-03-25 14:58:32.267] [INFO] [embedded_mqtt_client.c:328] 数据项 0 - addr: 0, val: 1.000000
[2025-03-25 14:58:32.267] [INFO] [embedded_mqtt_client.c:328] 数据项 1 - addr: 2, val: 1.000000
[2025-03-25 14:58:32.267] [INFO] [embedded_mqtt_client.c:199] 收到主题 [dataCenter/JSON/LD1/YX] 的消息
[2025-03-25 14:58:32.267] [INFO] [embedded_mqtt_client.c:231] 处理主题 [dataCenter/JSON/LD1/YX] 的数据
[2025-03-25 14:58:32.267] [DEBUG] [embedded_mqtt_client.c:565] 更新数据 - topic: dataCenter/JSON/LD1/YX, addr: 2, val: 1.000000
[2025-03-25 14:58:32.267] [INFO] [embedded_mqtt_client.c:261] 收到历史数据查询请求
[2025-03-25 14:58:32.267] [INFO] [embedded_mqtt_client.c:285] 查询历史数据 - 开始时间: 2025-03-25 13:58:00, 结束时间: 2025-03-25 14:58:00
[2025-03-25 14:58:32.269] [INFO] [xml_config_parser.cpp:380] 发送历史数据 - 记录数: 1
[2025-03-25 14:58:32.288] [INFO] [embedded_mqtt_client.c:306] 主题 [dataCenter/JSON/LD1/YX] 数据摘要:
[2025-03-25 14:58:32.288] [INFO] [embedded_mqtt_client.c:307] 时间戳: 2025-03-25 11:06:46.482
[2025-03-25 14:58:32.289] [INFO] [embedded_mqtt_client.c:308] 数据项数量: 2
[2025-03-25 14:58:32.289] [INFO] [embedded_mqtt_client.c:328] 数据项 0 - addr: 0, val: 1.000000
[2025-03-25 14:58:32.289] [INFO] [embedded_mqtt_client.c:328] 数据项 1 - addr: 2, val: 1.000000
[2025-03-25 14:58:32.289] [INFO] [embedded_mqtt_client.c:199] 收到主题 [dataCenter/JSON/LD1/YX] 的消息
[2025-03-25 14:58:32.289] [INFO] [embedded_mqtt_client.c:231] 处理主题 [dataCenter/JSON/LD1/YX] 的数据
[2025-03-25 14:58:32.289] [DEBUG] [embedded_mqtt_client.c:565] 更新数据 - topic: dataCenter/JSON/LD1/YX, addr: 2, val: 1.000000
[2025-03-25 14:58:32.289] [INFO] [embedded_mqtt_client.c:261] 收到历史数据查询请求
[2025-03-25 14:58:32.289] [INFO] [embedded_mqtt_client.c:285] 查询历史数据 - 开始时间: 2025-03-25 13:58:00, 结束时间: 2025-03-25 14:58:00
[2025-03-25 14:58:32.291] [INFO] [xml_config_parser.cpp:380] 发送历史数据 - 记录数: 1
[2025-03-25 14:58:32.310] [INFO] [embedded_mqtt_client.c:306] 主题 [dataCenter/JSON/LD1/YX] 数据摘要:
[2025-03-25 14:58:32.310] [INFO] [embedded_mqtt_client.c:307] 时间戳: 2025-03-25 11:06:46.482
[2025-03-25 14:58:32.310] [INFO] [embedded_mqtt_client.c:308] 数据项数量: 2
[2025-03-25 14:58:32.310] [INFO] [embedded_mqtt_client.c:328] 数据项 0 - addr: 0, val: 1.000000
[2025-03-25 14:58:32.311] [INFO] [embedded_mqtt_client.c:328] 数据项 1 - addr: 2, val: 1.000000
[2025-03-25 14:58:32.311] [INFO] [embedded_mqtt_client.c:199] 收到主题 [dataCenter/JSON/LD1/YX] 的消息
[2025-03-25 14:58:32.311] [INFO] [embedded_mqtt_client.c:231] 处理主题 [dataCenter/JSON/LD1/YX] 的数据
[2025-03-25 14:58:32.311] [DEBUG] [embedded_mqtt_client.c:565] 更新数据 - topic: dataCenter/JSON/LD1/YX, addr: 2, val: 1.000000
[2025-03-25 14:58:32.311] [INFO] [embedded_mqtt_client.c:261] 收到历史数据查询请求
[2025-03-25 14:58:32.311] [INFO] [embedded_mqtt_client.c:285] 查询历史数据 - 开始时间: 2025-03-25 13:58:00, 结束时间: 2025-03-25 14:58:00
[2025-03-25 14:58:32.313] [INFO] [xml_config_parser.cpp:380] 发送历史数据 - 记录数: 1
[2025-03-25 14:58:32.332] [INFO] [embedded_mqtt_client.c:306] 主题 [dataCenter/JSON/LD1/YX] 数据摘要:
[2025-03-25 14:58:32.332] [INFO] [embedded_mqtt_client.c:307] 时间戳: 2025-03-25 11:06:46.482
[2025-03-25 14:58:32.332] [INFO] [embedded_mqtt_client.c:308] 数据项数量: 2
[2025-03-25 14:58:32.332] [INFO] [embedded_mqtt_client.c:328] 数据项 0 - addr: 0, val: 1.000000
[2025-03-25 14:58:32.332] [INFO] [embedded_mqtt_client.c:328] 数据项 1 - addr: 2, val: 1.000000
[2025-03-25 14:58:32.332] [INFO] [embedded_mqtt_client.c:199] 收到主题 [dataCenter/JSON/LD1/YX] 的消息
[2025-03-25 14:58:32.332] [INFO] [embedded_mqtt_client.c:231] 处理主题 [dataCenter/JSON/LD1/YX] 的数据
[2025-03-25 14:58:32.333] [DEBUG] [embedded_mqtt_client.c:565] 更新数据 - topic: dataCenter/JSON/LD1/YX, addr: 2, val: 1.000000
[2025-03-25 14:58:32.333] [INFO] [embedded_mqtt_client.c:261] 收到历史数据查询请求
[2025-03-25 14:58:32.333] [INFO] [embedded_mqtt_client.c:285] 查询历史数据 - 开始时间: 2025-03-25 13:58:00, 结束时间: 2025-03-25 14:58:00
[2025-03-25 14:58:32.335] [INFO] [xml_config_parser.cpp:380] 发送历史数据 - 记录数: 1
[2025-03-25 14:58:32.354] [INFO] [embedded_mqtt_client.c:306] 主题 [dataCenter/JSON/LD1/YX] 数据摘要:
[2025-03-25 14:58:32.354] [INFO] [embedded_mqtt_client.c:307] 时间戳: 2025-03-25 11:06:46.482
[2025-03-25 14:58:32.354] [INFO] [embedded_mqtt_client.c:308] 数据项数量: 2
[2025-03-25 14:58:32.354] [INFO] [embedded_mqtt_client.c:328] 数据项 0 - addr: 0, val: 1.000000
[2025-03-25 14:58:32.354] [INFO] [embedded_mqtt_client.c:328] 数据项 1 - addr: 2, val: 1.000000
[2025-03-25 14:58:32.354] [INFO] [embedded_mqtt_client.c:199] 收到主题 [dataCenter/JSON/LD1/YX] 的消息
[2025-03-25 14:58:32.354] [INFO] [embedded_mqtt_client.c:231] 处理主题 [dataCenter/JSON/LD1/YX] 的数据
[2025-03-25 14:58:32.354] [DEBUG] [embedded_mqtt_client.c:565] 更新数据 - topic: dataCenter/JSON/LD1/YX, addr: 2, val: 1.000000
[2025-03-25 14:58:32.354] [INFO] [embedded_mqtt_client.c:261] 收到历史数据查询请求
[2025-03-25 14:58:32.354] [INFO] [embedded_mqtt_client.c:285] 查询历史数据 - 开始时间: 2025-03-25 13:58:00, 结束时间: 2025-03-25 14:58:00
[2025-03-25 14:58:32.356] [INFO] [xml_config_parser.cpp:380] 发送历史数据 - 记录数: 1
[2025-03-25 14:58:32.376] [INFO] [embedded_mqtt_client.c:306] 主题 [dataCenter/JSON/LD1/YX] 数据摘要:
[2025-03-25 14:58:32.376] [INFO] [embedded_mqtt_client.c:307] 时间戳: 2025-03-25 11:06:46.482
[2025-03-25 14:58:32.376] [INFO] [embedded_mqtt_client.c:308] 数据项数量: 2
[2025-03-25 14:58:32.376] [INFO] [embedded_mqtt_client.c:328] 数据项 0 - addr: 0, val: 1.000000
[2025-03-25 14:58:32.376] [INFO] [embedded_mqtt_client.c:328] 数据项 1 - addr: 2, val: 1.000000
[2025-03-25 14:58:32.376] [INFO] [embedded_mqtt_client.c:199] 收到主题 [dataCenter/JSON/LD1/YX] 的消息
[2025-03-25 14:58:32.376] [INFO] [embedded_mqtt_client.c:231] 处理主题 [dataCenter/JSON/LD1/YX] 的数据
[2025-03-25 14:58:32.376] [DEBUG] [embedded_mqtt_client.c:565] 更新数据 - topic: dataCenter/JSON/LD1/YX, addr: 2, val: 1.000000
[2025-03-25 14:58:32.376] [INFO] [embedded_mqtt_client.c:261] 收到历史数据查询请求
[2025-03-25 14:58:32.376] [INFO] [embedded_mqtt_client.c:285] 查询历史数据 - 开始时间: 2025-03-25 13:58:00, 结束时间: 2025-03-25 14:58:00
[2025-03-25 14:58:32.378] [INFO] [xml_config_parser.cpp:380] 发送历史数据 - 记录数: 1
[2025-03-25 14:58:32.397] [INFO] [embedded_mqtt_client.c:306] 主题 [dataCenter/JSON/LD1/YX] 数据摘要:
[2025-03-25 14:58:32.398] [INFO] [embedded_mqtt_client.c:307] 时间戳: 2025-03-25 11:06:46.482
[2025-03-25 14:58:32.398] [INFO] [embedded_mqtt_client.c:308] 数据项数量: 2
[2025-03-25 14:58:32.398] [INFO] [embedded_mqtt_client.c:328] 数据项 0 - addr: 0, val: 1.000000
[2025-03-25 14:58:32.398] [INFO] [embedded_mqtt_client.c:328] 数据项 1 - addr: 2, val: 1.000000
[2025-03-25 14:58:32.398] [INFO] [embedded_mqtt_client.c:199] 收到主题 [dataCenter/JSON/LD1/YX] 的消息
[2025-03-25 14:58:32.398] [INFO] [embedded_mqtt_client.c:231] 处理主题 [dataCenter/JSON/LD1/YX] 的数据
[2025-03-25 14:58:32.398] [DEBUG] [embedded_mqtt_client.c:565] 更新数据 - topic: dataCenter/JSON/LD1/YX, addr: 2, val: 1.000000
[2025-03-25 14:58:32.398] [INFO] [embedded_mqtt_client.c:261] 收到历史数据查询请求
[2025-03-25 14:58:32.398] [INFO] [embedded_mqtt_client.c:285] 查询历史数据 - 开始时间: 2025-03-25 13:58:00, 结束时间: 2025-03-25 14:58:00
[2025-03-25 14:58:32.400] [INFO] [xml_config_parser.cpp:380] 发送历史数据 - 记录数: 1
[2025-03-25 14:58:32.419] [INFO] [embedded_mqtt_client.c:306] 主题 [dataCenter/JSON/LD1/YX] 数据摘要:
[2025-03-25 14:58:32.420] [INFO] [embedded_mqtt_client.c:307] 时间戳: 2025-03-25 11:06:46.482
[2025-03-25 14:58:32.420] [INFO] [embedded_mqtt_client.c:308] 数据项数量: 2
[2025-03-25 14:58:32.420] [INFO] [embedded_mqtt_client.c:328] 数据项 0 - addr: 0, val: 1.000000
[2025-03-25 14:58:32.420] [INFO] [embedded_mqtt_client.c:328] 数据项 1 - addr: 2, val: 1.000000
[2025-03-25 14:58:32.420] [INFO] [embedded_mqtt_client.c:199] 收到主题 [dataCenter/JSON/LD1/YX] 的消息
[2025-03-25 14:58:32.420] [INFO] [embedded_mqtt_client.c:231] 处理主题 [dataCenter/JSON/LD1/YX] 的数据
[2025-03-25 14:58:32.420] [DEBUG] [embedded_mqtt_client.c:565] 更新数据 - topic: dataCenter/JSON/LD1/YX, addr: 2, val: 1.000000
[2025-03-25 14:58:32.420] [INFO] [embedded_mqtt_client.c:261] 收到历史数据查询请求
[2025-03-25 14:58:32.420] [INFO] [embedded_mqtt_client.c:285] 查询历史数据 - 开始时间: 2025-03-25 13:58:00, 结束时间: 2025-03-25 14:58:00
[2025-03-25 14:58:32.422] [INFO] [xml_config_parser.cpp:380] 发送历史数据 - 记录数: 1
[2025-03-25 14:58:32.441] [INFO] [embedded_mqtt_client.c:306] 主题 [dataCenter/JSON/LD1/YX] 数据摘要:
[2025-03-25 14:58:32.442] [INFO] [embedded_mqtt_client.c:307] 时间戳: 2025-03-25 11:06:46.482
[2025-03-25 14:58:32.442] [INFO] [embedded_mqtt_client.c:308] 数据项数量: 2
[2025-03-25 14:58:32.442] [INFO] [embedded_mqtt_client.c:328] 数据项 0 - addr: 0, val: 1.000000
[2025-03-25 14:58:32.442] [INFO] [embedded_mqtt_client.c:328] 数据项 1 - addr: 2, val: 1.000000
[2025-03-25 14:58:32.442] [INFO] [embedded_mqtt_client.c:199] 收到主题 [dataCenter/JSON/LD1/YX] 的消息
[2025-03-25 14:58:32.442] [INFO] [embedded_mqtt_client.c:231] 处理主题 [dataCenter/JSON/LD1/YX] 的数据
[2025-03-25 14:58:32.442] [DEBUG] [embedded_mqtt_client.c:565] 更新数据 - topic: dataCenter/JSON/LD1/YX, addr: 2, val: 1.000000
[2025-03-25 14:58:32.442] [INFO] [embedded_mqtt_client.c:261] 收到历史数据查询请求
[2025-03-25 14:58:32.442] [INFO] [embedded_mqtt_client.c:285] 查询历史数据 - 开始时间: 2025-03-25 13:58:00, 结束时间: 2025-03-25 14:58:00
[2025-03-25 14:58:32.444] [INFO] [xml_config_parser.cpp:380] 发送历史数据 - 记录数: 1
[2025-03-25 14:58:32.463] [INFO] [embedded_mqtt_client.c:306] 主题 [dataCenter/JSON/LD1/YX] 数据摘要:
[2025-03-25 14:58:32.463] [INFO] [embedded_mqtt_client.c:307] 时间戳: 2025-03-25 11:06:46.482
[2025-03-25 14:58:32.464] [INFO] [embedded_mqtt_client.c:308] 数据项数量: 2
[2025-03-25 14:58:32.464] [INFO] [embedded_mqtt_client.c:328] 数据项 0 - addr: 0, val: 1.000000
[2025-03-25 14:58:32.464] [INFO] [embedded_mqtt_client.c:328] 数据项 1 - addr: 2, val: 1.000000
[2025-03-25 14:58:32.464] [INFO] [embedded_mqtt_client.c:199] 收到主题 [dataCenter/JSON/LD1/YX] 的消息
[2025-03-25 14:58:32.464] [INFO] [embedded_mqtt_client.c:231] 处理主题 [dataCenter/JSON/LD1/YX] 的数据
[2025-03-25 14:58:32.464] [DEBUG] [embedded_mqtt_client.c:565] 更新数据 - topic: dataCenter/JSON/LD1/YX, addr: 2, val: 1.000000
[2025-03-25 14:58:32.464] [INFO] [embedded_mqtt_client.c:261] 收到历史数据查询请求
[2025-03-25 14:58:32.464] [INFO] [embedded_mqtt_client.c:285] 查询历史数据 - 开始时间: 2025-03-25 13:58:00, 结束时间: 2025-03-25 14:58:00
[2025-03-25 14:58:32.466] [INFO] [xml_config_parser.cpp:380] 发送历史数据 - 记录数: 1
[2025-03-25 14:58:32.485] [INFO] [embedded_mqtt_client.c:306] 主题 [dataCenter/JSON/LD1/YX] 数据摘要:
[2025-03-25 14:58:32.486] [INFO] [embedded_mqtt_client.c:307] 时间戳: 2025-03-25 11:06:46.482
[2025-03-25 14:58:32.486] [INFO] [embedded_mqtt_client.c:308] 数据项数量: 2
[2025-03-25 14:58:32.486] [INFO] [embedded_mqtt_client.c:328] 数据项 0 - addr: 0, val: 1.000000
[2025-03-25 14:58:32.486] [INFO] [embedded_mqtt_client.c:328] 数据项 1 - addr: 2, val: 1.000000
[2025-03-25 14:58:32.486] [INFO] [embedded_mqtt_client.c:199] 收到主题 [dataCenter/JSON/LD1/YX] 的消息
[2025-03-25 14:58:32.486] [INFO] [embedded_mqtt_client.c:231] 处理主题 [dataCenter/JSON/LD1/YX] 的数据
[2025-03-25 14:58:32.486] [DEBUG] [embedded_mqtt_client.c:565] 更新数据 - topic: dataCenter/JSON/LD1/YX, addr: 2, val: 1.000000
[2025-03-25 14:58:32.486] [INFO] [embedded_mqtt_client.c:261] 收到历史数据查询请求
[2025-03-25 14:58:32.486] [INFO] [embedded_mqtt_client.c:285] 查询历史数据 - 开始时间: 2025-03-25 13:58:00, 结束时间: 2025-03-25 14:58:00
[2025-03-25 14:58:32.488] [INFO] [xml_config_parser.cpp:380] 发送历史数据 - 记录数: 1
[2025-03-25 14:58:32.508] [INFO] [embedded_mqtt_client.c:306] 主题 [dataCenter/JSON/LD1/YX] 数据摘要:
[2025-03-25 14:58:32.508] [INFO] [embedded_mqtt_client.c:307] 时间戳: 2025-03-25 11:06:46.482
[2025-03-25 14:58:32.508] [INFO] [embedded_mqtt_client.c:308] 数据项数量: 2
[2025-03-25 14:58:32.508] [INFO] [embedded_mqtt_client.c:328] 数据项 0 - addr: 0, val: 1.000000
[2025-03-25 14:58:32.508] [INFO] [embedded_mqtt_client.c:328] 数据项 1 - addr: 2, val: 1.000000
[2025-03-25 14:58:32.508] [INFO] [embedded_mqtt_client.c:199] 收到主题 [dataCenter/JSON/LD1/YX] 的消息
[2025-03-25 14:58:32.508] [INFO] [embedded_mqtt_client.c:231] 处理主题 [dataCenter/JSON/LD1/YX] 的数据
[2025-03-25 14:58:32.508] [DEBUG] [embedded_mqtt_client.c:565] 更新数据 - topic: dataCenter/JSON/LD1/YX, addr: 2, val: 1.000000
[2025-03-25 14:58:32.508] [INFO] [embedded_mqtt_client.c:261] 收到历史数据查询请求
[2025-03-25 14:58:32.508] [INFO] [embedded_mqtt_client.c:285] 查询历史数据 - 开始时间: 2025-03-25 13:58:00, 结束时间: 2025-03-25 14:58:00
[2025-03-25 14:58:32.510] [INFO] [xml_config_parser.cpp:380] 发送历史数据 - 记录数: 1
[2025-03-25 14:58:32.534] [INFO] [embedded_mqtt_client.c:306] 主题 [dataCenter/JSON/LD1/YX] 数据摘要:
[2025-03-25 14:58:32.534] [INFO] [embedded_mqtt_client.c:307] 时间戳: 2025-03-25 11:06:46.482
[2025-03-25 14:58:32.534] [INFO] [embedded_mqtt_client.c:308] 数据项数量: 2
[2025-03-25 14:58:32.534] [INFO] [embedded_mqtt_client.c:328] 数据项 0 - addr: 0, val: 1.000000
[2025-03-25 14:58:32.534] [INFO] [embedded_mqtt_client.c:328] 数据项 1 - addr: 2, val: 1.000000
[2025-03-25 14:58:32.534] [INFO] [embedded_mqtt_client.c:199] 收到主题 [dataCenter/JSON/LD1/YX] 的消息
[2025-03-25 14:58:32.534] [INFO] [embedded_mqtt_client.c:231] 处理主题 [dataCenter/JSON/LD1/YX] 的数据
[2025-03-25 14:58:32.534] [DEBUG] [embedded_mqtt_client.c:565] 更新数据 - topic: dataCenter/JSON/LD1/YX, addr: 2, val: 1.000000
[2025-03-25 14:58:32.534] [INFO] [embedded_mqtt_client.c:261] 收到历史数据查询请求
[2025-03-25 14:58:32.534] [INFO] [embedded_mqtt_client.c:285] 查询历史数据 - 开始时间: 2025-03-25 13:58:00, 结束时间: 2025-03-25 14:58:00
[2025-03-25 14:58:32.536] [INFO] [xml_config_parser.cpp:380] 发送历史数据 - 记录数: 1
[2025-03-25 14:58:32.556] [INFO] [embedded_mqtt_client.c:306] 主题 [dataCenter/JSON/LD1/YX] 数据摘要:
[2025-03-25 14:58:32.556] [INFO] [embedded_mqtt_client.c:307] 时间戳: 2025-03-25 11:06:46.482
[2025-03-25 14:58:32.556] [INFO] [embedded_mqtt_client.c:308] 数据项数量: 2
[2025-03-25 14:58:32.556] [INFO] [embedded_mqtt_client.c:328] 数据项 0 - addr: 0, val: 1.000000
[2025-03-25 14:58:32.557] [INFO] [embedded_mqtt_client.c:328] 数据项 1 - addr: 2, val: 1.000000
[2025-03-25 14:58:32.557] [INFO] [embedded_mqtt_client.c:199] 收到主题 [dataCenter/JSON/LD1/YX] 的消息
[2025-03-25 14:58:32.557] [INFO] [embedded_mqtt_client.c:231] 处理主题 [dataCenter/JSON/LD1/YX] 的数据
[2025-03-25 14:58:32.557] [DEBUG] [embedded_mqtt_client.c:565] 更新数据 - topic: dataCenter/JSON/LD1/YX, addr: 2, val: 1.000000
[2025-03-25 14:58:32.557] [INFO] [embedded_mqtt_client.c:261] 收到历史数据查询请求
[2025-03-25 14:58:32.557] [INFO] [embedded_mqtt_client.c:285] 查询历史数据 - 开始时间: 2025-03-25 13:58:00, 结束时间: 2025-03-25 14:58:00
[2025-03-25 14:58:32.559] [INFO] [xml_config_parser.cpp:380] 发送历史数据 - 记录数: 1
[2025-03-25 14:58:32.579] [INFO] [embedded_mqtt_client.c:306] 主题 [dataCenter/JSON/LD1/YX] 数据摘要:
[2025-03-25 14:58:32.579] [INFO] [embedded_mqtt_client.c:307] 时间戳: 2025-03-25 11:06:46.482
[2025-03-25 14:58:32.579] [INFO] [embedded_mqtt_client.c:308] 数据项数量: 2
[2025-03-25 14:58:32.579] [INFO] [embedded_mqtt_client.c:328] 数据项 0 - addr: 0, val: 1.000000
[2025-03-25 14:58:32.579] [INFO] [embedded_mqtt_client.c:328] 数据项 1 - addr: 2, val: 1.000000
[2025-03-25 14:58:32.579] [INFO] [embedded_mqtt_client.c:199] 收到主题 [dataCenter/JSON/LD1/YX] 的消息
[2025-03-25 14:58:32.579] [INFO] [embedded_mqtt_client.c:231] 处理主题 [dataCenter/JSON/LD1/YX] 的数据
[2025-03-25 14:58:32.579] [DEBUG] [embedded_mqtt_client.c:565] 更新数据 - topic: dataCenter/JSON/LD1/YX, addr: 2, val: 1.000000
[2025-03-25 14:58:32.579] [INFO] [embedded_mqtt_client.c:261] 收到历史数据查询请求
[2025-03-25 14:58:32.579] [INFO] [embedded_mqtt_client.c:285] 查询历史数据 - 开始时间: 2025-03-25 13:58:00, 结束时间: 2025-03-25 14:58:00
[2025-03-25 14:58:32.581] [INFO] [xml_config_parser.cpp:380] 发送历史数据 - 记录数: 1
[2025-03-25 14:58:32.601] [INFO] [embedded_mqtt_client.c:306] 主题 [dataCenter/JSON/LD1/YX] 数据摘要:
[2025-03-25 14:58:32.602] [INFO] [embedded_mqtt_client.c:307] 时间戳: 2025-03-25 11:06:46.482
[2025-03-25 14:58:32.602] [INFO] [embedded_mqtt_client.c:308] 数据项数量: 2
[2025-03-25 14:58:32.602] [INFO] [embedded_mqtt_client.c:328] 数据项 0 - addr: 0, val: 1.000000
[2025-03-25 14:58:32.602] [INFO] [embedded_mqtt_client.c:328] 数据项 1 - addr: 2, val: 1.000000
[2025-03-25 14:58:32.602] [INFO] [embedded_mqtt_client.c:199] 收到主题 [dataCenter/JSON/LD1/YX] 的消息
[2025-03-25 14:58:32.602] [INFO] [embedded_mqtt_client.c:231] 处理主题 [dataCenter/JSON/LD1/YX] 的数据
[2025-03-25 14:58:32.602] [DEBUG] [embedded_mqtt_client.c:565] 更新数据 - topic: dataCenter/JSON/LD1/YX, addr: 2, val: 1.000000
[2025-03-25 14:58:32.602] [INFO] [embedded_mqtt_client.c:261] 收到历史数据查询请求
[2025-03-25 14:58:32.602] [INFO] [embedded_mqtt_client.c:285] 查询历史数据 - 开始时间: 2025-03-25 13:58:00, 结束时间: 2025-03-25 14:58:00
[2025-03-25 14:58:32.604] [INFO] [xml_config_parser.cpp:380] 发送历史数据 - 记录数: 1
[2025-03-25 14:58:32.624] [INFO] [embedded_mqtt_client.c:306] 主题 [dataCenter/JSON/LD1/YX] 数据摘要:
[2025-03-25 14:58:32.624] [INFO] [embedded_mqtt_client.c:307] 时间戳: 2025-03-25 11:06:46.482
[2025-03-25 14:58:32.624] [INFO] [embedded_mqtt_client.c:308] 数据项数量: 2
[2025-03-25 14:58:32.624] [INFO] [embedded_mqtt_client.c:328] 数据项 0 - addr: 0, val: 1.000000
[2025-03-25 14:58:32.624] [INFO] [embedded_mqtt_client.c:328] 数据项 1 - addr: 2, val: 1.000000
[2025-03-25 14:58:32.624] [INFO] [embedded_mqtt_client.c:199] 收到主题 [dataCenter/JSON/LD1/YX] 的消息
[2025-03-25 14:58:32.624] [INFO] [embedded_mqtt_client.c:231] 处理主题 [dataCenter/JSON/LD1/YX] 的数据
[2025-03-25 14:58:32.624] [DEBUG] [embedded_mqtt_client.c:565] 更新数据 - topic: dataCenter/JSON/LD1/YX, addr: 2, val: 1.000000
[2025-03-25 14:58:32.624] [INFO] [embedded_mqtt_client.c:261] 收到历史数据查询请求
[2025-03-25 14:58:32.624] [INFO] [embedded_mqtt_client.c:285] 查询历史数据 - 开始时间: 2025-03-25 13:58:00, 结束时间: 2025-03-25 14:58:00
[2025-03-25 14:58:32.626] [INFO] [xml_config_parser.cpp:380] 发送历史数据 - 记录数: 1
[2025-03-25 14:58:32.646] [INFO] [embedded_mqtt_client.c:306] 主题 [dataCenter/JSON/LD1/YX] 数据摘要:
[2025-03-25 14:58:32.647] [INFO] [embedded_mqtt_client.c:307] 时间戳: 2025-03-25 11:06:46.482
[2025-03-25 14:58:32.647] [INFO] [embedded_mqtt_client.c:308] 数据项数量: 2
[2025-03-25 14:58:32.647] [INFO] [embedded_mqtt_client.c:328] 数据项 0 - addr: 0, val: 1.000000
[2025-03-25 14:58:32.647] [INFO] [embedded_mqtt_client.c:328] 数据项 1 - addr: 2, val: 1.000000
[2025-03-25 14:58:32.647] [INFO] [embedded_mqtt_client.c:199] 收到主题 [dataCenter/JSON/LD1/YX] 的消息
[2025-03-25 14:58:32.647] [INFO] [embedded_mqtt_client.c:231] 处理主题 [dataCenter/JSON/LD1/YX] 的数据
[2025-03-25 14:58:32.647] [DEBUG] [embedded_mqtt_client.c:565] 更新数据 - topic: dataCenter/JSON/LD1/YX, addr: 2, val: 1.000000
[2025-03-25 14:58:32.647] [INFO] [embedded_mqtt_client.c:261] 收到历史数据查询请求
[2025-03-25 14:58:32.647] [INFO] [embedded_mqtt_client.c:285] 查询历史数据 - 开始时间: 2025-03-25 13:58:00, 结束时间: 2025-03-25 14:58:00
[2025-03-25 14:58:32.649] [INFO] [xml_config_parser.cpp:380] 发送历史数据 - 记录数: 1
[2025-03-25 14:58:32.669] [INFO] [embedded_mqtt_client.c:306] 主题 [dataCenter/JSON/LD1/YX] 数据摘要:
[2025-03-25 14:58:32.669] [INFO] [embedded_mqtt_client.c:307] 时间戳: 2025-03-25 11:06:46.482
[2025-03-25 14:58:32.669] [INFO] [embedded_mqtt_client.c:308] 数据项数量: 2
[2025-03-25 14:58:32.669] [INFO] [embedded_mqtt_client.c:328] 数据项 0 - addr: 0, val: 1.000000
[2025-03-25 14:58:32.669] [INFO] [embedded_mqtt_client.c:328] 数据项 1 - addr: 2, val: 1.000000
[2025-03-25 14:58:32.669] [INFO] [embedded_mqtt_client.c:199] 收到主题 [dataCenter/JSON/LD1/YX] 的消息
[2025-03-25 14:58:32.669] [INFO] [embedded_mqtt_client.c:231] 处理主题 [dataCenter/JSON/LD1/YX] 的数据
[2025-03-25 14:58:32.669] [DEBUG] [embedded_mqtt_client.c:565] 更新数据 - topic: dataCenter/JSON/LD1/YX, addr: 2, val: 1.000000
[2025-03-25 14:58:32.669] [INFO] [embedded_mqtt_client.c:261] 收到历史数据查询请求
[2025-03-25 14:58:32.669] [INFO] [embedded_mqtt_client.c:285] 查询历史数据 - 开始时间: 2025-03-25 13:58:00, 结束时间: 2025-03-25 14:58:00
[2025-03-25 14:58:32.671] [INFO] [xml_config_parser.cpp:380] 发送历史数据 - 记录数: 1
[2025-03-25 14:58:32.691] [INFO] [embedded_mqtt_client.c:306] 主题 [dataCenter/JSON/LD1/YX] 数据摘要:
[2025-03-25 14:58:32.691] [INFO] [embedded_mqtt_client.c:307] 时间戳: 2025-03-25 11:06:46.482
[2025-03-25 14:58:32.691] [INFO] [embedded_mqtt_client.c:308] 数据项数量: 2
[2025-03-25 14:58:32.691] [INFO] [embedded_mqtt_client.c:328] 数据项 0 - addr: 0, val: 1.000000
[2025-03-25 14:58:32.691] [INFO] [embedded_mqtt_client.c:328] 数据项 1 - addr: 2, val: 1.000000
[2025-03-25 14:58:32.691] [INFO] [embedded_mqtt_client.c:199] 收到主题 [dataCenter/JSON/LD1/YX] 的消息
[2025-03-25 14:58:32.692] [INFO] [embedded_mqtt_client.c:231] 处理主题 [dataCenter/JSON/LD1/YX] 的数据
[2025-03-25 14:58:32.692] [DEBUG] [embedded_mqtt_client.c:565] 更新数据 - topic: dataCenter/JSON/LD1/YX, addr: 2, val: 1.000000
[2025-03-25 14:58:32.692] [INFO] [embedded_mqtt_client.c:261] 收到历史数据查询请求
[2025-03-25 14:58:32.692] [INFO] [embedded_mqtt_client.c:285] 查询历史数据 - 开始时间: 2025-03-25 13:58:00, 结束时间: 2025-03-25 14:58:00
[2025-03-25 14:58:32.694] [INFO] [xml_config_parser.cpp:380] 发送历史数据 - 记录数: 1
[2025-03-25 14:58:32.713] [INFO] [embedded_mqtt_client.c:306] 主题 [dataCenter/JSON/LD1/YX] 数据摘要:
[2025-03-25 14:58:32.714] [INFO] [embedded_mqtt_client.c:307] 时间戳: 2025-03-25 11:06:46.482
[2025-03-25 14:58:32.714] [INFO] [embedded_mqtt_client.c:308] 数据项数量: 2
[2025-03-25 14:58:32.714] [INFO] [embedded_mqtt_client.c:328] 数据项 0 - addr: 0, val: 1.000000
[2025-03-25 14:58:32.714] [INFO] [embedded_mqtt_client.c:328] 数据项 1 - addr: 2, val: 1.000000
[2025-03-25 14:58:32.714] [INFO] [embedded_mqtt_client.c:199] 收到主题 [dataCenter/JSON/LD1/YX] 的消息
[2025-03-25 14:58:32.714] [INFO] [embedded_mqtt_client.c:231] 处理主题 [dataCenter/JSON/LD1/YX] 的数据
[2025-03-25 14:58:32.714] [DEBUG] [embedded_mqtt_client.c:565] 更新数据 - topic: dataCenter/JSON/LD1/YX, addr: 2, val: 1.000000
[2025-03-25 14:58:32.714] [INFO] [embedded_mqtt_client.c:261] 收到历史数据查询请求
[2025-03-25 14:58:32.714] [INFO] [embedded_mqtt_client.c:285] 查询历史数据 - 开始时间: 2025-03-25 13:58:00, 结束时间: 2025-03-25 14:58:00
[2025-03-25 14:58:32.716] [INFO] [xml_config_parser.cpp:380] 发送历史数据 - 记录数: 1
[2025-03-25 14:58:32.735] [INFO] [embedded_mqtt_client.c:306] 主题 [dataCenter/JSON/LD1/YX] 数据摘要:
[2025-03-25 14:58:32.736] [INFO] [embedded_mqtt_client.c:307] 时间戳: 2025-03-25 11:06:46.482
[2025-03-25 14:58:32.736] [INFO] [embedded_mqtt_client.c:308] 数据项数量: 2
[2025-03-25 14:58:32.736] [INFO] [embedded_mqtt_client.c:328] 数据项 0 - addr: 0, val: 1.000000
[2025-03-25 14:58:32.736] [INFO] [embedded_mqtt_client.c:328] 数据项 1 - addr: 2, val: 1.000000
[2025-03-25 14:58:32.736] [INFO] [embedded_mqtt_client.c:199] 收到主题 [dataCenter/JSON/LD1/YX] 的消息
[2025-03-25 14:58:32.736] [INFO] [embedded_mqtt_client.c:231] 处理主题 [dataCenter/JSON/LD1/YX] 的数据
[2025-03-25 14:58:32.736] [DEBUG] [embedded_mqtt_client.c:565] 更新数据 - topic: dataCenter/JSON/LD1/YX, addr: 2, val: 1.000000
[2025-03-25 14:58:32.736] [INFO] [embedded_mqtt_client.c:261] 收到历史数据查询请求
[2025-03-25 14:58:32.736] [INFO] [embedded_mqtt_client.c:285] 查询历史数据 - 开始时间: 2025-03-25 13:58:00, 结束时间: 2025-03-25 14:58:00
[2025-03-25 14:58:32.738] [INFO] [xml_config_parser.cpp:380] 发送历史数据 - 记录数: 1
[2025-03-25 14:58:32.757] [INFO] [embedded_mqtt_client.c:306] 主题 [dataCenter/JSON/LD1/YX] 数据摘要:
[2025-03-25 14:58:32.758] [INFO] [embedded_mqtt_client.c:307] 时间戳: 2025-03-25 11:06:46.482
[2025-03-25 14:58:32.758] [INFO] [embedded_mqtt_client.c:308] 数据项数量: 2
[2025-03-25 14:58:32.758] [INFO] [embedded_mqtt_client.c:328] 数据项 0 - addr: 0, val: 1.000000
[2025-03-25 14:58:32.758] [INFO] [embedded_mqtt_client.c:328] 数据项 1 - addr: 2, val: 1.000000
[2025-03-25 14:58:32.758] [INFO] [embedded_mqtt_client.c:199] 收到主题 [dataCenter/JSON/LD1/YX] 的消息
[2025-03-25 14:58:32.758] [INFO] [embedded_mqtt_client.c:231] 处理主题 [dataCenter/JSON/LD1/YX] 的数据
[2025-03-25 14:58:32.758] [DEBUG] [embedded_mqtt_client.c:565] 更新数据 - topic: dataCenter/JSON/LD1/YX, addr: 2, val: 1.000000
[2025-03-25 14:58:32.758] [INFO] [embedded_mqtt_client.c:261] 收到历史数据查询请求
[2025-03-25 14:58:32.758] [INFO] [embedded_mqtt_client.c:285] 查询历史数据 - 开始时间: 2025-03-25 13:58:00, 结束时间: 2025-03-25 14:58:00
[2025-03-25 14:58:32.760] [INFO] [xml_config_parser.cpp:380] 发送历史数据 - 记录数: 1
[2025-03-25 14:58:32.781] [INFO] [embedded_mqtt_client.c:306] 主题 [dataCenter/JSON/LD1/YX] 数据摘要:
[2025-03-25 14:58:32.781] [INFO] [embedded_mqtt_client.c:307] 时间戳: 2025-03-25 11:06:46.482
[2025-03-25 14:58:32.781] [INFO] [embedded_mqtt_client.c:308] 数据项数量: 2
[2025-03-25 14:58:32.781] [INFO] [embedded_mqtt_client.c:328] 数据项 0 - addr: 0, val: 1.000000
[2025-03-25 14:58:32.781] [INFO] [embedded_mqtt_client.c:328] 数据项 1 - addr: 2, val: 1.000000
[2025-03-25 14:58:32.781] [INFO] [embedded_mqtt_client.c:199] 收到主题 [dataCenter/JSON/LD1/YX] 的消息
[2025-03-25 14:58:32.781] [INFO] [embedded_mqtt_client.c:231] 处理主题 [dataCenter/JSON/LD1/YX] 的数据
[2025-03-25 14:58:32.781] [DEBUG] [embedded_mqtt_client.c:565] 更新数据 - topic: dataCenter/JSON/LD1/YX, addr: 2, val: 1.000000
[2025-03-25 14:58:32.781] [INFO] [embedded_mqtt_client.c:261] 收到历史数据查询请求
[2025-03-25 14:58:32.781] [INFO] [embedded_mqtt_client.c:285] 查询历史数据 - 开始时间: 2025-03-25 13:58:00, 结束时间: 2025-03-25 14:58:00
[2025-03-25 14:58:32.783] [INFO] [xml_config_parser.cpp:380] 发送历史数据 - 记录数: 1
[2025-03-25 14:58:32.803] [INFO] [embedded_mqtt_client.c:306] 主题 [dataCenter/JSON/LD1/YX] 数据摘要:
[2025-03-25 14:58:32.803] [INFO] [embedded_mqtt_client.c:307] 时间戳: 2025-03-25 11:06:46.482
[2025-03-25 14:58:32.803] [INFO] [embedded_mqtt_client.c:308] 数据项数量: 2
[2025-03-25 14:58:32.803] [INFO] [embedded_mqtt_client.c:328] 数据项 0 - addr: 0, val: 1.000000
[2025-03-25 14:58:32.803] [INFO] [embedded_mqtt_client.c:328] 数据项 1 - addr: 2, val: 1.000000
[2025-03-25 14:58:32.803] [INFO] [embedded_mqtt_client.c:199] 收到主题 [dataCenter/JSON/LD1/YX] 的消息
[2025-03-25 14:58:32.803] [INFO] [embedded_mqtt_client.c:231] 处理主题 [dataCenter/JSON/LD1/YX] 的数据
[2025-03-25 14:58:32.803] [DEBUG] [embedded_mqtt_client.c:565] 更新数据 - topic: dataCenter/JSON/LD1/YX, addr: 2, val: 1.000000
[2025-03-25 14:58:32.803] [INFO] [embedded_mqtt_client.c:261] 收到历史数据查询请求
[2025-03-25 14:58:32.804] [INFO] [embedded_mqtt_client.c:285] 查询历史数据 - 开始时间: 2025-03-25 13:58:00, 结束时间: 2025-03-25 14:58:00
[2025-03-25 14:58:32.805] [INFO] [xml_config_parser.cpp:380] 发送历史数据 - 记录数: 1
[2025-03-25 14:58:32.825] [INFO] [embedded_mqtt_client.c:306] 主题 [dataCenter/JSON/LD1/YX] 数据摘要:
[2025-03-25 14:58:32.825] [INFO] [embedded_mqtt_client.c:307] 时间戳: 2025-03-25 11:06:46.482
[2025-03-25 14:58:32.825] [INFO] [embedded_mqtt_client.c:308] 数据项数量: 2
[2025-03-25 14:58:32.825] [INFO] [embedded_mqtt_client.c:328] 数据项 0 - addr: 0, val: 1.000000
[2025-03-25 14:58:32.825] [INFO] [embedded_mqtt_client.c:328] 数据项 1 - addr: 2, val: 1.000000
[2025-03-25 14:58:32.825] [INFO] [embedded_mqtt_client.c:199] 收到主题 [dataCenter/JSON/LD1/YX] 的消息
[2025-03-25 14:58:32.825] [INFO] [embedded_mqtt_client.c:231] 处理主题 [dataCenter/JSON/LD1/YX] 的数据
[2025-03-25 14:58:32.825] [DEBUG] [embedded_mqtt_client.c:565] 更新数据 - topic: dataCenter/JSON/LD1/YX, addr: 2, val: 1.000000
[2025-03-25 14:58:32.825] [INFO] [embedded_mqtt_client.c:261] 收到历史数据查询请求
[2025-03-25 14:58:32.825] [INFO] [embedded_mqtt_client.c:285] 查询历史数据 - 开始时间: 2025-03-25 13:58:00, 结束时间: 2025-03-25 14:58:00
[2025-03-25 14:58:32.827] [INFO] [xml_config_parser.cpp:380] 发送历史数据 - 记录数: 1
[2025-03-25 14:58:32.847] [INFO] [embedded_mqtt_client.c:306] 主题 [dataCenter/JSON/LD1/YX] 数据摘要:
[2025-03-25 14:58:32.847] [INFO] [embedded_mqtt_client.c:307] 时间戳: 2025-03-25 11:06:46.482
[2025-03-25 14:58:32.847] [INFO] [embedded_mqtt_client.c:308] 数据项数量: 2
[2025-03-25 14:58:32.847] [INFO] [embedded_mqtt_client.c:328] 数据项 0 - addr: 0, val: 1.000000
[2025-03-25 14:58:32.847] [INFO] [embedded_mqtt_client.c:328] 数据项 1 - addr: 2, val: 1.000000
[2025-03-25 14:58:32.847] [INFO] [embedded_mqtt_client.c:199] 收到主题 [dataCenter/JSON/LD1/YX] 的消息
[2025-03-25 14:58:32.847] [INFO] [embedded_mqtt_client.c:231] 处理主题 [dataCenter/JSON/LD1/YX] 的数据
[2025-03-25 14:58:32.847] [DEBUG] [embedded_mqtt_client.c:565] 更新数据 - topic: dataCenter/JSON/LD1/YX, addr: 2, val: 1.000000
[2025-03-25 14:58:32.847] [INFO] [embedded_mqtt_client.c:261] 收到历史数据查询请求
[2025-03-25 14:58:32.847] [INFO] [embedded_mqtt_client.c:285] 查询历史数据 - 开始时间: 2025-03-25 13:58:00, 结束时间: 2025-03-25 14:58:00
[2025-03-25 14:58:32.849] [INFO] [xml_config_parser.cpp:380] 发送历史数据 - 记录数: 1
[2025-03-25 14:58:32.868] [INFO] [embedded_mqtt_client.c:306] 主题 [dataCenter/JSON/LD1/YX] 数据摘要:
[2025-03-25 14:58:32.868] [INFO] [embedded_mqtt_client.c:307] 时间戳: 2025-03-25 11:06:46.482
[2025-03-25 14:58:32.868] [INFO] [embedded_mqtt_client.c:308] 数据项数量: 2
[2025-03-25 14:58:32.869] [INFO] [embedded_mqtt_client.c:328] 数据项 0 - addr: 0, val: 1.000000
[2025-03-25 14:58:32.869] [INFO] [embedded_mqtt_client.c:328] 数据项 1 - addr: 2, val: 1.000000
[2025-03-25 14:58:32.869] [INFO] [embedded_mqtt_client.c:199] 收到主题 [dataCenter/JSON/LD1/YX] 的消息
[2025-03-25 14:58:32.869] [INFO] [embedded_mqtt_client.c:231] 处理主题 [dataCenter/JSON/LD1/YX] 的数据
[2025-03-25 14:58:32.869] [DEBUG] [embedded_mqtt_client.c:565] 更新数据 - topic: dataCenter/JSON/LD1/YX, addr: 2, val: 1.000000
[2025-03-25 14:58:32.869] [INFO] [embedded_mqtt_client.c:261] 收到历史数据查询请求
[2025-03-25 14:58:32.869] [INFO] [embedded_mqtt_client.c:285] 查询历史数据 - 开始时间: 2025-03-25 13:58:00, 结束时间: 2025-03-25 14:58:00
[2025-03-25 14:58:32.871] [INFO] [xml_config_parser.cpp:380] 发送历史数据 - 记录数: 1
[2025-03-25 14:58:32.890] [INFO] [embedded_mqtt_client.c:306] 主题 [dataCenter/JSON/LD1/YX] 数据摘要:
[2025-03-25 14:58:32.890] [INFO] [embedded_mqtt_client.c:307] 时间戳: 2025-03-25 11:06:46.482
[2025-03-25 14:58:32.890] [INFO] [embedded_mqtt_client.c:308] 数据项数量: 2
[2025-03-25 14:58:32.890] [INFO] [embedded_mqtt_client.c:328] 数据项 0 - addr: 0, val: 1.000000
[2025-03-25 14:58:32.890] [INFO] [embedded_mqtt_client.c:328] 数据项 1 - addr: 2, val: 1.000000
[2025-03-25 14:58:32.890] [INFO] [embedded_mqtt_client.c:199] 收到主题 [dataCenter/JSON/LD1/YX] 的消息
[2025-03-25 14:58:32.890] [INFO] [embedded_mqtt_client.c:231] 处理主题 [dataCenter/JSON/LD1/YX] 的数据
[2025-03-25 14:58:32.891] [DEBUG] [embedded_mqtt_client.c:565] 更新数据 - topic: dataCenter/JSON/LD1/YX, addr: 2, val: 1.000000
[2025-03-25 14:58:32.891] [INFO] [embedded_mqtt_client.c:261] 收到历史数据查询请求
[2025-03-25 14:58:32.891] [INFO] [embedded_mqtt_client.c:285] 查询历史数据 - 开始时间: 2025-03-25 13:58:00, 结束时间: 2025-03-25 14:58:00
[2025-03-25 14:58:32.893] [INFO] [xml_config_parser.cpp:380] 发送历史数据 - 记录数: 1
[2025-03-25 14:58:32.912] [INFO] [embedded_mqtt_client.c:306] 主题 [dataCenter/JSON/LD1/YX] 数据摘要:
[2025-03-25 14:58:32.912] [INFO] [embedded_mqtt_client.c:307] 时间戳: 2025-03-25 11:06:46.482
[2025-03-25 14:58:32.912] [INFO] [embedded_mqtt_client.c:308] 数据项数量: 2
[2025-03-25 14:58:32.912] [INFO] [embedded_mqtt_client.c:328] 数据项 0 - addr: 0, val: 1.000000
[2025-03-25 14:58:32.912] [INFO] [embedded_mqtt_client.c:328] 数据项 1 - addr: 2, val: 1.000000
[2025-03-25 14:58:32.912] [INFO] [embedded_mqtt_client.c:199] 收到主题 [dataCenter/JSON/LD1/YX] 的消息
[2025-03-25 14:58:32.913] [INFO] [embedded_mqtt_client.c:231] 处理主题 [dataCenter/JSON/LD1/YX] 的数据
[2025-03-25 14:58:32.913] [DEBUG] [embedded_mqtt_client.c:565] 更新数据 - topic: dataCenter/JSON/LD1/YX, addr: 2, val: 1.000000
[2025-03-25 14:58:32.913] [INFO] [embedded_mqtt_client.c:261] 收到历史数据查询请求
[2025-03-25 14:58:32.913] [INFO] [embedded_mqtt_client.c:285] 查询历史数据 - 开始时间: 2025-03-25 13:58:00, 结束时间: 2025-03-25 14:58:00
[2025-03-25 14:58:32.915] [INFO] [xml_config_parser.cpp:380] 发送历史数据 - 记录数: 1
[2025-03-25 14:58:32.934] [INFO] [embedded_mqtt_client.c:306] 主题 [dataCenter/JSON/LD1/YX] 数据摘要:
[2025-03-25 14:58:32.934] [INFO] [embedded_mqtt_client.c:307] 时间戳: 2025-03-25 11:06:46.482
[2025-03-25 14:58:32.934] [INFO] [embedded_mqtt_client.c:308] 数据项数量: 2
[2025-03-25 14:58:32.934] [INFO] [embedded_mqtt_client.c:328] 数据项 0 - addr: 0, val: 1.000000
[2025-03-25 14:58:32.934] [INFO] [embedded_mqtt_client.c:328] 数据项 1 - addr: 2, val: 1.000000
[2025-03-25 14:58:32.934] [INFO] [embedded_mqtt_client.c:199] 收到主题 [dataCenter/JSON/LD1/YX] 的消息
[2025-03-25 14:58:32.934] [INFO] [embedded_mqtt_client.c:231] 处理主题 [dataCenter/JSON/LD1/YX] 的数据
[2025-03-25 14:58:32.934] [DEBUG] [embedded_mqtt_client.c:565] 更新数据 - topic: dataCenter/JSON/LD1/YX, addr: 2, val: 1.000000
[2025-03-25 14:58:32.934] [INFO] [embedded_mqtt_client.c:261] 收到历史数据查询请求
[2025-03-25 14:58:32.935] [INFO] [embedded_mqtt_client.c:285] 查询历史数据 - 开始时间: 2025-03-25 13:58:00, 结束时间: 2025-03-25 14:58:00
[2025-03-25 14:58:32.937] [INFO] [xml_config_parser.cpp:380] 发送历史数据 - 记录数: 1
[2025-03-25 14:58:32.956] [INFO] [embedded_mqtt_client.c:306] 主题 [dataCenter/JSON/LD1/YX] 数据摘要:
[2025-03-25 14:58:32.956] [INFO] [embedded_mqtt_client.c:307] 时间戳: 2025-03-25 11:06:46.482
[2025-03-25 14:58:32.956] [INFO] [embedded_mqtt_client.c:308] 数据项数量: 2
[2025-03-25 14:58:32.957] [INFO] [embedded_mqtt_client.c:328] 数据项 0 - addr: 0, val: 1.000000
[2025-03-25 14:58:32.957] [INFO] [embedded_mqtt_client.c:328] 数据项 1 - addr: 2, val: 1.000000
[2025-03-25 14:58:32.957] [INFO] [embedded_mqtt_client.c:199] 收到主题 [dataCenter/JSON/LD1/YX] 的消息
[2025-03-25 14:58:32.957] [INFO] [embedded_mqtt_client.c:231] 处理主题 [dataCenter/JSON/LD1/YX] 的数据
[2025-03-25 14:58:32.957] [DEBUG] [embedded_mqtt_client.c:565] 更新数据 - topic: dataCenter/JSON/LD1/YX, addr: 2, val: 1.000000
[2025-03-25 14:58:32.957] [INFO] [embedded_mqtt_client.c:261] 收到历史数据查询请求
[2025-03-25 14:58:32.957] [INFO] [embedded_mqtt_client.c:285] 查询历史数据 - 开始时间: 2025-03-25 13:58:00, 结束时间: 2025-03-25 14:58:00
[2025-03-25 14:58:32.959] [INFO] [xml_config_parser.cpp:380] 发送历史数据 - 记录数: 1
[2025-03-25 14:58:32.978] [INFO] [embedded_mqtt_client.c:306] 主题 [dataCenter/JSON/LD1/YX] 数据摘要:
[2025-03-25 14:58:32.978] [INFO] [embedded_mqtt_client.c:307] 时间戳: 2025-03-25 11:06:46.482
[2025-03-25 14:58:32.978] [INFO] [embedded_mqtt_client.c:308] 数据项数量: 2
[2025-03-25 14:58:32.978] [INFO] [embedded_mqtt_client.c:328] 数据项 0 - addr: 0, val: 1.000000
[2025-03-25 14:58:32.978] [INFO] [embedded_mqtt_client.c:328] 数据项 1 - addr: 2, val: 1.000000
[2025-03-25 14:58:32.978] [INFO] [embedded_mqtt_client.c:199] 收到主题 [dataCenter/JSON/LD1/YX] 的消息
[2025-03-25 14:58:32.979] [INFO] [embedded_mqtt_client.c:231] 处理主题 [dataCenter/JSON/LD1/YX] 的数据
[2025-03-25 14:58:32.979] [DEBUG] [embedded_mqtt_client.c:565] 更新数据 - topic: dataCenter/JSON/LD1/YX, addr: 2, val: 1.000000
[2025-03-25 14:58:32.979] [INFO] [embedded_mqtt_client.c:261] 收到历史数据查询请求
[2025-03-25 14:58:32.979] [INFO] [embedded_mqtt_client.c:285] 查询历史数据 - 开始时间: 2025-03-25 13:58:00, 结束时间: 2025-03-25 14:58:00
[2025-03-25 14:58:32.981] [INFO] [xml_config_parser.cpp:380] 发送历史数据 - 记录数: 1
[2025-03-25 14:58:33.000] [INFO] [embedded_mqtt_client.c:306] 主题 [dataCenter/JSON/LD1/YX] 数据摘要:
[2025-03-25 14:58:33.000] [INFO] [embedded_mqtt_client.c:307] 时间戳: 2025-03-25 11:06:46.482
[2025-03-25 14:58:33.001] [INFO] [embedded_mqtt_client.c:308] 数据项数量: 2
[2025-03-25 14:58:33.001] [INFO] [embedded_mqtt_client.c:328] 数据项 0 - addr: 0, val: 1.000000
[2025-03-25 14:58:33.001] [INFO] [embedded_mqtt_client.c:328] 数据项 1 - addr: 2, val: 1.000000
[2025-03-25 14:58:33.001] [INFO] [embedded_mqtt_client.c:199] 收到主题 [dataCenter/JSON/LD1/YX] 的消息
[2025-03-25 14:58:33.001] [INFO] [embedded_mqtt_client.c:231] 处理主题 [dataCenter/JSON/LD1/YX] 的数据
[2025-03-25 14:58:33.001] [DEBUG] [embedded_mqtt_client.c:565] 更新数据 - topic: dataCenter/JSON/LD1/YX, addr: 2, val: 1.000000
[2025-03-25 14:58:33.001] [INFO] [embedded_mqtt_client.c:261] 收到历史数据查询请求
[2025-03-25 14:58:33.001] [INFO] [embedded_mqtt_client.c:285] 查询历史数据 - 开始时间: 2025-03-25 13:58:00, 结束时间: 2025-03-25 14:58:00
[2025-03-25 14:58:33.003] [INFO] [xml_config_parser.cpp:380] 发送历史数据 - 记录数: 1
[2025-03-25 14:58:33.022] [INFO] [embedded_mqtt_client.c:306] 主题 [dataCenter/JSON/LD1/YX] 数据摘要:
[2025-03-25 14:58:33.022] [INFO] [embedded_mqtt_client.c:307] 时间戳: 2025-03-25 11:06:46.482
[2025-03-25 14:58:33.023] [INFO] [embedded_mqtt_client.c:308] 数据项数量: 2
[2025-03-25 14:58:33.023] [INFO] [embedded_mqtt_client.c:328] 数据项 0 - addr: 0, val: 1.000000
[2025-03-25 14:58:33.023] [INFO] [embedded_mqtt_client.c:328] 数据项 1 - addr: 2, val: 1.000000
[2025-03-25 14:58:33.023] [INFO] [embedded_mqtt_client.c:199] 收到主题 [dataCenter/JSON/LD1/YX] 的消息
[2025-03-25 14:58:33.023] [INFO] [embedded_mqtt_client.c:231] 处理主题 [dataCenter/JSON/LD1/YX] 的数据
[2025-03-25 14:58:33.023] [DEBUG] [embedded_mqtt_client.c:565] 更新数据 - topic: dataCenter/JSON/LD1/YX, addr: 2, val: 1.000000
[2025-03-25 14:58:33.023] [INFO] [embedded_mqtt_client.c:261] 收到历史数据查询请求
[2025-03-25 14:58:33.023] [INFO] [embedded_mqtt_client.c:285] 查询历史数据 - 开始时间: 2025-03-25 13:58:00, 结束时间: 2025-03-25 14:58:00
[2025-03-25 14:58:33.025] [INFO] [xml_config_parser.cpp:380] 发送历史数据 - 记录数: 1
[2025-03-25 14:58:33.044] [INFO] [embedded_mqtt_client.c:306] 主题 [dataCenter/JSON/LD1/YX] 数据摘要:
[2025-03-25 14:58:33.044] [INFO] [embedded_mqtt_client.c:307] 时间戳: 2025-03-25 11:06:46.482
[2025-03-25 14:58:33.044] [INFO] [embedded_mqtt_client.c:308] 数据项数量: 2
[2025-03-25 14:58:33.044] [INFO] [embedded_mqtt_client.c:328] 数据项 0 - addr: 0, val: 1.000000
[2025-03-25 14:58:33.044] [INFO] [embedded_mqtt_client.c:328] 数据项 1 - addr: 2, val: 1.000000
[2025-03-25 14:58:33.045] [INFO] [embedded_mqtt_client.c:199] 收到主题 [dataCenter/JSON/LD1/YX] 的消息
[2025-03-25 14:58:33.045] [INFO] [embedded_mqtt_client.c:231] 处理主题 [dataCenter/JSON/LD1/YX] 的数据
[2025-03-25 14:58:33.045] [DEBUG] [embedded_mqtt_client.c:565] 更新数据 - topic: dataCenter/JSON/LD1/YX, addr: 2, val: 1.000000
[2025-03-25 14:58:33.045] [INFO] [embedded_mqtt_client.c:261] 收到历史数据查询请求
[2025-03-25 14:58:33.045] [INFO] [embedded_mqtt_client.c:285] 查询历史数据 - 开始时间: 2025-03-25 13:58:00, 结束时间: 2025-03-25 14:58:00
[2025-03-25 14:58:33.047] [INFO] [xml_config_parser.cpp:380] 发送历史数据 - 记录数: 1
[2025-03-25 14:58:33.066] [INFO] [embedded_mqtt_client.c:306] 主题 [dataCenter/JSON/LD1/YX] 数据摘要:
[2025-03-25 14:58:33.066] [INFO] [embedded_mqtt_client.c:307] 时间戳: 2025-03-25 11:06:46.482
[2025-03-25 14:58:33.066] [INFO] [embedded_mqtt_client.c:308] 数据项数量: 2
[2025-03-25 14:58:33.066] [INFO] [embedded_mqtt_client.c:328] 数据项 0 - addr: 0, val: 1.000000
[2025-03-25 14:58:33.066] [INFO] [embedded_mqtt_client.c:328] 数据项 1 - addr: 2, val: 1.000000
[2025-03-25 14:58:33.067] [INFO] [embedded_mqtt_client.c:199] 收到主题 [dataCenter/JSON/LD1/YX] 的消息
[2025-03-25 14:58:33.067] [INFO] [embedded_mqtt_client.c:231] 处理主题 [dataCenter/JSON/LD1/YX] 的数据
[2025-03-25 14:58:33.067] [DEBUG] [embedded_mqtt_client.c:565] 更新数据 - topic: dataCenter/JSON/LD1/YX, addr: 2, val: 1.000000
[2025-03-25 14:58:33.067] [INFO] [embedded_mqtt_client.c:261] 收到历史数据查询请求
[2025-03-25 14:58:33.067] [INFO] [embedded_mqtt_client.c:285] 查询历史数据 - 开始时间: 2025-03-25 13:58:00, 结束时间: 2025-03-25 14:58:00
[2025-03-25 14:58:33.069] [INFO] [xml_config_parser.cpp:380] 发送历史数据 - 记录数: 1
[2025-03-25 14:58:33.088] [INFO] [embedded_mqtt_client.c:306] 主题 [dataCenter/JSON/LD1/YX] 数据摘要:
[2025-03-25 14:58:33.088] [INFO] [embedded_mqtt_client.c:307] 时间戳: 2025-03-25 11:06:46.482
[2025-03-25 14:58:33.088] [INFO] [embedded_mqtt_client.c:308] 数据项数量: 2
[2025-03-25 14:58:33.088] [INFO] [embedded_mqtt_client.c:328] 数据项 0 - addr: 0, val: 1.000000
[2025-03-25 14:58:33.088] [INFO] [embedded_mqtt_client.c:328] 数据项 1 - addr: 2, val: 1.000000
[2025-03-25 14:58:33.088] [INFO] [embedded_mqtt_client.c:199] 收到主题 [dataCenter/JSON/LD1/YX] 的消息
[2025-03-25 14:58:33.088] [INFO] [embedded_mqtt_client.c:231] 处理主题 [dataCenter/JSON/LD1/YX] 的数据
[2025-03-25 14:58:33.088] [DEBUG] [embedded_mqtt_client.c:565] 更新数据 - topic: dataCenter/JSON/LD1/YX, addr: 2, val: 1.000000
[2025-03-25 14:58:33.088] [INFO] [embedded_mqtt_client.c:261] 收到历史数据查询请求
[2025-03-25 14:58:33.088] [INFO] [embedded_mqtt_client.c:285] 查询历史数据 - 开始时间: 2025-03-25 13:58:00, 结束时间: 2025-03-25 14:58:00
[2025-03-25 14:58:33.090] [INFO] [xml_config_parser.cpp:380] 发送历史数据 - 记录数: 1
[2025-03-25 14:58:33.110] [INFO] [embedded_mqtt_client.c:306] 主题 [dataCenter/JSON/LD1/YX] 数据摘要:
[2025-03-25 14:58:33.110] [INFO] [embedded_mqtt_client.c:307] 时间戳: 2025-03-25 11:06:46.482
[2025-03-25 14:58:33.110] [INFO] [embedded_mqtt_client.c:308] 数据项数量: 2
[2025-03-25 14:58:33.110] [INFO] [embedded_mqtt_client.c:328] 数据项 0 - addr: 0, val: 1.000000
[2025-03-25 14:58:33.110] [INFO] [embedded_mqtt_client.c:328] 数据项 1 - addr: 2, val: 1.000000
[2025-03-25 14:58:33.111] [INFO] [embedded_mqtt_client.c:199] 收到主题 [dataCenter/JSON/LD1/YX] 的消息
[2025-03-25 14:58:33.111] [INFO] [embedded_mqtt_client.c:231] 处理主题 [dataCenter/JSON/LD1/YX] 的数据
[2025-03-25 14:58:33.111] [DEBUG] [embedded_mqtt_client.c:565] 更新数据 - topic: dataCenter/JSON/LD1/YX, addr: 2, val: 1.000000
[2025-03-25 14:58:33.111] [INFO] [embedded_mqtt_client.c:261] 收到历史数据查询请求
[2025-03-25 14:58:33.111] [INFO] [embedded_mqtt_client.c:285] 查询历史数据 - 开始时间: 2025-03-25 13:58:00, 结束时间: 2025-03-25 14:58:00
[2025-03-25 14:58:33.113] [INFO] [xml_config_parser.cpp:380] 发送历史数据 - 记录数: 1
[2025-03-25 14:58:33.132] [INFO] [embedded_mqtt_client.c:306] 主题 [dataCenter/JSON/LD1/YX] 数据摘要:
[2025-03-25 14:58:33.132] [INFO] [embedded_mqtt_client.c:307] 时间戳: 2025-03-25 11:06:46.482
[2025-03-25 14:58:33.132] [INFO] [embedded_mqtt_client.c:308] 数据项数量: 2
[2025-03-25 14:58:33.132] [INFO] [embedded_mqtt_client.c:328] 数据项 0 - addr: 0, val: 1.000000
[2025-03-25 14:58:33.132] [INFO] [embedded_mqtt_client.c:328] 数据项 1 - addr: 2, val: 1.000000
[2025-03-25 14:58:33.133] [INFO] [embedded_mqtt_client.c:199] 收到主题 [dataCenter/JSON/LD1/YX] 的消息
[2025-03-25 14:58:33.133] [INFO] [embedded_mqtt_client.c:231] 处理主题 [dataCenter/JSON/LD1/YX] 的数据
[2025-03-25 14:58:33.133] [DEBUG] [embedded_mqtt_client.c:565] 更新数据 - topic: dataCenter/JSON/LD1/YX, addr: 2, val: 1.000000
[2025-03-25 14:58:33.133] [INFO] [embedded_mqtt_client.c:261] 收到历史数据查询请求
[2025-03-25 14:58:33.133] [INFO] [embedded_mqtt_client.c:285] 查询历史数据 - 开始时间: 2025-03-25 13:58:00, 结束时间: 2025-03-25 14:58:00
[2025-03-25 14:58:33.135] [INFO] [xml_config_parser.cpp:380] 发送历史数据 - 记录数: 1
[2025-03-25 14:58:33.154] [INFO] [embedded_mqtt_client.c:306] 主题 [dataCenter/JSON/LD1/YX] 数据摘要:
[2025-03-25 14:58:33.154] [INFO] [embedded_mqtt_client.c:307] 时间戳: 2025-03-25 11:06:46.482
[2025-03-25 14:58:33.154] [INFO] [embedded_mqtt_client.c:308] 数据项数量: 2
[2025-03-25 14:58:33.154] [INFO] [embedded_mqtt_client.c:328] 数据项 0 - addr: 0, val: 1.000000
[2025-03-25 14:58:33.154] [INFO] [embedded_mqtt_client.c:328] 数据项 1 - addr: 2, val: 1.000000
[2025-03-25 14:58:33.154] [INFO] [embedded_mqtt_client.c:199] 收到主题 [dataCenter/JSON/LD1/YX] 的消息
[2025-03-25 14:58:33.154] [INFO] [embedded_mqtt_client.c:231] 处理主题 [dataCenter/JSON/LD1/YX] 的数据
[2025-03-25 14:58:33.154] [DEBUG] [embedded_mqtt_client.c:565] 更新数据 - topic: dataCenter/JSON/LD1/YX, addr: 2, val: 1.000000
[2025-03-25 14:58:33.154] [INFO] [embedded_mqtt_client.c:261] 收到历史数据查询请求
[2025-03-25 14:58:33.154] [INFO] [embedded_mqtt_client.c:285] 查询历史数据 - 开始时间: 2025-03-25 13:58:00, 结束时间: 2025-03-25 14:58:00
[2025-03-25 14:58:33.156] [INFO] [xml_config_parser.cpp:380] 发送历史数据 - 记录数: 1
[2025-03-25 14:58:33.176] [INFO] [embedded_mqtt_client.c:306] 主题 [dataCenter/JSON/LD1/YX] 数据摘要:
[2025-03-25 14:58:33.176] [INFO] [embedded_mqtt_client.c:307] 时间戳: 2025-03-25 11:06:46.482
[2025-03-25 14:58:33.176] [INFO] [embedded_mqtt_client.c:308] 数据项数量: 2
[2025-03-25 14:58:33.176] [INFO] [embedded_mqtt_client.c:328] 数据项 0 - addr: 0, val: 1.000000
[2025-03-25 14:58:33.176] [INFO] [embedded_mqtt_client.c:328] 数据项 1 - addr: 2, val: 1.000000
[2025-03-25 14:58:33.176] [INFO] [embedded_mqtt_client.c:199] 收到主题 [dataCenter/JSON/LD1/YX] 的消息
[2025-03-25 14:58:33.177] [INFO] [embedded_mqtt_client.c:231] 处理主题 [dataCenter/JSON/LD1/YX] 的数据
[2025-03-25 14:58:33.177] [DEBUG] [embedded_mqtt_client.c:565] 更新数据 - topic: dataCenter/JSON/LD1/YX, addr: 2, val: 1.000000
[2025-03-25 14:58:33.177] [INFO] [embedded_mqtt_client.c:261] 收到历史数据查询请求
[2025-03-25 14:58:33.177] [INFO] [embedded_mqtt_client.c:285] 查询历史数据 - 开始时间: 2025-03-25 13:58:00, 结束时间: 2025-03-25 14:58:00
[2025-03-25 14:58:33.179] [INFO] [xml_config_parser.cpp:380] 发送历史数据 - 记录数: 1
[2025-03-25 14:58:33.198] [INFO] [embedded_mqtt_client.c:306] 主题 [dataCenter/JSON/LD1/YX] 数据摘要:
[2025-03-25 14:58:33.198] [INFO] [embedded_mqtt_client.c:307] 时间戳: 2025-03-25 11:06:46.482
[2025-03-25 14:58:33.198] [INFO] [embedded_mqtt_client.c:308] 数据项数量: 2
[2025-03-25 14:58:33.198] [INFO] [embedded_mqtt_client.c:328] 数据项 0 - addr: 0, val: 1.000000
[2025-03-25 14:58:33.198] [INFO] [embedded_mqtt_client.c:328] 数据项 1 - addr: 2, val: 1.000000
[2025-03-25 14:58:33.198] [INFO] [embedded_mqtt_client.c:199] 收到主题 [dataCenter/JSON/LD1/YX] 的消息
[2025-03-25 14:58:33.198] [INFO] [embedded_mqtt_client.c:231] 处理主题 [dataCenter/JSON/LD1/YX] 的数据
[2025-03-25 14:58:33.198] [DEBUG] [embedded_mqtt_client.c:565] 更新数据 - topic: dataCenter/JSON/LD1/YX, addr: 2, val: 1.000000
[2025-03-25 14:58:33.198] [INFO] [embedded_mqtt_client.c:261] 收到历史数据查询请求
[2025-03-25 14:58:33.199] [INFO] [embedded_mqtt_client.c:285] 查询历史数据 - 开始时间: 2025-03-25 13:58:00, 结束时间: 2025-03-25 14:58:00
[2025-03-25 14:58:33.201] [INFO] [xml_config_parser.cpp:380] 发送历史数据 - 记录数: 1
[2025-03-25 14:58:33.220] [INFO] [embedded_mqtt_client.c:306] 主题 [dataCenter/JSON/LD1/YX] 数据摘要:
[2025-03-25 14:58:33.220] [INFO] [embedded_mqtt_client.c:307] 时间戳: 2025-03-25 11:06:46.482
[2025-03-25 14:58:33.220] [INFO] [embedded_mqtt_client.c:308] 数据项数量: 2
[2025-03-25 14:58:33.220] [INFO] [embedded_mqtt_client.c:328] 数据项 0 - addr: 0, val: 1.000000
[2025-03-25 14:58:33.221] [INFO] [embedded_mqtt_client.c:328] 数据项 1 - addr: 2, val: 1.000000
[2025-03-25 14:58:33.221] [INFO] [embedded_mqtt_client.c:199] 收到主题 [dataCenter/JSON/LD1/YX] 的消息
[2025-03-25 14:58:33.221] [INFO] [embedded_mqtt_client.c:231] 处理主题 [dataCenter/JSON/LD1/YX] 的数据
[2025-03-25 14:58:33.221] [DEBUG] [embedded_mqtt_client.c:565] 更新数据 - topic: dataCenter/JSON/LD1/YX, addr: 2, val: 1.000000
[2025-03-25 14:58:33.221] [INFO] [embedded_mqtt_client.c:261] 收到历史数据查询请求
[2025-03-25 14:58:33.221] [INFO] [embedded_mqtt_client.c:285] 查询历史数据 - 开始时间: 2025-03-25 13:58:00, 结束时间: 2025-03-25 14:58:00
[2025-03-25 14:58:33.223] [INFO] [xml_config_parser.cpp:380] 发送历史数据 - 记录数: 1
[2025-03-25 14:58:33.242] [INFO] [embedded_mqtt_client.c:306] 主题 [dataCenter/JSON/LD1/YX] 数据摘要:
[2025-03-25 14:58:33.242] [INFO] [embedded_mqtt_client.c:307] 时间戳: 2025-03-25 11:06:46.482
[2025-03-25 14:58:33.242] [INFO] [embedded_mqtt_client.c:308] 数据项数量: 2
[2025-03-25 14:58:33.242] [INFO] [embedded_mqtt_client.c:328] 数据项 0 - addr: 0, val: 1.000000
[2025-03-25 14:58:33.242] [INFO] [embedded_mqtt_client.c:328] 数据项 1 - addr: 2, val: 1.000000
[2025-03-25 14:58:33.243] [INFO] [embedded_mqtt_client.c:199] 收到主题 [dataCenter/JSON/LD1/YX] 的消息
[2025-03-25 14:58:33.243] [INFO] [embedded_mqtt_client.c:231] 处理主题 [dataCenter/JSON/LD1/YX] 的数据
[2025-03-25 14:58:33.243] [DEBUG] [embedded_mqtt_client.c:565] 更新数据 - topic: dataCenter/JSON/LD1/YX, addr: 2, val: 1.000000
[2025-03-25 14:58:33.243] [INFO] [embedded_mqtt_client.c:261] 收到历史数据查询请求
[2025-03-25 14:58:33.243] [INFO] [embedded_mqtt_client.c:285] 查询历史数据 - 开始时间: 2025-03-25 13:58:00, 结束时间: 2025-03-25 14:58:00
[2025-03-25 14:58:33.245] [INFO] [xml_config_parser.cpp:380] 发送历史数据 - 记录数: 1
[2025-03-25 14:58:33.264] [INFO] [embedded_mqtt_client.c:306] 主题 [dataCenter/JSON/LD1/YX] 数据摘要:
[2025-03-25 14:58:33.265] [INFO] [embedded_mqtt_client.c:307] 时间戳: 2025-03-25 11:06:46.482
[2025-03-25 14:58:33.265] [INFO] [embedded_mqtt_client.c:308] 数据项数量: 2
[2025-03-25 14:58:33.265] [INFO] [embedded_mqtt_client.c:328] 数据项 0 - addr: 0, val: 1.000000
[2025-03-25 14:58:33.265] [INFO] [embedded_mqtt_client.c:328] 数据项 1 - addr: 2, val: 1.000000
[2025-03-25 14:58:33.265] [INFO] [embedded_mqtt_client.c:199] 收到主题 [dataCenter/JSON/LD1/YX] 的消息
[2025-03-25 14:58:33.265] [INFO] [embedded_mqtt_client.c:231] 处理主题 [dataCenter/JSON/LD1/YX] 的数据
[2025-03-25 14:58:33.265] [DEBUG] [embedded_mqtt_client.c:565] 更新数据 - topic: dataCenter/JSON/LD1/YX, addr: 2, val: 1.000000
[2025-03-25 14:58:33.265] [INFO] [embedded_mqtt_client.c:261] 收到历史数据查询请求
[2025-03-25 14:58:33.265] [INFO] [embedded_mqtt_client.c:285] 查询历史数据 - 开始时间: 2025-03-25 13:58:00, 结束时间: 2025-03-25 14:58:00
[2025-03-25 14:58:33.267] [INFO] [xml_config_parser.cpp:380] 发送历史数据 - 记录数: 1
[2025-03-25 14:58:33.287] [INFO] [embedded_mqtt_client.c:306] 主题 [dataCenter/JSON/LD1/YX] 数据摘要:
[2025-03-25 14:58:33.287] [INFO] [embedded_mqtt_client.c:307] 时间戳: 2025-03-25 11:06:46.482
[2025-03-25 14:58:33.287] [INFO] [embedded_mqtt_client.c:308] 数据项数量: 2
[2025-03-25 14:58:33.287] [INFO] [embedded_mqtt_client.c:328] 数据项 0 - addr: 0, val: 1.000000
[2025-03-25 14:58:33.287] [INFO] [embedded_mqtt_client.c:328] 数据项 1 - addr: 2, val: 1.000000
[2025-03-25 14:58:33.287] [INFO] [embedded_mqtt_client.c:199] 收到主题 [dataCenter/JSON/LD1/YX] 的消息
[2025-03-25 14:58:33.287] [INFO] [embedded_mqtt_client.c:231] 处理主题 [dataCenter/JSON/LD1/YX] 的数据
[2025-03-25 14:58:33.287] [DEBUG] [embedded_mqtt_client.c:565] 更新数据 - topic: dataCenter/JSON/LD1/YX, addr: 2, val: 1.000000
[2025-03-25 14:58:33.288] [INFO] [embedded_mqtt_client.c:261] 收到历史数据查询请求
[2025-03-25 14:58:33.288] [INFO] [embedded_mqtt_client.c:285] 查询历史数据 - 开始时间: 2025-03-25 13:58:00, 结束时间: 2025-03-25 14:58:00
[2025-03-25 14:58:33.290] [INFO] [xml_config_parser.cpp:380] 发送历史数据 - 记录数: 1
[2025-03-25 14:58:33.309] [INFO] [embedded_mqtt_client.c:306] 主题 [dataCenter/JSON/LD1/YX] 数据摘要:
[2025-03-25 14:58:33.309] [INFO] [embedded_mqtt_client.c:307] 时间戳: 2025-03-25 11:06:46.482
[2025-03-25 14:58:33.309] [INFO] [embedded_mqtt_client.c:308] 数据项数量: 2
[2025-03-25 14:58:33.309] [INFO] [embedded_mqtt_client.c:328] 数据项 0 - addr: 0, val: 1.000000
[2025-03-25 14:58:33.309] [INFO] [embedded_mqtt_client.c:328] 数据项 1 - addr: 2, val: 1.000000
[2025-03-25 14:58:33.309] [INFO] [embedded_mqtt_client.c:199] 收到主题 [dataCenter/JSON/LD1/YX] 的消息
[2025-03-25 14:58:33.309] [INFO] [embedded_mqtt_client.c:231] 处理主题 [dataCenter/JSON/LD1/YX] 的数据
[2025-03-25 14:58:33.309] [DEBUG] [embedded_mqtt_client.c:565] 更新数据 - topic: dataCenter/JSON/LD1/YX, addr: 2, val: 1.000000
[2025-03-25 14:58:33.309] [INFO] [embedded_mqtt_client.c:261] 收到历史数据查询请求
[2025-03-25 14:58:33.309] [INFO] [embedded_mqtt_client.c:285] 查询历史数据 - 开始时间: 2025-03-25 13:58:00, 结束时间: 2025-03-25 14:58:00
[2025-03-25 14:58:33.311] [INFO] [xml_config_parser.cpp:380] 发送历史数据 - 记录数: 1
[2025-03-25 14:58:33.331] [INFO] [embedded_mqtt_client.c:306] 主题 [dataCenter/JSON/LD1/YX] 数据摘要:
[2025-03-25 14:58:33.331] [INFO] [embedded_mqtt_client.c:307] 时间戳: 2025-03-25 11:06:46.482
[2025-03-25 14:58:33.331] [INFO] [embedded_mqtt_client.c:308] 数据项数量: 2
[2025-03-25 14:58:33.331] [INFO] [embedded_mqtt_client.c:328] 数据项 0 - addr: 0, val: 1.000000
[2025-03-25 14:58:33.331] [INFO] [embedded_mqtt_client.c:328] 数据项 1 - addr: 2, val: 1.000000
[2025-03-25 14:58:33.331] [INFO] [embedded_mqtt_client.c:199] 收到主题 [dataCenter/JSON/LD1/YX] 的消息
[2025-03-25 14:58:33.331] [INFO] [embedded_mqtt_client.c:231] 处理主题 [dataCenter/JSON/LD1/YX] 的数据
[2025-03-25 14:58:33.331] [DEBUG] [embedded_mqtt_client.c:565] 更新数据 - topic: dataCenter/JSON/LD1/YX, addr: 2, val: 1.000000
[2025-03-25 14:58:33.331] [INFO] [embedded_mqtt_client.c:261] 收到历史数据查询请求
[2025-03-25 14:58:33.331] [INFO] [embedded_mqtt_client.c:285] 查询历史数据 - 开始时间: 2025-03-25 13:58:00, 结束时间: 2025-03-25 14:58:00
[2025-03-25 14:58:33.333] [INFO] [xml_config_parser.cpp:380] 发送历史数据 - 记录数: 1
[2025-03-25 14:58:33.352] [INFO] [embedded_mqtt_client.c:306] 主题 [dataCenter/JSON/LD1/YX] 数据摘要:
[2025-03-25 14:58:33.352] [INFO] [embedded_mqtt_client.c:307] 时间戳: 2025-03-25 11:06:46.482
[2025-03-25 14:58:33.352] [INFO] [embedded_mqtt_client.c:308] 数据项数量: 2
[2025-03-25 14:58:33.353] [INFO] [embedded_mqtt_client.c:328] 数据项 0 - addr: 0, val: 1.000000
[2025-03-25 14:58:33.353] [INFO] [embedded_mqtt_client.c:328] 数据项 1 - addr: 2, val: 1.000000
[2025-03-25 14:58:33.353] [INFO] [embedded_mqtt_client.c:199] 收到主题 [dataCenter/JSON/LD1/YX] 的消息
[2025-03-25 14:58:33.353] [INFO] [embedded_mqtt_client.c:231] 处理主题 [dataCenter/JSON/LD1/YX] 的数据
[2025-03-25 14:58:33.353] [DEBUG] [embedded_mqtt_client.c:565] 更新数据 - topic: dataCenter/JSON/LD1/YX, addr: 2, val: 1.000000
[2025-03-25 14:58:33.353] [INFO] [embedded_mqtt_client.c:261] 收到历史数据查询请求
[2025-03-25 14:58:33.353] [INFO] [embedded_mqtt_client.c:285] 查询历史数据 - 开始时间: 2025-03-25 13:58:00, 结束时间: 2025-03-25 14:58:00
[2025-03-25 14:58:33.355] [INFO] [xml_config_parser.cpp:380] 发送历史数据 - 记录数: 1
[2025-03-25 14:58:33.374] [INFO] [embedded_mqtt_client.c:306] 主题 [dataCenter/JSON/LD1/YX] 数据摘要:
[2025-03-25 14:58:33.374] [INFO] [embedded_mqtt_client.c:307] 时间戳: 2025-03-25 11:06:46.482
[2025-03-25 14:58:33.374] [INFO] [embedded_mqtt_client.c:308] 数据项数量: 2
[2025-03-25 14:58:33.374] [INFO] [embedded_mqtt_client.c:328] 数据项 0 - addr: 0, val: 1.000000
[2025-03-25 14:58:33.374] [INFO] [embedded_mqtt_client.c:328] 数据项 1 - addr: 2, val: 1.000000
[2025-03-25 14:58:33.375] [INFO] [embedded_mqtt_client.c:199] 收到主题 [dataCenter/JSON/LD1/YX] 的消息
[2025-03-25 14:58:33.375] [INFO] [embedded_mqtt_client.c:231] 处理主题 [dataCenter/JSON/LD1/YX] 的数据
[2025-03-25 14:58:33.375] [DEBUG] [embedded_mqtt_client.c:565] 更新数据 - topic: dataCenter/JSON/LD1/YX, addr: 2, val: 1.000000
[2025-03-25 14:58:33.375] [INFO] [embedded_mqtt_client.c:261] 收到历史数据查询请求
[2025-03-25 14:58:33.375] [INFO] [embedded_mqtt_client.c:285] 查询历史数据 - 开始时间: 2025-03-25 13:58:00, 结束时间: 2025-03-25 14:58:00
[2025-03-25 14:58:33.377] [INFO] [xml_config_parser.cpp:380] 发送历史数据 - 记录数: 1
[2025-03-25 14:58:33.396] [INFO] [embedded_mqtt_client.c:306] 主题 [dataCenter/JSON/LD1/YX] 数据摘要:
[2025-03-25 14:58:33.396] [INFO] [embedded_mqtt_client.c:307] 时间戳: 2025-03-25 11:06:46.482
[2025-03-25 14:58:33.396] [INFO] [embedded_mqtt_client.c:308] 数据项数量: 2
[2025-03-25 14:58:33.396] [INFO] [embedded_mqtt_client.c:328] 数据项 0 - addr: 0, val: 1.000000
[2025-03-25 14:58:33.397] [INFO] [embedded_mqtt_client.c:328] 数据项 1 - addr: 2, val: 1.000000
[2025-03-25 14:58:33.397] [INFO] [embedded_mqtt_client.c:199] 收到主题 [dataCenter/JSON/LD1/YX] 的消息
[2025-03-25 14:58:33.397] [INFO] [embedded_mqtt_client.c:231] 处理主题 [dataCenter/JSON/LD1/YX] 的数据
[2025-03-25 14:58:33.397] [DEBUG] [embedded_mqtt_client.c:565] 更新数据 - topic: dataCenter/JSON/LD1/YX, addr: 2, val: 1.000000
[2025-03-25 14:58:33.397] [INFO] [embedded_mqtt_client.c:261] 收到历史数据查询请求
[2025-03-25 14:58:33.397] [INFO] [embedded_mqtt_client.c:285] 查询历史数据 - 开始时间: 2025-03-25 13:58:00, 结束时间: 2025-03-25 14:58:00
[2025-03-25 14:58:33.399] [INFO] [xml_config_parser.cpp:380] 发送历史数据 - 记录数: 1
[2025-03-25 14:58:33.418] [INFO] [embedded_mqtt_client.c:306] 主题 [dataCenter/JSON/LD1/YX] 数据摘要:
[2025-03-25 14:58:33.419] [INFO] [embedded_mqtt_client.c:307] 时间戳: 2025-03-25 11:06:46.482
[2025-03-25 14:58:33.419] [INFO] [embedded_mqtt_client.c:308] 数据项数量: 2
[2025-03-25 14:58:33.419] [INFO] [embedded_mqtt_client.c:328] 数据项 0 - addr: 0, val: 1.000000
[2025-03-25 14:58:33.419] [INFO] [embedded_mqtt_client.c:328] 数据项 1 - addr: 2, val: 1.000000
[2025-03-25 14:58:33.419] [INFO] [embedded_mqtt_client.c:199] 收到主题 [dataCenter/JSON/LD1/YX] 的消息
[2025-03-25 14:58:33.419] [INFO] [embedded_mqtt_client.c:231] 处理主题 [dataCenter/JSON/LD1/YX] 的数据
[2025-03-25 14:58:33.419] [DEBUG] [embedded_mqtt_client.c:565] 更新数据 - topic: dataCenter/JSON/LD1/YX, addr: 2, val: 1.000000
[2025-03-25 14:58:33.419] [INFO] [embedded_mqtt_client.c:261] 收到历史数据查询请求
[2025-03-25 14:58:33.419] [INFO] [embedded_mqtt_client.c:285] 查询历史数据 - 开始时间: 2025-03-25 13:58:00, 结束时间: 2025-03-25 14:58:00
[2025-03-25 14:58:33.421] [INFO] [xml_config_parser.cpp:380] 发送历史数据 - 记录数: 1
[2025-03-25 14:58:33.440] [INFO] [embedded_mqtt_client.c:306] 主题 [dataCenter/JSON/LD1/YX] 数据摘要:
[2025-03-25 14:58:33.441] [INFO] [embedded_mqtt_client.c:307] 时间戳: 2025-03-25 11:06:46.482
[2025-03-25 14:58:33.441] [INFO] [embedded_mqtt_client.c:308] 数据项数量: 2
[2025-03-25 14:58:33.441] [INFO] [embedded_mqtt_client.c:328] 数据项 0 - addr: 0, val: 1.000000
[2025-03-25 14:58:33.441] [INFO] [embedded_mqtt_client.c:328] 数据项 1 - addr: 2, val: 1.000000
[2025-03-25 14:58:33.441] [INFO] [embedded_mqtt_client.c:199] 收到主题 [dataCenter/JSON/LD1/YX] 的消息
[2025-03-25 14:58:33.441] [INFO] [embedded_mqtt_client.c:231] 处理主题 [dataCenter/JSON/LD1/YX] 的数据
[2025-03-25 14:58:33.441] [DEBUG] [embedded_mqtt_client.c:565] 更新数据 - topic: dataCenter/JSON/LD1/YX, addr: 2, val: 1.000000
[2025-03-25 14:58:33.441] [INFO] [embedded_mqtt_client.c:261] 收到历史数据查询请求
[2025-03-25 14:58:33.441] [INFO] [embedded_mqtt_client.c:285] 查询历史数据 - 开始时间: 2025-03-25 13:58:00, 结束时间: 2025-03-25 14:58:00
[2025-03-25 14:58:33.443] [INFO] [xml_config_parser.cpp:380] 发送历史数据 - 记录数: 1
[2025-03-25 14:58:33.462] [INFO] [embedded_mqtt_client.c:306] 主题 [dataCenter/JSON/LD1/YX] 数据摘要:
[2025-03-25 14:58:33.462] [INFO] [embedded_mqtt_client.c:307] 时间戳: 2025-03-25 11:06:46.482
[2025-03-25 14:58:33.462] [INFO] [embedded_mqtt_client.c:308] 数据项数量: 2
[2025-03-25 14:58:33.462] [INFO] [embedded_mqtt_client.c:328] 数据项 0 - addr: 0, val: 1.000000
[2025-03-25 14:58:33.462] [INFO] [embedded_mqtt_client.c:328] 数据项 1 - addr: 2, val: 1.000000
[2025-03-25 14:58:33.462] [INFO] [embedded_mqtt_client.c:199] 收到主题 [dataCenter/JSON/LD1/YX] 的消息
[2025-03-25 14:58:33.463] [INFO] [embedded_mqtt_client.c:231] 处理主题 [dataCenter/JSON/LD1/YX] 的数据
[2025-03-25 14:58:33.463] [DEBUG] [embedded_mqtt_client.c:565] 更新数据 - topic: dataCenter/JSON/LD1/YX, addr: 2, val: 1.000000
[2025-03-25 14:58:33.463] [INFO] [embedded_mqtt_client.c:261] 收到历史数据查询请求
[2025-03-25 14:58:33.463] [INFO] [embedded_mqtt_client.c:285] 查询历史数据 - 开始时间: 2025-03-25 13:58:00, 结束时间: 2025-03-25 14:58:00
[2025-03-25 14:58:33.465] [INFO] [xml_config_parser.cpp:380] 发送历史数据 - 记录数: 1
[2025-03-25 14:58:33.484] [INFO] [embedded_mqtt_client.c:306] 主题 [dataCenter/JSON/LD1/YX] 数据摘要:
[2025-03-25 14:58:33.484] [INFO] [embedded_mqtt_client.c:307] 时间戳: 2025-03-25 11:06:46.482
[2025-03-25 14:58:33.484] [INFO] [embedded_mqtt_client.c:308] 数据项数量: 2
[2025-03-25 14:58:33.484] [INFO] [embedded_mqtt_client.c:328] 数据项 0 - addr: 0, val: 1.000000
[2025-03-25 14:58:33.484] [INFO] [embedded_mqtt_client.c:328] 数据项 1 - addr: 2, val: 1.000000
[2025-03-25 14:58:33.484] [INFO] [embedded_mqtt_client.c:199] 收到主题 [dataCenter/JSON/LD1/YX] 的消息
[2025-03-25 14:58:33.484] [INFO] [embedded_mqtt_client.c:231] 处理主题 [dataCenter/JSON/LD1/YX] 的数据
[2025-03-25 14:58:33.484] [DEBUG] [embedded_mqtt_client.c:565] 更新数据 - topic: dataCenter/JSON/LD1/YX, addr: 2, val: 1.000000
[2025-03-25 14:58:33.485] [INFO] [embedded_mqtt_client.c:261] 收到历史数据查询请求
[2025-03-25 14:58:33.485] [INFO] [embedded_mqtt_client.c:285] 查询历史数据 - 开始时间: 2025-03-25 13:58:00, 结束时间: 2025-03-25 14:58:00
[2025-03-25 14:58:33.487] [INFO] [xml_config_parser.cpp:380] 发送历史数据 - 记录数: 1
[2025-03-25 14:58:33.506] [INFO] [embedded_mqtt_client.c:306] 主题 [dataCenter/JSON/LD1/YX] 数据摘要:
[2025-03-25 14:58:33.506] [INFO] [embedded_mqtt_client.c:307] 时间戳: 2025-03-25 11:06:46.482
[2025-03-25 14:58:33.506] [INFO] [embedded_mqtt_client.c:308] 数据项数量: 2
[2025-03-25 14:58:33.506] [INFO] [embedded_mqtt_client.c:328] 数据项 0 - addr: 0, val: 1.000000
[2025-03-25 14:58:33.506] [INFO] [embedded_mqtt_client.c:328] 数据项 1 - addr: 2, val: 1.000000
[2025-03-25 14:58:33.506] [INFO] [embedded_mqtt_client.c:199] 收到主题 [dataCenter/JSON/LD1/YX] 的消息
[2025-03-25 14:58:33.506] [INFO] [embedded_mqtt_client.c:231] 处理主题 [dataCenter/JSON/LD1/YX] 的数据
[2025-03-25 14:58:33.506] [DEBUG] [embedded_mqtt_client.c:565] 更新数据 - topic: dataCenter/JSON/LD1/YX, addr: 2, val: 1.000000
[2025-03-25 14:58:33.507] [INFO] [embedded_mqtt_client.c:261] 收到历史数据查询请求
[2025-03-25 14:58:33.507] [INFO] [embedded_mqtt_client.c:285] 查询历史数据 - 开始时间: 2025-03-25 13:58:00, 结束时间: 2025-03-25 14:58:00
[2025-03-25 14:58:33.509] [INFO] [xml_config_parser.cpp:380] 发送历史数据 - 记录数: 1
[2025-03-25 14:58:33.528] [INFO] [embedded_mqtt_client.c:306] 主题 [dataCenter/JSON/LD1/YX] 数据摘要:
[2025-03-25 14:58:33.528] [INFO] [embedded_mqtt_client.c:307] 时间戳: 2025-03-25 11:06:46.482
[2025-03-25 14:58:33.528] [INFO] [embedded_mqtt_client.c:308] 数据项数量: 2
[2025-03-25 14:58:33.528] [INFO] [embedded_mqtt_client.c:328] 数据项 0 - addr: 0, val: 1.000000
[2025-03-25 14:58:33.528] [INFO] [embedded_mqtt_client.c:328] 数据项 1 - addr: 2, val: 1.000000
[2025-03-25 14:58:33.528] [INFO] [embedded_mqtt_client.c:199] 收到主题 [dataCenter/JSON/LD1/YX] 的消息
[2025-03-25 14:58:33.528] [INFO] [embedded_mqtt_client.c:231] 处理主题 [dataCenter/JSON/LD1/YX] 的数据
[2025-03-25 14:58:33.528] [DEBUG] [embedded_mqtt_client.c:565] 更新数据 - topic: dataCenter/JSON/LD1/YX, addr: 2, val: 1.000000
[2025-03-25 14:58:33.528] [INFO] [embedded_mqtt_client.c:261] 收到历史数据查询请求
[2025-03-25 14:58:33.528] [INFO] [embedded_mqtt_client.c:285] 查询历史数据 - 开始时间: 2025-03-25 13:58:00, 结束时间: 2025-03-25 14:58:00
[2025-03-25 14:58:33.531] [INFO] [xml_config_parser.cpp:380] 发送历史数据 - 记录数: 1
[2025-03-25 14:58:33.550] [INFO] [embedded_mqtt_client.c:306] 主题 [dataCenter/JSON/LD1/YX] 数据摘要:
[2025-03-25 14:58:33.550] [INFO] [embedded_mqtt_client.c:307] 时间戳: 2025-03-25 11:06:46.482
[2025-03-25 14:58:33.550] [INFO] [embedded_mqtt_client.c:308] 数据项数量: 2
[2025-03-25 14:58:33.550] [INFO] [embedded_mqtt_client.c:328] 数据项 0 - addr: 0, val: 1.000000
[2025-03-25 14:58:33.550] [INFO] [embedded_mqtt_client.c:328] 数据项 1 - addr: 2, val: 1.000000
[2025-03-25 14:58:33.550] [INFO] [embedded_mqtt_client.c:199] 收到主题 [dataCenter/JSON/LD1/YX] 的消息
[2025-03-25 14:58:33.550] [INFO] [embedded_mqtt_client.c:231] 处理主题 [dataCenter/JSON/LD1/YX] 的数据
[2025-03-25 14:58:33.550] [DEBUG] [embedded_mqtt_client.c:565] 更新数据 - topic: dataCenter/JSON/LD1/YX, addr: 2, val: 1.000000
[2025-03-25 14:58:33.550] [INFO] [embedded_mqtt_client.c:261] 收到历史数据查询请求
[2025-03-25 14:58:33.550] [INFO] [embedded_mqtt_client.c:285] 查询历史数据 - 开始时间: 2025-03-25 13:58:00, 结束时间: 2025-03-25 14:58:00
[2025-03-25 14:58:33.552] [INFO] [xml_config_parser.cpp:380] 发送历史数据 - 记录数: 1
[2025-03-25 14:58:33.571] [INFO] [embedded_mqtt_client.c:306] 主题 [dataCenter/JSON/LD1/YX] 数据摘要:
[2025-03-25 14:58:33.571] [INFO] [embedded_mqtt_client.c:307] 时间戳: 2025-03-25 11:06:46.482
[2025-03-25 14:58:33.571] [INFO] [embedded_mqtt_client.c:308] 数据项数量: 2
[2025-03-25 14:58:33.572] [INFO] [embedded_mqtt_client.c:328] 数据项 0 - addr: 0, val: 1.000000
[2025-03-25 14:58:33.572] [INFO] [embedded_mqtt_client.c:328] 数据项 1 - addr: 2, val: 1.000000
[2025-03-25 14:58:33.572] [INFO] [embedded_mqtt_client.c:199] 收到主题 [dataCenter/JSON/LD1/YX] 的消息
[2025-03-25 14:58:33.572] [INFO] [embedded_mqtt_client.c:231] 处理主题 [dataCenter/JSON/LD1/YX] 的数据
[2025-03-25 14:58:33.572] [DEBUG] [embedded_mqtt_client.c:565] 更新数据 - topic: dataCenter/JSON/LD1/YX, addr: 2, val: 1.000000
[2025-03-25 14:58:33.572] [INFO] [embedded_mqtt_client.c:261] 收到历史数据查询请求
[2025-03-25 14:58:33.572] [INFO] [embedded_mqtt_client.c:285] 查询历史数据 - 开始时间: 2025-03-25 13:58:00, 结束时间: 2025-03-25 14:58:00
[2025-03-25 14:58:33.574] [INFO] [xml_config_parser.cpp:380] 发送历史数据 - 记录数: 1
[2025-03-25 14:58:33.593] [INFO] [embedded_mqtt_client.c:306] 主题 [dataCenter/JSON/LD1/YX] 数据摘要:
[2025-03-25 14:58:33.593] [INFO] [embedded_mqtt_client.c:307] 时间戳: 2025-03-25 11:06:46.482
[2025-03-25 14:58:33.593] [INFO] [embedded_mqtt_client.c:308] 数据项数量: 2
[2025-03-25 14:58:33.593] [INFO] [embedded_mqtt_client.c:328] 数据项 0 - addr: 0, val: 1.000000
[2025-03-25 14:58:33.593] [INFO] [embedded_mqtt_client.c:328] 数据项 1 - addr: 2, val: 1.000000
[2025-03-25 14:58:33.593] [INFO] [embedded_mqtt_client.c:199] 收到主题 [dataCenter/JSON/LD1/YX] 的消息
[2025-03-25 14:58:33.594] [INFO] [embedded_mqtt_client.c:231] 处理主题 [dataCenter/JSON/LD1/YX] 的数据
[2025-03-25 14:58:33.594] [DEBUG] [embedded_mqtt_client.c:565] 更新数据 - topic: dataCenter/JSON/LD1/YX, addr: 2, val: 1.000000
[2025-03-25 14:58:33.594] [INFO] [embedded_mqtt_client.c:261] 收到历史数据查询请求
[2025-03-25 14:58:33.594] [INFO] [embedded_mqtt_client.c:285] 查询历史数据 - 开始时间: 2025-03-25 13:58:00, 结束时间: 2025-03-25 14:58:00
[2025-03-25 14:58:33.596] [INFO] [xml_config_parser.cpp:380] 发送历史数据 - 记录数: 1
[2025-03-25 14:58:33.615] [INFO] [embedded_mqtt_client.c:306] 主题 [dataCenter/JSON/LD1/YX] 数据摘要:
[2025-03-25 14:58:33.615] [INFO] [embedded_mqtt_client.c:307] 时间戳: 2025-03-25 11:06:46.482
[2025-03-25 14:58:33.615] [INFO] [embedded_mqtt_client.c:308] 数据项数量: 2
[2025-03-25 14:58:33.615] [INFO] [embedded_mqtt_client.c:328] 数据项 0 - addr: 0, val: 1.000000
[2025-03-25 14:58:33.615] [INFO] [embedded_mqtt_client.c:328] 数据项 1 - addr: 2, val: 1.000000
[2025-03-25 14:58:33.615] [INFO] [embedded_mqtt_client.c:199] 收到主题 [dataCenter/JSON/LD1/YX] 的消息
[2025-03-25 14:58:33.615] [INFO] [embedded_mqtt_client.c:231] 处理主题 [dataCenter/JSON/LD1/YX] 的数据
[2025-03-25 14:58:33.615] [DEBUG] [embedded_mqtt_client.c:565] 更新数据 - topic: dataCenter/JSON/LD1/YX, addr: 2, val: 1.000000
[2025-03-25 14:58:33.615] [INFO] [embedded_mqtt_client.c:261] 收到历史数据查询请求
[2025-03-25 14:58:33.615] [INFO] [embedded_mqtt_client.c:285] 查询历史数据 - 开始时间: 2025-03-25 13:58:00, 结束时间: 2025-03-25 14:58:00
[2025-03-25 14:58:33.617] [INFO] [xml_config_parser.cpp:380] 发送历史数据 - 记录数: 1
[2025-03-25 14:58:33.637] [INFO] [embedded_mqtt_client.c:306] 主题 [dataCenter/JSON/LD1/YX] 数据摘要:
[2025-03-25 14:58:33.637] [INFO] [embedded_mqtt_client.c:307] 时间戳: 2025-03-25 11:06:46.482
[2025-03-25 14:58:33.637] [INFO] [embedded_mqtt_client.c:308] 数据项数量: 2
[2025-03-25 14:58:33.637] [INFO] [embedded_mqtt_client.c:328] 数据项 0 - addr: 0, val: 1.000000
[2025-03-25 14:58:33.637] [INFO] [embedded_mqtt_client.c:328] 数据项 1 - addr: 2, val: 1.000000
[2025-03-25 14:58:33.637] [INFO] [embedded_mqtt_client.c:199] 收到主题 [dataCenter/JSON/LD1/YX] 的消息
[2025-03-25 14:58:33.638] [INFO] [embedded_mqtt_client.c:231] 处理主题 [dataCenter/JSON/LD1/YX] 的数据
[2025-03-25 14:58:33.638] [DEBUG] [embedded_mqtt_client.c:565] 更新数据 - topic: dataCenter/JSON/LD1/YX, addr: 2, val: 1.000000
[2025-03-25 14:58:33.638] [INFO] [embedded_mqtt_client.c:261] 收到历史数据查询请求
[2025-03-25 14:58:33.638] [INFO] [embedded_mqtt_client.c:285] 查询历史数据 - 开始时间: 2025-03-25 13:58:00, 结束时间: 2025-03-25 14:58:00
[2025-03-25 14:58:33.640] [INFO] [xml_config_parser.cpp:380] 发送历史数据 - 记录数: 1
[2025-03-25 14:58:33.659] [INFO] [embedded_mqtt_client.c:306] 主题 [dataCenter/JSON/LD1/YX] 数据摘要:
[2025-03-25 14:58:33.659] [INFO] [embedded_mqtt_client.c:307] 时间戳: 2025-03-25 11:06:46.482
[2025-03-25 14:58:33.659] [INFO] [embedded_mqtt_client.c:308] 数据项数量: 2
[2025-03-25 14:58:33.659] [INFO] [embedded_mqtt_client.c:328] 数据项 0 - addr: 0, val: 1.000000
[2025-03-25 14:58:33.659] [INFO] [embedded_mqtt_client.c:328] 数据项 1 - addr: 2, val: 1.000000
[2025-03-25 14:58:33.659] [INFO] [embedded_mqtt_client.c:199] 收到主题 [dataCenter/JSON/LD1/YX] 的消息
[2025-03-25 14:58:33.659] [INFO] [embedded_mqtt_client.c:231] 处理主题 [dataCenter/JSON/LD1/YX] 的数据
[2025-03-25 14:58:33.659] [DEBUG] [embedded_mqtt_client.c:565] 更新数据 - topic: dataCenter/JSON/LD1/YX, addr: 2, val: 1.000000
[2025-03-25 14:58:33.659] [INFO] [embedded_mqtt_client.c:261] 收到历史数据查询请求
[2025-03-25 14:58:33.659] [INFO] [embedded_mqtt_client.c:285] 查询历史数据 - 开始时间: 2025-03-25 13:58:00, 结束时间: 2025-03-25 14:58:00
[2025-03-25 14:58:33.661] [INFO] [xml_config_parser.cpp:380] 发送历史数据 - 记录数: 1
[2025-03-25 14:58:33.680] [INFO] [embedded_mqtt_client.c:306] 主题 [dataCenter/JSON/LD1/YX] 数据摘要:
[2025-03-25 14:58:33.680] [INFO] [embedded_mqtt_client.c:307] 时间戳: 2025-03-25 11:06:46.482
[2025-03-25 14:58:33.681] [INFO] [embedded_mqtt_client.c:308] 数据项数量: 2
[2025-03-25 14:58:33.681] [INFO] [embedded_mqtt_client.c:328] 数据项 0 - addr: 0, val: 1.000000
[2025-03-25 14:58:33.681] [INFO] [embedded_mqtt_client.c:328] 数据项 1 - addr: 2, val: 1.000000
[2025-03-25 14:58:33.681] [INFO] [embedded_mqtt_client.c:199] 收到主题 [dataCenter/JSON/LD1/YX] 的消息
[2025-03-25 14:58:33.681] [INFO] [embedded_mqtt_client.c:231] 处理主题 [dataCenter/JSON/LD1/YX] 的数据
[2025-03-25 14:58:33.681] [DEBUG] [embedded_mqtt_client.c:565] 更新数据 - topic: dataCenter/JSON/LD1/YX, addr: 2, val: 1.000000
[2025-03-25 14:58:33.681] [INFO] [embedded_mqtt_client.c:261] 收到历史数据查询请求
[2025-03-25 14:58:33.681] [INFO] [embedded_mqtt_client.c:285] 查询历史数据 - 开始时间: 2025-03-25 13:58:00, 结束时间: 2025-03-25 14:58:00
[2025-03-25 14:58:33.683] [INFO] [xml_config_parser.cpp:380] 发送历史数据 - 记录数: 1
[2025-03-25 14:58:33.702] [INFO] [embedded_mqtt_client.c:306] 主题 [dataCenter/JSON/LD1/YX] 数据摘要:
[2025-03-25 14:58:33.702] [INFO] [embedded_mqtt_client.c:307] 时间戳: 2025-03-25 11:06:46.482
[2025-03-25 14:58:33.702] [INFO] [embedded_mqtt_client.c:308] 数据项数量: 2
[2025-03-25 14:58:33.702] [INFO] [embedded_mqtt_client.c:328] 数据项 0 - addr: 0, val: 1.000000
[2025-03-25 14:58:33.702] [INFO] [embedded_mqtt_client.c:328] 数据项 1 - addr: 2, val: 1.000000
[2025-03-25 14:58:33.702] [INFO] [embedded_mqtt_client.c:199] 收到主题 [dataCenter/JSON/LD1/YX] 的消息
[2025-03-25 14:58:33.703] [INFO] [embedded_mqtt_client.c:231] 处理主题 [dataCenter/JSON/LD1/YX] 的数据
[2025-03-25 14:58:33.703] [DEBUG] [embedded_mqtt_client.c:565] 更新数据 - topic: dataCenter/JSON/LD1/YX, addr: 2, val: 1.000000
[2025-03-25 14:58:33.703] [INFO] [embedded_mqtt_client.c:261] 收到历史数据查询请求
[2025-03-25 14:58:33.703] [INFO] [embedded_mqtt_client.c:285] 查询历史数据 - 开始时间: 2025-03-25 13:58:00, 结束时间: 2025-03-25 14:58:00
[2025-03-25 14:58:33.705] [INFO] [xml_config_parser.cpp:380] 发送历史数据 - 记录数: 1
[2025-03-25 14:58:33.724] [INFO] [embedded_mqtt_client.c:306] 主题 [dataCenter/JSON/LD1/YX] 数据摘要:
[2025-03-25 14:58:33.724] [INFO] [embedded_mqtt_client.c:307] 时间戳: 2025-03-25 11:06:46.482
[2025-03-25 14:58:33.724] [INFO] [embedded_mqtt_client.c:308] 数据项数量: 2
[2025-03-25 14:58:33.724] [INFO] [embedded_mqtt_client.c:328] 数据项 0 - addr: 0, val: 1.000000
[2025-03-25 14:58:33.724] [INFO] [embedded_mqtt_client.c:328] 数据项 1 - addr: 2, val: 1.000000
[2025-03-25 14:58:33.724] [INFO] [embedded_mqtt_client.c:199] 收到主题 [dataCenter/JSON/LD1/YX] 的消息
[2025-03-25 14:58:33.725] [INFO] [embedded_mqtt_client.c:231] 处理主题 [dataCenter/JSON/LD1/YX] 的数据
[2025-03-25 14:58:33.725] [DEBUG] [embedded_mqtt_client.c:565] 更新数据 - topic: dataCenter/JSON/LD1/YX, addr: 2, val: 1.000000
[2025-03-25 14:58:33.725] [INFO] [embedded_mqtt_client.c:261] 收到历史数据查询请求
[2025-03-25 14:58:33.725] [INFO] [embedded_mqtt_client.c:285] 查询历史数据 - 开始时间: 2025-03-25 13:58:00, 结束时间: 2025-03-25 14:58:00
[2025-03-25 14:58:33.727] [INFO] [xml_config_parser.cpp:380] 发送历史数据 - 记录数: 1
[2025-03-25 14:58:33.746] [INFO] [embedded_mqtt_client.c:306] 主题 [dataCenter/JSON/LD1/YX] 数据摘要:
[2025-03-25 14:58:33.746] [INFO] [embedded_mqtt_client.c:307] 时间戳: 2025-03-25 11:06:46.482
[2025-03-25 14:58:33.746] [INFO] [embedded_mqtt_client.c:308] 数据项数量: 2
[2025-03-25 14:58:33.746] [INFO] [embedded_mqtt_client.c:328] 数据项 0 - addr: 0, val: 1.000000
[2025-03-25 14:58:33.746] [INFO] [embedded_mqtt_client.c:328] 数据项 1 - addr: 2, val: 1.000000
[2025-03-25 14:58:33.747] [INFO] [embedded_mqtt_client.c:199] 收到主题 [dataCenter/JSON/LD1/YX] 的消息
[2025-03-25 14:58:33.747] [INFO] [embedded_mqtt_client.c:231] 处理主题 [dataCenter/JSON/LD1/YX] 的数据
[2025-03-25 14:58:33.747] [DEBUG] [embedded_mqtt_client.c:565] 更新数据 - topic: dataCenter/JSON/LD1/YX, addr: 2, val: 1.000000
[2025-03-25 14:58:33.747] [INFO] [embedded_mqtt_client.c:261] 收到历史数据查询请求
[2025-03-25 14:58:33.747] [INFO] [embedded_mqtt_client.c:285] 查询历史数据 - 开始时间: 2025-03-25 13:58:00, 结束时间: 2025-03-25 14:58:00
[2025-03-25 14:58:33.749] [INFO] [xml_config_parser.cpp:380] 发送历史数据 - 记录数: 1
[2025-03-25 14:58:33.768] [INFO] [embedded_mqtt_client.c:306] 主题 [dataCenter/JSON/LD1/YX] 数据摘要:
[2025-03-25 14:58:33.768] [INFO] [embedded_mqtt_client.c:307] 时间戳: 2025-03-25 11:06:46.482
[2025-03-25 14:58:33.768] [INFO] [embedded_mqtt_client.c:308] 数据项数量: 2
[2025-03-25 14:58:33.768] [INFO] [embedded_mqtt_client.c:328] 数据项 0 - addr: 0, val: 1.000000
[2025-03-25 14:58:33.768] [INFO] [embedded_mqtt_client.c:328] 数据项 1 - addr: 2, val: 1.000000
[2025-03-25 14:58:33.768] [INFO] [embedded_mqtt_client.c:199] 收到主题 [dataCenter/JSON/LD1/YX] 的消息
[2025-03-25 14:58:33.768] [INFO] [embedded_mqtt_client.c:231] 处理主题 [dataCenter/JSON/LD1/YX] 的数据
[2025-03-25 14:58:33.768] [DEBUG] [embedded_mqtt_client.c:565] 更新数据 - topic: dataCenter/JSON/LD1/YX, addr: 2, val: 1.000000
[2025-03-25 14:58:33.768] [INFO] [embedded_mqtt_client.c:261] 收到历史数据查询请求
[2025-03-25 14:58:33.769] [INFO] [embedded_mqtt_client.c:285] 查询历史数据 - 开始时间: 2025-03-25 13:58:00, 结束时间: 2025-03-25 14:58:00
[2025-03-25 14:58:33.771] [INFO] [xml_config_parser.cpp:380] 发送历史数据 - 记录数: 1
[2025-03-25 14:58:33.791] [INFO] [embedded_mqtt_client.c:306] 主题 [dataCenter/JSON/LD1/YX] 数据摘要:
[2025-03-25 14:58:33.791] [INFO] [embedded_mqtt_client.c:307] 时间戳: 2025-03-25 11:06:46.482
[2025-03-25 14:58:33.791] [INFO] [embedded_mqtt_client.c:308] 数据项数量: 2
[2025-03-25 14:58:33.791] [INFO] [embedded_mqtt_client.c:328] 数据项 0 - addr: 0, val: 1.000000
[2025-03-25 14:58:33.791] [INFO] [embedded_mqtt_client.c:328] 数据项 1 - addr: 2, val: 1.000000
[2025-03-25 14:58:33.791] [INFO] [embedded_mqtt_client.c:199] 收到主题 [dataCenter/JSON/LD1/YX] 的消息
[2025-03-25 14:58:33.792] [INFO] [embedded_mqtt_client.c:231] 处理主题 [dataCenter/JSON/LD1/YX] 的数据
[2025-03-25 14:58:33.792] [DEBUG] [embedded_mqtt_client.c:565] 更新数据 - topic: dataCenter/JSON/LD1/YX, addr: 2, val: 1.000000
[2025-03-25 14:58:33.792] [INFO] [embedded_mqtt_client.c:261] 收到历史数据查询请求
[2025-03-25 14:58:33.792] [INFO] [embedded_mqtt_client.c:285] 查询历史数据 - 开始时间: 2025-03-25 13:58:00, 结束时间: 2025-03-25 14:58:00
[2025-03-25 14:58:33.794] [INFO] [xml_config_parser.cpp:380] 发送历史数据 - 记录数: 1
[2025-03-25 14:58:33.814] [INFO] [embedded_mqtt_client.c:306] 主题 [dataCenter/JSON/LD1/YX] 数据摘要:
[2025-03-25 14:58:33.814] [INFO] [embedded_mqtt_client.c:307] 时间戳: 2025-03-25 11:06:46.482
[2025-03-25 14:58:33.814] [INFO] [embedded_mqtt_client.c:308] 数据项数量: 2
[2025-03-25 14:58:33.814] [INFO] [embedded_mqtt_client.c:328] 数据项 0 - addr: 0, val: 1.000000
[2025-03-25 14:58:33.814] [INFO] [embedded_mqtt_client.c:328] 数据项 1 - addr: 2, val: 1.000000
[2025-03-25 14:58:33.814] [INFO] [embedded_mqtt_client.c:199] 收到主题 [dataCenter/JSON/LD1/YX] 的消息
[2025-03-25 14:58:33.814] [INFO] [embedded_mqtt_client.c:231] 处理主题 [dataCenter/JSON/LD1/YX] 的数据
[2025-03-25 14:58:33.814] [DEBUG] [embedded_mqtt_client.c:565] 更新数据 - topic: dataCenter/JSON/LD1/YX, addr: 2, val: 1.000000
[2025-03-25 14:58:33.814] [INFO] [embedded_mqtt_client.c:261] 收到历史数据查询请求
[2025-03-25 14:58:33.814] [INFO] [embedded_mqtt_client.c:285] 查询历史数据 - 开始时间: 2025-03-25 13:58:00, 结束时间: 2025-03-25 14:58:00
[2025-03-25 14:58:33.816] [INFO] [xml_config_parser.cpp:380] 发送历史数据 - 记录数: 1
[2025-03-25 14:58:33.835] [INFO] [embedded_mqtt_client.c:306] 主题 [dataCenter/JSON/LD1/YX] 数据摘要:
[2025-03-25 14:58:33.836] [INFO] [embedded_mqtt_client.c:307] 时间戳: 2025-03-25 11:06:46.482
[2025-03-25 14:58:33.836] [INFO] [embedded_mqtt_client.c:308] 数据项数量: 2
[2025-03-25 14:58:33.836] [INFO] [embedded_mqtt_client.c:328] 数据项 0 - addr: 0, val: 1.000000
[2025-03-25 14:58:33.836] [INFO] [embedded_mqtt_client.c:328] 数据项 1 - addr: 2, val: 1.000000
[2025-03-25 14:58:33.836] [INFO] [embedded_mqtt_client.c:199] 收到主题 [dataCenter/JSON/LD1/YX] 的消息
[2025-03-25 14:58:33.836] [INFO] [embedded_mqtt_client.c:231] 处理主题 [dataCenter/JSON/LD1/YX] 的数据
[2025-03-25 14:58:33.836] [DEBUG] [embedded_mqtt_client.c:565] 更新数据 - topic: dataCenter/JSON/LD1/YX, addr: 2, val: 1.000000
[2025-03-25 14:58:33.836] [INFO] [embedded_mqtt_client.c:261] 收到历史数据查询请求
[2025-03-25 14:58:33.836] [INFO] [embedded_mqtt_client.c:285] 查询历史数据 - 开始时间: 2025-03-25 13:58:00, 结束时间: 2025-03-25 14:58:00
[2025-03-25 14:58:33.838] [INFO] [xml_config_parser.cpp:380] 发送历史数据 - 记录数: 1
[2025-03-25 14:58:33.857] [INFO] [embedded_mqtt_client.c:306] 主题 [dataCenter/JSON/LD1/YX] 数据摘要:
[2025-03-25 14:58:33.858] [INFO] [embedded_mqtt_client.c:307] 时间戳: 2025-03-25 11:06:46.482
[2025-03-25 14:58:33.858] [INFO] [embedded_mqtt_client.c:308] 数据项数量: 2
[2025-03-25 14:58:33.858] [INFO] [embedded_mqtt_client.c:328] 数据项 0 - addr: 0, val: 1.000000
[2025-03-25 14:58:33.858] [INFO] [embedded_mqtt_client.c:328] 数据项 1 - addr: 2, val: 1.000000
[2025-03-25 14:58:33.858] [INFO] [embedded_mqtt_client.c:199] 收到主题 [dataCenter/JSON/LD1/YX] 的消息
[2025-03-25 14:58:33.858] [INFO] [embedded_mqtt_client.c:231] 处理主题 [dataCenter/JSON/LD1/YX] 的数据
[2025-03-25 14:58:33.858] [DEBUG] [embedded_mqtt_client.c:565] 更新数据 - topic: dataCenter/JSON/LD1/YX, addr: 2, val: 1.000000
[2025-03-25 14:58:33.858] [INFO] [embedded_mqtt_client.c:261] 收到历史数据查询请求
[2025-03-25 14:58:33.858] [INFO] [embedded_mqtt_client.c:285] 查询历史数据 - 开始时间: 2025-03-25 13:58:00, 结束时间: 2025-03-25 14:58:00
[2025-03-25 14:58:33.860] [INFO] [xml_config_parser.cpp:380] 发送历史数据 - 记录数: 1
[2025-03-25 14:58:33.880] [INFO] [embedded_mqtt_client.c:306] 主题 [dataCenter/JSON/LD1/YX] 数据摘要:
[2025-03-25 14:58:33.880] [INFO] [embedded_mqtt_client.c:307] 时间戳: 2025-03-25 11:06:46.482
[2025-03-25 14:58:33.880] [INFO] [embedded_mqtt_client.c:308] 数据项数量: 2
[2025-03-25 14:58:33.880] [INFO] [embedded_mqtt_client.c:328] 数据项 0 - addr: 0, val: 1.000000
[2025-03-25 14:58:33.880] [INFO] [embedded_mqtt_client.c:328] 数据项 1 - addr: 2, val: 1.000000
[2025-03-25 14:58:33.880] [INFO] [embedded_mqtt_client.c:199] 收到主题 [dataCenter/JSON/LD1/YX] 的消息
[2025-03-25 14:58:33.880] [INFO] [embedded_mqtt_client.c:231] 处理主题 [dataCenter/JSON/LD1/YX] 的数据
[2025-03-25 14:58:33.880] [DEBUG] [embedded_mqtt_client.c:565] 更新数据 - topic: dataCenter/JSON/LD1/YX, addr: 2, val: 1.000000
[2025-03-25 14:58:33.880] [INFO] [embedded_mqtt_client.c:261] 收到历史数据查询请求
[2025-03-25 14:58:33.880] [INFO] [embedded_mqtt_client.c:285] 查询历史数据 - 开始时间: 2025-03-25 13:58:00, 结束时间: 2025-03-25 14:58:00
[2025-03-25 14:58:33.882] [INFO] [xml_config_parser.cpp:380] 发送历史数据 - 记录数: 1
[2025-03-25 14:58:33.901] [INFO] [embedded_mqtt_client.c:306] 主题 [dataCenter/JSON/LD1/YX] 数据摘要:
[2025-03-25 14:58:33.902] [INFO] [embedded_mqtt_client.c:307] 时间戳: 2025-03-25 11:06:46.482
[2025-03-25 14:58:33.902] [INFO] [embedded_mqtt_client.c:308] 数据项数量: 2
[2025-03-25 14:58:33.902] [INFO] [embedded_mqtt_client.c:328] 数据项 0 - addr: 0, val: 1.000000
[2025-03-25 14:58:33.902] [INFO] [embedded_mqtt_client.c:328] 数据项 1 - addr: 2, val: 1.000000
[2025-03-25 14:58:33.902] [INFO] [embedded_mqtt_client.c:199] 收到主题 [dataCenter/JSON/LD1/YX] 的消息
[2025-03-25 14:58:33.902] [INFO] [embedded_mqtt_client.c:231] 处理主题 [dataCenter/JSON/LD1/YX] 的数据
[2025-03-25 14:58:33.902] [DEBUG] [embedded_mqtt_client.c:565] 更新数据 - topic: dataCenter/JSON/LD1/YX, addr: 2, val: 1.000000
[2025-03-25 14:58:33.902] [INFO] [embedded_mqtt_client.c:261] 收到历史数据查询请求
[2025-03-25 14:58:33.902] [INFO] [embedded_mqtt_client.c:285] 查询历史数据 - 开始时间: 2025-03-25 13:58:00, 结束时间: 2025-03-25 14:58:00
[2025-03-25 14:58:33.904] [INFO] [xml_config_parser.cpp:380] 发送历史数据 - 记录数: 1
[2025-03-25 14:58:33.924] [INFO] [embedded_mqtt_client.c:306] 主题 [dataCenter/JSON/LD1/YX] 数据摘要:
[2025-03-25 14:58:33.924] [INFO] [embedded_mqtt_client.c:307] 时间戳: 2025-03-25 11:06:46.482
[2025-03-25 14:58:33.924] [INFO] [embedded_mqtt_client.c:308] 数据项数量: 2
[2025-03-25 14:58:33.924] [INFO] [embedded_mqtt_client.c:328] 数据项 0 - addr: 0, val: 1.000000
[2025-03-25 14:58:33.924] [INFO] [embedded_mqtt_client.c:328] 数据项 1 - addr: 2, val: 1.000000
[2025-03-25 14:58:33.924] [INFO] [embedded_mqtt_client.c:199] 收到主题 [dataCenter/JSON/LD1/YX] 的消息
[2025-03-25 14:58:33.924] [INFO] [embedded_mqtt_client.c:231] 处理主题 [dataCenter/JSON/LD1/YX] 的数据
[2025-03-25 14:58:33.924] [DEBUG] [embedded_mqtt_client.c:565] 更新数据 - topic: dataCenter/JSON/LD1/YX, addr: 2, val: 1.000000
[2025-03-25 14:58:33.924] [INFO] [embedded_mqtt_client.c:261] 收到历史数据查询请求
[2025-03-25 14:58:33.924] [INFO] [embedded_mqtt_client.c:285] 查询历史数据 - 开始时间: 2025-03-25 13:58:00, 结束时间: 2025-03-25 14:58:00
[2025-03-25 14:58:33.926] [INFO] [xml_config_parser.cpp:380] 发送历史数据 - 记录数: 1
[2025-03-25 14:58:33.946] [INFO] [embedded_mqtt_client.c:306] 主题 [dataCenter/JSON/LD1/YX] 数据摘要:
[2025-03-25 14:58:33.946] [INFO] [embedded_mqtt_client.c:307] 时间戳: 2025-03-25 11:06:46.482
[2025-03-25 14:58:33.946] [INFO] [embedded_mqtt_client.c:308] 数据项数量: 2
[2025-03-25 14:58:33.946] [INFO] [embedded_mqtt_client.c:328] 数据项 0 - addr: 0, val: 1.000000
[2025-03-25 14:58:33.946] [INFO] [embedded_mqtt_client.c:328] 数据项 1 - addr: 2, val: 1.000000
[2025-03-25 14:58:33.946] [INFO] [embedded_mqtt_client.c:199] 收到主题 [dataCenter/JSON/LD1/YX] 的消息
[2025-03-25 14:58:33.946] [INFO] [embedded_mqtt_client.c:231] 处理主题 [dataCenter/JSON/LD1/YX] 的数据
[2025-03-25 14:58:33.946] [DEBUG] [embedded_mqtt_client.c:565] 更新数据 - topic: dataCenter/JSON/LD1/YX, addr: 2, val: 1.000000
[2025-03-25 14:58:33.946] [INFO] [embedded_mqtt_client.c:261] 收到历史数据查询请求
[2025-03-25 14:58:33.946] [INFO] [embedded_mqtt_client.c:285] 查询历史数据 - 开始时间: 2025-03-25 13:58:00, 结束时间: 2025-03-25 14:58:00
[2025-03-25 14:58:33.948] [INFO] [xml_config_parser.cpp:380] 发送历史数据 - 记录数: 1
[2025-03-25 14:58:33.968] [INFO] [embedded_mqtt_client.c:306] 主题 [dataCenter/JSON/LD1/YX] 数据摘要:
[2025-03-25 14:58:33.968] [INFO] [embedded_mqtt_client.c:307] 时间戳: 2025-03-25 11:06:46.482
[2025-03-25 14:58:33.968] [INFO] [embedded_mqtt_client.c:308] 数据项数量: 2
[2025-03-25 14:58:33.968] [INFO] [embedded_mqtt_client.c:328] 数据项 0 - addr: 0, val: 1.000000
[2025-03-25 14:58:33.968] [INFO] [embedded_mqtt_client.c:328] 数据项 1 - addr: 2, val: 1.000000
[2025-03-25 14:58:33.968] [INFO] [embedded_mqtt_client.c:199] 收到主题 [dataCenter/JSON/LD1/YX] 的消息
[2025-03-25 14:58:33.968] [INFO] [embedded_mqtt_client.c:231] 处理主题 [dataCenter/JSON/LD1/YX] 的数据
[2025-03-25 14:58:33.968] [DEBUG] [embedded_mqtt_client.c:565] 更新数据 - topic: dataCenter/JSON/LD1/YX, addr: 2, val: 1.000000
[2025-03-25 14:58:33.968] [INFO] [embedded_mqtt_client.c:261] 收到历史数据查询请求
[2025-03-25 14:58:33.968] [INFO] [embedded_mqtt_client.c:285] 查询历史数据 - 开始时间: 2025-03-25 13:58:00, 结束时间: 2025-03-25 14:58:00
[2025-03-25 14:58:33.970] [INFO] [xml_config_parser.cpp:380] 发送历史数据 - 记录数: 1
[2025-03-25 14:58:33.990] [INFO] [embedded_mqtt_client.c:306] 主题 [dataCenter/JSON/LD1/YX] 数据摘要:
[2025-03-25 14:58:33.990] [INFO] [embedded_mqtt_client.c:307] 时间戳: 2025-03-25 11:06:46.482
[2025-03-25 14:58:33.990] [INFO] [embedded_mqtt_client.c:308] 数据项数量: 2
[2025-03-25 14:58:33.990] [INFO] [embedded_mqtt_client.c:328] 数据项 0 - addr: 0, val: 1.000000
[2025-03-25 14:58:33.990] [INFO] [embedded_mqtt_client.c:328] 数据项 1 - addr: 2, val: 1.000000
[2025-03-25 14:58:33.990] [INFO] [embedded_mqtt_client.c:199] 收到主题 [dataCenter/JSON/LD1/YX] 的消息
[2025-03-25 14:58:33.990] [INFO] [embedded_mqtt_client.c:231] 处理主题 [dataCenter/JSON/LD1/YX] 的数据
[2025-03-25 14:58:33.990] [DEBUG] [embedded_mqtt_client.c:565] 更新数据 - topic: dataCenter/JSON/LD1/YX, addr: 2, val: 1.000000
[2025-03-25 14:58:33.990] [INFO] [embedded_mqtt_client.c:261] 收到历史数据查询请求
[2025-03-25 14:58:33.990] [INFO] [embedded_mqtt_client.c:285] 查询历史数据 - 开始时间: 2025-03-25 13:58:00, 结束时间: 2025-03-25 14:58:00
[2025-03-25 14:58:33.992] [INFO] [xml_config_parser.cpp:380] 发送历史数据 - 记录数: 1
[2025-03-25 14:58:34.012] [INFO] [embedded_mqtt_client.c:306] 主题 [dataCenter/JSON/LD1/YX] 数据摘要:
[2025-03-25 14:58:34.012] [INFO] [embedded_mqtt_client.c:307] 时间戳: 2025-03-25 11:06:46.482
[2025-03-25 14:58:34.012] [INFO] [embedded_mqtt_client.c:308] 数据项数量: 2
[2025-03-25 14:58:34.012] [INFO] [embedded_mqtt_client.c:328] 数据项 0 - addr: 0, val: 1.000000
[2025-03-25 14:58:34.012] [INFO] [embedded_mqtt_client.c:328] 数据项 1 - addr: 2, val: 1.000000
[2025-03-25 14:58:34.012] [INFO] [embedded_mqtt_client.c:199] 收到主题 [dataCenter/JSON/LD1/YX] 的消息
[2025-03-25 14:58:34.013] [INFO] [embedded_mqtt_client.c:231] 处理主题 [dataCenter/JSON/LD1/YX] 的数据
[2025-03-25 14:58:34.013] [DEBUG] [embedded_mqtt_client.c:565] 更新数据 - topic: dataCenter/JSON/LD1/YX, addr: 2, val: 1.000000
[2025-03-25 14:58:34.013] [INFO] [embedded_mqtt_client.c:261] 收到历史数据查询请求
[2025-03-25 14:58:34.013] [INFO] [embedded_mqtt_client.c:285] 查询历史数据 - 开始时间: 2025-03-25 13:58:00, 结束时间: 2025-03-25 14:58:00
[2025-03-25 14:58:34.015] [INFO] [xml_config_parser.cpp:380] 发送历史数据 - 记录数: 1
[2025-03-25 14:58:34.034] [INFO] [embedded_mqtt_client.c:306] 主题 [dataCenter/JSON/LD1/YX] 数据摘要:
[2025-03-25 14:58:34.034] [INFO] [embedded_mqtt_client.c:307] 时间戳: 2025-03-25 11:06:46.482
[2025-03-25 14:58:34.034] [INFO] [embedded_mqtt_client.c:308] 数据项数量: 2
[2025-03-25 14:58:34.034] [INFO] [embedded_mqtt_client.c:328] 数据项 0 - addr: 0, val: 1.000000
[2025-03-25 14:58:34.034] [INFO] [embedded_mqtt_client.c:328] 数据项 1 - addr: 2, val: 1.000000
[2025-03-25 14:58:34.034] [INFO] [embedded_mqtt_client.c:199] 收到主题 [dataCenter/JSON/LD1/YX] 的消息
[2025-03-25 14:58:34.034] [INFO] [embedded_mqtt_client.c:231] 处理主题 [dataCenter/JSON/LD1/YX] 的数据
[2025-03-25 14:58:34.034] [DEBUG] [embedded_mqtt_client.c:565] 更新数据 - topic: dataCenter/JSON/LD1/YX, addr: 2, val: 1.000000
[2025-03-25 14:58:34.035] [INFO] [embedded_mqtt_client.c:261] 收到历史数据查询请求
[2025-03-25 14:58:34.035] [INFO] [embedded_mqtt_client.c:285] 查询历史数据 - 开始时间: 2025-03-25 13:58:00, 结束时间: 2025-03-25 14:58:00
[2025-03-25 14:58:34.037] [INFO] [xml_config_parser.cpp:380] 发送历史数据 - 记录数: 1
[2025-03-25 14:58:34.056] [INFO] [embedded_mqtt_client.c:306] 主题 [dataCenter/JSON/LD1/YX] 数据摘要:
[2025-03-25 14:58:34.056] [INFO] [embedded_mqtt_client.c:307] 时间戳: 2025-03-25 11:06:46.482
[2025-03-25 14:58:34.056] [INFO] [embedded_mqtt_client.c:308] 数据项数量: 2
[2025-03-25 14:58:34.056] [INFO] [embedded_mqtt_client.c:328] 数据项 0 - addr: 0, val: 1.000000
[2025-03-25 14:58:34.056] [INFO] [embedded_mqtt_client.c:328] 数据项 1 - addr: 2, val: 1.000000
[2025-03-25 14:58:34.057] [INFO] [embedded_mqtt_client.c:199] 收到主题 [dataCenter/JSON/LD1/YX] 的消息
[2025-03-25 14:58:34.057] [INFO] [embedded_mqtt_client.c:231] 处理主题 [dataCenter/JSON/LD1/YX] 的数据
[2025-03-25 14:58:34.057] [DEBUG] [embedded_mqtt_client.c:565] 更新数据 - topic: dataCenter/JSON/LD1/YX, addr: 2, val: 1.000000
[2025-03-25 14:58:34.057] [INFO] [embedded_mqtt_client.c:261] 收到历史数据查询请求
[2025-03-25 14:58:34.057] [INFO] [embedded_mqtt_client.c:285] 查询历史数据 - 开始时间: 2025-03-25 13:58:00, 结束时间: 2025-03-25 14:58:00
[2025-03-25 14:58:34.059] [INFO] [xml_config_parser.cpp:380] 发送历史数据 - 记录数: 1
[2025-03-25 14:58:34.078] [INFO] [embedded_mqtt_client.c:306] 主题 [dataCenter/JSON/LD1/YX] 数据摘要:
[2025-03-25 14:58:34.078] [INFO] [embedded_mqtt_client.c:307] 时间戳: 2025-03-25 11:06:46.482
[2025-03-25 14:58:34.078] [INFO] [embedded_mqtt_client.c:308] 数据项数量: 2
[2025-03-25 14:58:34.078] [INFO] [embedded_mqtt_client.c:328] 数据项 0 - addr: 0, val: 1.000000
[2025-03-25 14:58:34.078] [INFO] [embedded_mqtt_client.c:328] 数据项 1 - addr: 2, val: 1.000000
[2025-03-25 14:58:34.078] [INFO] [embedded_mqtt_client.c:199] 收到主题 [dataCenter/JSON/LD1/YX] 的消息
[2025-03-25 14:58:34.078] [INFO] [embedded_mqtt_client.c:231] 处理主题 [dataCenter/JSON/LD1/YX] 的数据
[2025-03-25 14:58:34.078] [DEBUG] [embedded_mqtt_client.c:565] 更新数据 - topic: dataCenter/JSON/LD1/YX, addr: 2, val: 1.000000
[2025-03-25 14:58:34.078] [INFO] [embedded_mqtt_client.c:261] 收到历史数据查询请求
[2025-03-25 14:58:34.079] [INFO] [embedded_mqtt_client.c:285] 查询历史数据 - 开始时间: 2025-03-25 13:58:00, 结束时间: 2025-03-25 14:58:00
[2025-03-25 14:58:34.081] [INFO] [xml_config_parser.cpp:380] 发送历史数据 - 记录数: 1
[2025-03-25 14:58:34.100] [INFO] [embedded_mqtt_client.c:306] 主题 [dataCenter/JSON/LD1/YX] 数据摘要:
[2025-03-25 14:58:34.100] [INFO] [embedded_mqtt_client.c:307] 时间戳: 2025-03-25 11:06:46.482
[2025-03-25 14:58:34.100] [INFO] [embedded_mqtt_client.c:308] 数据项数量: 2
[2025-03-25 14:58:34.100] [INFO] [embedded_mqtt_client.c:328] 数据项 0 - addr: 0, val: 1.000000
[2025-03-25 14:58:34.100] [INFO] [embedded_mqtt_client.c:328] 数据项 1 - addr: 2, val: 1.000000
[2025-03-25 14:58:34.100] [INFO] [embedded_mqtt_client.c:199] 收到主题 [dataCenter/JSON/LD1/YX] 的消息
[2025-03-25 14:58:34.100] [INFO] [embedded_mqtt_client.c:231] 处理主题 [dataCenter/JSON/LD1/YX] 的数据
[2025-03-25 14:58:34.100] [DEBUG] [embedded_mqtt_client.c:565] 更新数据 - topic: dataCenter/JSON/LD1/YX, addr: 2, val: 1.000000
[2025-03-25 14:58:34.100] [INFO] [embedded_mqtt_client.c:261] 收到历史数据查询请求
[2025-03-25 14:58:34.100] [INFO] [embedded_mqtt_client.c:285] 查询历史数据 - 开始时间: 2025-03-25 13:58:00, 结束时间: 2025-03-25 14:58:00
[2025-03-25 14:58:34.102] [INFO] [xml_config_parser.cpp:380] 发送历史数据 - 记录数: 1
[2025-03-25 14:58:34.121] [INFO] [embedded_mqtt_client.c:306] 主题 [dataCenter/JSON/LD1/YX] 数据摘要:
[2025-03-25 14:58:34.122] [INFO] [embedded_mqtt_client.c:307] 时间戳: 2025-03-25 11:06:46.482
[2025-03-25 14:58:34.122] [INFO] [embedded_mqtt_client.c:308] 数据项数量: 2
[2025-03-25 14:58:34.122] [INFO] [embedded_mqtt_client.c:328] 数据项 0 - addr: 0, val: 1.000000
[2025-03-25 14:58:34.122] [INFO] [embedded_mqtt_client.c:328] 数据项 1 - addr: 2, val: 1.000000
[2025-03-25 14:58:34.122] [INFO] [embedded_mqtt_client.c:199] 收到主题 [dataCenter/JSON/LD1/YX] 的消息
[2025-03-25 14:58:34.122] [INFO] [embedded_mqtt_client.c:231] 处理主题 [dataCenter/JSON/LD1/YX] 的数据
[2025-03-25 14:58:34.122] [DEBUG] [embedded_mqtt_client.c:565] 更新数据 - topic: dataCenter/JSON/LD1/YX, addr: 2, val: 1.000000
[2025-03-25 14:58:34.122] [INFO] [embedded_mqtt_client.c:261] 收到历史数据查询请求
[2025-03-25 14:58:34.122] [INFO] [embedded_mqtt_client.c:285] 查询历史数据 - 开始时间: 2025-03-25 13:58:00, 结束时间: 2025-03-25 14:58:00
[2025-03-25 14:58:34.124] [INFO] [xml_config_parser.cpp:380] 发送历史数据 - 记录数: 1
[2025-03-25 14:58:34.143] [INFO] [embedded_mqtt_client.c:306] 主题 [dataCenter/JSON/LD1/YX] 数据摘要:
[2025-03-25 14:58:34.143] [INFO] [embedded_mqtt_client.c:307] 时间戳: 2025-03-25 11:06:46.482
[2025-03-25 14:58:34.144] [INFO] [embedded_mqtt_client.c:308] 数据项数量: 2
[2025-03-25 14:58:34.144] [INFO] [embedded_mqtt_client.c:328] 数据项 0 - addr: 0, val: 1.000000
[2025-03-25 14:58:34.144] [INFO] [embedded_mqtt_client.c:328] 数据项 1 - addr: 2, val: 1.000000
[2025-03-25 14:58:34.144] [INFO] [embedded_mqtt_client.c:199] 收到主题 [dataCenter/JSON/LD1/YX] 的消息
[2025-03-25 14:58:34.144] [INFO] [embedded_mqtt_client.c:231] 处理主题 [dataCenter/JSON/LD1/YX] 的数据
[2025-03-25 14:58:34.144] [DEBUG] [embedded_mqtt_client.c:565] 更新数据 - topic: dataCenter/JSON/LD1/YX, addr: 2, val: 1.000000
[2025-03-25 14:58:34.144] [INFO] [embedded_mqtt_client.c:261] 收到历史数据查询请求
[2025-03-25 14:58:34.144] [INFO] [embedded_mqtt_client.c:285] 查询历史数据 - 开始时间: 2025-03-25 13:58:00, 结束时间: 2025-03-25 14:58:00
[2025-03-25 14:58:34.146] [INFO] [xml_config_parser.cpp:380] 发送历史数据 - 记录数: 1
[2025-03-25 14:58:34.165] [INFO] [embedded_mqtt_client.c:306] 主题 [dataCenter/JSON/LD1/YX] 数据摘要:
[2025-03-25 14:58:34.165] [INFO] [embedded_mqtt_client.c:307] 时间戳: 2025-03-25 11:06:46.482
[2025-03-25 14:58:34.165] [INFO] [embedded_mqtt_client.c:308] 数据项数量: 2
[2025-03-25 14:58:34.165] [INFO] [embedded_mqtt_client.c:328] 数据项 0 - addr: 0, val: 1.000000
[2025-03-25 14:58:34.165] [INFO] [embedded_mqtt_client.c:328] 数据项 1 - addr: 2, val: 1.000000
[2025-03-25 14:58:34.165] [INFO] [embedded_mqtt_client.c:199] 收到主题 [dataCenter/JSON/LD1/YX] 的消息
[2025-03-25 14:58:34.165] [INFO] [embedded_mqtt_client.c:231] 处理主题 [dataCenter/JSON/LD1/YX] 的数据
[2025-03-25 14:58:34.166] [DEBUG] [embedded_mqtt_client.c:565] 更新数据 - topic: dataCenter/JSON/LD1/YX, addr: 2, val: 1.000000
[2025-03-25 14:58:34.166] [INFO] [embedded_mqtt_client.c:261] 收到历史数据查询请求
[2025-03-25 14:58:34.166] [INFO] [embedded_mqtt_client.c:285] 查询历史数据 - 开始时间: 2025-03-25 13:58:00, 结束时间: 2025-03-25 14:58:00
[2025-03-25 14:58:34.168] [INFO] [xml_config_parser.cpp:380] 发送历史数据 - 记录数: 1
[2025-03-25 14:58:34.187] [INFO] [embedded_mqtt_client.c:306] 主题 [dataCenter/JSON/LD1/YX] 数据摘要:
[2025-03-25 14:58:34.187] [INFO] [embedded_mqtt_client.c:307] 时间戳: 2025-03-25 11:06:46.482
[2025-03-25 14:58:34.187] [INFO] [embedded_mqtt_client.c:308] 数据项数量: 2
[2025-03-25 14:58:34.188] [INFO] [embedded_mqtt_client.c:328] 数据项 0 - addr: 0, val: 1.000000
[2025-03-25 14:58:34.188] [INFO] [embedded_mqtt_client.c:328] 数据项 1 - addr: 2, val: 1.000000
[2025-03-25 14:58:34.188] [INFO] [embedded_mqtt_client.c:199] 收到主题 [dataCenter/JSON/LD1/YX] 的消息
[2025-03-25 14:58:34.188] [INFO] [embedded_mqtt_client.c:231] 处理主题 [dataCenter/JSON/LD1/YX] 的数据
[2025-03-25 14:58:34.188] [DEBUG] [embedded_mqtt_client.c:565] 更新数据 - topic: dataCenter/JSON/LD1/YX, addr: 2, val: 1.000000
[2025-03-25 14:58:34.188] [INFO] [embedded_mqtt_client.c:261] 收到历史数据查询请求
[2025-03-25 14:58:34.188] [INFO] [embedded_mqtt_client.c:285] 查询历史数据 - 开始时间: 2025-03-25 13:58:00, 结束时间: 2025-03-25 14:58:00
[2025-03-25 14:58:34.190] [INFO] [xml_config_parser.cpp:380] 发送历史数据 - 记录数: 1
[2025-03-25 14:58:34.209] [INFO] [embedded_mqtt_client.c:306] 主题 [dataCenter/JSON/LD1/YX] 数据摘要:
[2025-03-25 14:58:34.210] [INFO] [embedded_mqtt_client.c:307] 时间戳: 2025-03-25 11:06:46.482
[2025-03-25 14:58:34.210] [INFO] [embedded_mqtt_client.c:308] 数据项数量: 2
[2025-03-25 14:58:34.210] [INFO] [embedded_mqtt_client.c:328] 数据项 0 - addr: 0, val: 1.000000
[2025-03-25 14:58:34.210] [INFO] [embedded_mqtt_client.c:328] 数据项 1 - addr: 2, val: 1.000000
[2025-03-25 14:58:34.210] [INFO] [embedded_mqtt_client.c:199] 收到主题 [dataCenter/JSON/LD1/YX] 的消息
[2025-03-25 14:58:34.210] [INFO] [embedded_mqtt_client.c:231] 处理主题 [dataCenter/JSON/LD1/YX] 的数据
[2025-03-25 14:58:34.210] [DEBUG] [embedded_mqtt_client.c:565] 更新数据 - topic: dataCenter/JSON/LD1/YX, addr: 2, val: 1.000000
[2025-03-25 14:58:34.210] [INFO] [embedded_mqtt_client.c:261] 收到历史数据查询请求
[2025-03-25 14:58:34.210] [INFO] [embedded_mqtt_client.c:285] 查询历史数据 - 开始时间: 2025-03-25 13:58:00, 结束时间: 2025-03-25 14:58:00
[2025-03-25 14:58:34.212] [INFO] [xml_config_parser.cpp:380] 发送历史数据 - 记录数: 1
[2025-03-25 14:58:34.231] [INFO] [embedded_mqtt_client.c:306] 主题 [dataCenter/JSON/LD1/YX] 数据摘要:
[2025-03-25 14:58:34.231] [INFO] [embedded_mqtt_client.c:307] 时间戳: 2025-03-25 11:06:46.482
[2025-03-25 14:58:34.231] [INFO] [embedded_mqtt_client.c:308] 数据项数量: 2
[2025-03-25 14:58:34.231] [INFO] [embedded_mqtt_client.c:328] 数据项 0 - addr: 0, val: 1.000000
[2025-03-25 14:58:34.231] [INFO] [embedded_mqtt_client.c:328] 数据项 1 - addr: 2, val: 1.000000
[2025-03-25 14:58:34.231] [INFO] [embedded_mqtt_client.c:199] 收到主题 [dataCenter/JSON/LD1/YX] 的消息
[2025-03-25 14:58:34.232] [INFO] [embedded_mqtt_client.c:231] 处理主题 [dataCenter/JSON/LD1/YX] 的数据
[2025-03-25 14:58:34.232] [DEBUG] [embedded_mqtt_client.c:565] 更新数据 - topic: dataCenter/JSON/LD1/YX, addr: 2, val: 1.000000
[2025-03-25 14:58:34.232] [INFO] [embedded_mqtt_client.c:261] 收到历史数据查询请求
[2025-03-25 14:58:34.232] [INFO] [embedded_mqtt_client.c:285] 查询历史数据 - 开始时间: 2025-03-25 13:58:00, 结束时间: 2025-03-25 14:58:00
[2025-03-25 14:58:34.234] [INFO] [xml_config_parser.cpp:380] 发送历史数据 - 记录数: 1
[2025-03-25 14:58:34.253] [INFO] [embedded_mqtt_client.c:306] 主题 [dataCenter/JSON/LD1/YX] 数据摘要:
[2025-03-25 14:58:34.254] [INFO] [embedded_mqtt_client.c:307] 时间戳: 2025-03-25 11:06:46.482
[2025-03-25 14:58:34.254] [INFO] [embedded_mqtt_client.c:308] 数据项数量: 2
[2025-03-25 14:58:34.254] [INFO] [embedded_mqtt_client.c:328] 数据项 0 - addr: 0, val: 1.000000
[2025-03-25 14:58:34.254] [INFO] [embedded_mqtt_client.c:328] 数据项 1 - addr: 2, val: 1.000000
[2025-03-25 14:58:34.254] [INFO] [embedded_mqtt_client.c:199] 收到主题 [dataCenter/JSON/LD1/YX] 的消息
[2025-03-25 14:58:34.254] [INFO] [embedded_mqtt_client.c:231] 处理主题 [dataCenter/JSON/LD1/YX] 的数据
[2025-03-25 14:58:34.254] [DEBUG] [embedded_mqtt_client.c:565] 更新数据 - topic: dataCenter/JSON/LD1/YX, addr: 2, val: 1.000000
[2025-03-25 14:58:34.254] [INFO] [embedded_mqtt_client.c:261] 收到历史数据查询请求
[2025-03-25 14:58:34.254] [INFO] [embedded_mqtt_client.c:285] 查询历史数据 - 开始时间: 2025-03-25 13:58:00, 结束时间: 2025-03-25 14:58:00
[2025-03-25 14:58:34.256] [INFO] [xml_config_parser.cpp:380] 发送历史数据 - 记录数: 1
[2025-03-25 14:58:34.276] [INFO] [embedded_mqtt_client.c:306] 主题 [dataCenter/JSON/LD1/YX] 数据摘要:
[2025-03-25 14:58:34.276] [INFO] [embedded_mqtt_client.c:307] 时间戳: 2025-03-25 11:06:46.482
[2025-03-25 14:58:34.276] [INFO] [embedded_mqtt_client.c:308] 数据项数量: 2
[2025-03-25 14:58:34.276] [INFO] [embedded_mqtt_client.c:328] 数据项 0 - addr: 0, val: 1.000000
[2025-03-25 14:58:34.276] [INFO] [embedded_mqtt_client.c:328] 数据项 1 - addr: 2, val: 1.000000
[2025-03-25 14:58:34.276] [INFO] [embedded_mqtt_client.c:199] 收到主题 [dataCenter/JSON/LD1/YX] 的消息
[2025-03-25 14:58:34.276] [INFO] [embedded_mqtt_client.c:231] 处理主题 [dataCenter/JSON/LD1/YX] 的数据
[2025-03-25 14:58:34.277] [DEBUG] [embedded_mqtt_client.c:565] 更新数据 - topic: dataCenter/JSON/LD1/YX, addr: 2, val: 1.000000
[2025-03-25 14:58:34.277] [INFO] [embedded_mqtt_client.c:261] 收到历史数据查询请求
[2025-03-25 14:58:34.277] [INFO] [embedded_mqtt_client.c:285] 查询历史数据 - 开始时间: 2025-03-25 13:58:00, 结束时间: 2025-03-25 14:58:00
[2025-03-25 14:58:34.279] [INFO] [xml_config_parser.cpp:380] 发送历史数据 - 记录数: 1
[2025-03-25 14:58:34.298] [INFO] [embedded_mqtt_client.c:306] 主题 [dataCenter/JSON/LD1/YX] 数据摘要:
[2025-03-25 14:58:34.298] [INFO] [embedded_mqtt_client.c:307] 时间戳: 2025-03-25 11:06:46.482
[2025-03-25 14:58:34.298] [INFO] [embedded_mqtt_client.c:308] 数据项数量: 2
[2025-03-25 14:58:34.298] [INFO] [embedded_mqtt_client.c:328] 数据项 0 - addr: 0, val: 1.000000
[2025-03-25 14:58:34.298] [INFO] [embedded_mqtt_client.c:328] 数据项 1 - addr: 2, val: 1.000000
[2025-03-25 14:58:34.298] [INFO] [embedded_mqtt_client.c:199] 收到主题 [dataCenter/JSON/LD1/YX] 的消息
[2025-03-25 14:58:34.298] [INFO] [embedded_mqtt_client.c:231] 处理主题 [dataCenter/JSON/LD1/YX] 的数据
[2025-03-25 14:58:34.298] [DEBUG] [embedded_mqtt_client.c:565] 更新数据 - topic: dataCenter/JSON/LD1/YX, addr: 2, val: 1.000000
[2025-03-25 14:58:34.298] [INFO] [embedded_mqtt_client.c:261] 收到历史数据查询请求
[2025-03-25 14:58:34.298] [INFO] [embedded_mqtt_client.c:285] 查询历史数据 - 开始时间: 2025-03-25 13:58:00, 结束时间: 2025-03-25 14:58:00
[2025-03-25 14:58:34.300] [INFO] [xml_config_parser.cpp:380] 发送历史数据 - 记录数: 1
[2025-03-25 14:58:34.320] [INFO] [embedded_mqtt_client.c:306] 主题 [dataCenter/JSON/LD1/YX] 数据摘要:
[2025-03-25 14:58:34.320] [INFO] [embedded_mqtt_client.c:307] 时间戳: 2025-03-25 11:06:46.482
[2025-03-25 14:58:34.320] [INFO] [embedded_mqtt_client.c:308] 数据项数量: 2
[2025-03-25 14:58:34.320] [INFO] [embedded_mqtt_client.c:328] 数据项 0 - addr: 0, val: 1.000000
[2025-03-25 14:58:34.320] [INFO] [embedded_mqtt_client.c:328] 数据项 1 - addr: 2, val: 1.000000
[2025-03-25 14:58:34.320] [INFO] [embedded_mqtt_client.c:199] 收到主题 [dataCenter/JSON/LD1/YX] 的消息
[2025-03-25 14:58:34.320] [INFO] [embedded_mqtt_client.c:231] 处理主题 [dataCenter/JSON/LD1/YX] 的数据
[2025-03-25 14:58:34.320] [DEBUG] [embedded_mqtt_client.c:565] 更新数据 - topic: dataCenter/JSON/LD1/YX, addr: 2, val: 1.000000
[2025-03-25 14:58:34.321] [INFO] [embedded_mqtt_client.c:261] 收到历史数据查询请求
[2025-03-25 14:58:34.321] [INFO] [embedded_mqtt_client.c:285] 查询历史数据 - 开始时间: 2025-03-25 13:58:00, 结束时间: 2025-03-25 14:58:00
[2025-03-25 14:58:34.322] [INFO] [xml_config_parser.cpp:380] 发送历史数据 - 记录数: 1
[2025-03-25 14:58:34.342] [INFO] [embedded_mqtt_client.c:306] 主题 [dataCenter/JSON/LD1/YX] 数据摘要:
[2025-03-25 14:58:34.342] [INFO] [embedded_mqtt_client.c:307] 时间戳: 2025-03-25 11:06:46.482
[2025-03-25 14:58:34.342] [INFO] [embedded_mqtt_client.c:308] 数据项数量: 2
[2025-03-25 14:58:34.342] [INFO] [embedded_mqtt_client.c:328] 数据项 0 - addr: 0, val: 1.000000
[2025-03-25 14:58:34.342] [INFO] [embedded_mqtt_client.c:328] 数据项 1 - addr: 2, val: 1.000000
[2025-03-25 14:58:34.342] [INFO] [embedded_mqtt_client.c:199] 收到主题 [dataCenter/JSON/LD1/YX] 的消息
[2025-03-25 14:58:34.342] [INFO] [embedded_mqtt_client.c:231] 处理主题 [dataCenter/JSON/LD1/YX] 的数据
[2025-03-25 14:58:34.342] [DEBUG] [embedded_mqtt_client.c:565] 更新数据 - topic: dataCenter/JSON/LD1/YX, addr: 2, val: 1.000000
[2025-03-25 14:58:34.342] [INFO] [embedded_mqtt_client.c:261] 收到历史数据查询请求
[2025-03-25 14:58:34.342] [INFO] [embedded_mqtt_client.c:285] 查询历史数据 - 开始时间: 2025-03-25 13:58:00, 结束时间: 2025-03-25 14:58:00
[2025-03-25 14:58:34.344] [INFO] [xml_config_parser.cpp:380] 发送历史数据 - 记录数: 1
[2025-03-25 14:58:34.364] [INFO] [embedded_mqtt_client.c:306] 主题 [dataCenter/JSON/LD1/YX] 数据摘要:
[2025-03-25 14:58:34.364] [INFO] [embedded_mqtt_client.c:307] 时间戳: 2025-03-25 11:06:46.482
[2025-03-25 14:58:34.364] [INFO] [embedded_mqtt_client.c:308] 数据项数量: 2
[2025-03-25 14:58:34.364] [INFO] [embedded_mqtt_client.c:328] 数据项 0 - addr: 0, val: 1.000000
[2025-03-25 14:58:34.364] [INFO] [embedded_mqtt_client.c:328] 数据项 1 - addr: 2, val: 1.000000
[2025-03-25 14:58:34.364] [INFO] [embedded_mqtt_client.c:199] 收到主题 [dataCenter/JSON/LD1/YX] 的消息
[2025-03-25 14:58:34.364] [INFO] [embedded_mqtt_client.c:231] 处理主题 [dataCenter/JSON/LD1/YX] 的数据
[2025-03-25 14:58:34.364] [DEBUG] [embedded_mqtt_client.c:565] 更新数据 - topic: dataCenter/JSON/LD1/YX, addr: 2, val: 1.000000
[2025-03-25 14:58:34.364] [INFO] [embedded_mqtt_client.c:261] 收到历史数据查询请求
[2025-03-25 14:58:34.364] [INFO] [embedded_mqtt_client.c:285] 查询历史数据 - 开始时间: 2025-03-25 13:58:00, 结束时间: 2025-03-25 14:58:00
[2025-03-25 14:58:34.366] [INFO] [xml_config_parser.cpp:380] 发送历史数据 - 记录数: 1
[2025-03-25 14:58:34.386] [INFO] [embedded_mqtt_client.c:306] 主题 [dataCenter/JSON/LD1/YX] 数据摘要:
[2025-03-25 14:58:34.386] [INFO] [embedded_mqtt_client.c:307] 时间戳: 2025-03-25 11:06:46.482
[2025-03-25 14:58:34.386] [INFO] [embedded_mqtt_client.c:308] 数据项数量: 2
[2025-03-25 14:58:34.386] [INFO] [embedded_mqtt_client.c:328] 数据项 0 - addr: 0, val: 1.000000
[2025-03-25 14:58:34.386] [INFO] [embedded_mqtt_client.c:328] 数据项 1 - addr: 2, val: 1.000000
[2025-03-25 14:58:34.386] [INFO] [embedded_mqtt_client.c:199] 收到主题 [dataCenter/JSON/LD1/YX] 的消息
[2025-03-25 14:58:34.387] [INFO] [embedded_mqtt_client.c:231] 处理主题 [dataCenter/JSON/LD1/YX] 的数据
[2025-03-25 14:58:34.387] [DEBUG] [embedded_mqtt_client.c:565] 更新数据 - topic: dataCenter/JSON/LD1/YX, addr: 2, val: 1.000000
[2025-03-25 14:58:34.387] [INFO] [embedded_mqtt_client.c:261] 收到历史数据查询请求
[2025-03-25 14:58:34.387] [INFO] [embedded_mqtt_client.c:285] 查询历史数据 - 开始时间: 2025-03-25 13:58:00, 结束时间: 2025-03-25 14:58:00
[2025-03-25 14:58:34.389] [INFO] [xml_config_parser.cpp:380] 发送历史数据 - 记录数: 1
[2025-03-25 14:58:34.408] [INFO] [embedded_mqtt_client.c:306] 主题 [dataCenter/JSON/LD1/YX] 数据摘要:
[2025-03-25 14:58:34.408] [INFO] [embedded_mqtt_client.c:307] 时间戳: 2025-03-25 11:06:46.482
[2025-03-25 14:58:34.408] [INFO] [embedded_mqtt_client.c:308] 数据项数量: 2
[2025-03-25 14:58:34.408] [INFO] [embedded_mqtt_client.c:328] 数据项 0 - addr: 0, val: 1.000000
[2025-03-25 14:58:34.408] [INFO] [embedded_mqtt_client.c:328] 数据项 1 - addr: 2, val: 1.000000
[2025-03-25 14:58:34.409] [INFO] [embedded_mqtt_client.c:199] 收到主题 [dataCenter/JSON/LD1/YX] 的消息
[2025-03-25 14:58:34.409] [INFO] [embedded_mqtt_client.c:231] 处理主题 [dataCenter/JSON/LD1/YX] 的数据
[2025-03-25 14:58:34.409] [DEBUG] [embedded_mqtt_client.c:565] 更新数据 - topic: dataCenter/JSON/LD1/YX, addr: 2, val: 1.000000
[2025-03-25 14:58:34.409] [INFO] [embedded_mqtt_client.c:261] 收到历史数据查询请求
[2025-03-25 14:58:34.409] [INFO] [embedded_mqtt_client.c:285] 查询历史数据 - 开始时间: 2025-03-25 13:58:00, 结束时间: 2025-03-25 14:58:00
[2025-03-25 14:58:34.411] [INFO] [xml_config_parser.cpp:380] 发送历史数据 - 记录数: 1
[2025-03-25 14:58:34.430] [INFO] [embedded_mqtt_client.c:306] 主题 [dataCenter/JSON/LD1/YX] 数据摘要:
[2025-03-25 14:58:34.430] [INFO] [embedded_mqtt_client.c:307] 时间戳: 2025-03-25 11:06:46.482
[2025-03-25 14:58:34.430] [INFO] [embedded_mqtt_client.c:308] 数据项数量: 2
[2025-03-25 14:58:34.430] [INFO] [embedded_mqtt_client.c:328] 数据项 0 - addr: 0, val: 1.000000
[2025-03-25 14:58:34.430] [INFO] [embedded_mqtt_client.c:328] 数据项 1 - addr: 2, val: 1.000000
[2025-03-25 14:58:34.430] [INFO] [embedded_mqtt_client.c:199] 收到主题 [dataCenter/JSON/LD1/YX] 的消息
[2025-03-25 14:58:34.430] [INFO] [embedded_mqtt_client.c:231] 处理主题 [dataCenter/JSON/LD1/YX] 的数据
[2025-03-25 14:58:34.430] [DEBUG] [embedded_mqtt_client.c:565] 更新数据 - topic: dataCenter/JSON/LD1/YX, addr: 2, val: 1.000000
[2025-03-25 14:58:34.431] [INFO] [embedded_mqtt_client.c:261] 收到历史数据查询请求
[2025-03-25 14:58:34.431] [INFO] [embedded_mqtt_client.c:285] 查询历史数据 - 开始时间: 2025-03-25 13:58:00, 结束时间: 2025-03-25 14:58:00
[2025-03-25 14:58:34.433] [INFO] [xml_config_parser.cpp:380] 发送历史数据 - 记录数: 1
[2025-03-25 14:58:34.452] [INFO] [embedded_mqtt_client.c:306] 主题 [dataCenter/JSON/LD1/YX] 数据摘要:
[2025-03-25 14:58:34.452] [INFO] [embedded_mqtt_client.c:307] 时间戳: 2025-03-25 11:06:46.482
[2025-03-25 14:58:34.452] [INFO] [embedded_mqtt_client.c:308] 数据项数量: 2
[2025-03-25 14:58:34.452] [INFO] [embedded_mqtt_client.c:328] 数据项 0 - addr: 0, val: 1.000000
[2025-03-25 14:58:34.452] [INFO] [embedded_mqtt_client.c:328] 数据项 1 - addr: 2, val: 1.000000
[2025-03-25 14:58:34.452] [INFO] [embedded_mqtt_client.c:199] 收到主题 [dataCenter/JSON/LD1/YX] 的消息
[2025-03-25 14:58:34.452] [INFO] [embedded_mqtt_client.c:231] 处理主题 [dataCenter/JSON/LD1/YX] 的数据
[2025-03-25 14:58:34.452] [DEBUG] [embedded_mqtt_client.c:565] 更新数据 - topic: dataCenter/JSON/LD1/YX, addr: 2, val: 1.000000
[2025-03-25 14:58:34.452] [INFO] [embedded_mqtt_client.c:261] 收到历史数据查询请求
[2025-03-25 14:58:34.452] [INFO] [embedded_mqtt_client.c:285] 查询历史数据 - 开始时间: 2025-03-25 13:58:00, 结束时间: 2025-03-25 14:58:00
[2025-03-25 14:58:34.454] [INFO] [xml_config_parser.cpp:380] 发送历史数据 - 记录数: 1
[2025-03-25 14:58:34.473] [INFO] [embedded_mqtt_client.c:306] 主题 [dataCenter/JSON/LD1/YX] 数据摘要:
[2025-03-25 14:58:34.474] [INFO] [embedded_mqtt_client.c:307] 时间戳: 2025-03-25 11:06:46.482
[2025-03-25 14:58:34.474] [INFO] [embedded_mqtt_client.c:308] 数据项数量: 2
[2025-03-25 14:58:34.474] [INFO] [embedded_mqtt_client.c:328] 数据项 0 - addr: 0, val: 1.000000
[2025-03-25 14:58:34.474] [INFO] [embedded_mqtt_client.c:328] 数据项 1 - addr: 2, val: 1.000000
[2025-03-25 14:58:34.474] [INFO] [embedded_mqtt_client.c:199] 收到主题 [dataCenter/JSON/LD1/YX] 的消息
[2025-03-25 14:58:34.474] [INFO] [embedded_mqtt_client.c:231] 处理主题 [dataCenter/JSON/LD1/YX] 的数据
[2025-03-25 14:58:34.474] [DEBUG] [embedded_mqtt_client.c:565] 更新数据 - topic: dataCenter/JSON/LD1/YX, addr: 2, val: 1.000000
[2025-03-25 14:58:34.474] [INFO] [embedded_mqtt_client.c:261] 收到历史数据查询请求
[2025-03-25 14:58:34.474] [INFO] [embedded_mqtt_client.c:285] 查询历史数据 - 开始时间: 2025-03-25 13:58:00, 结束时间: 2025-03-25 14:58:00
[2025-03-25 14:58:34.476] [INFO] [xml_config_parser.cpp:380] 发送历史数据 - 记录数: 1
[2025-03-25 14:58:34.495] [INFO] [embedded_mqtt_client.c:306] 主题 [dataCenter/JSON/LD1/YX] 数据摘要:
[2025-03-25 14:58:34.495] [INFO] [embedded_mqtt_client.c:307] 时间戳: 2025-03-25 11:06:46.482
[2025-03-25 14:58:34.496] [INFO] [embedded_mqtt_client.c:308] 数据项数量: 2
[2025-03-25 14:58:34.496] [INFO] [embedded_mqtt_client.c:328] 数据项 0 - addr: 0, val: 1.000000
[2025-03-25 14:58:34.496] [INFO] [embedded_mqtt_client.c:328] 数据项 1 - addr: 2, val: 1.000000
[2025-03-25 14:58:34.496] [INFO] [embedded_mqtt_client.c:199] 收到主题 [dataCenter/JSON/LD1/YX] 的消息
[2025-03-25 14:58:34.496] [INFO] [embedded_mqtt_client.c:231] 处理主题 [dataCenter/JSON/LD1/YX] 的数据
[2025-03-25 14:58:34.496] [DEBUG] [embedded_mqtt_client.c:565] 更新数据 - topic: dataCenter/JSON/LD1/YX, addr: 2, val: 1.000000
[2025-03-25 14:58:34.496] [INFO] [embedded_mqtt_client.c:261] 收到历史数据查询请求
[2025-03-25 14:58:34.496] [INFO] [embedded_mqtt_client.c:285] 查询历史数据 - 开始时间: 2025-03-25 13:58:00, 结束时间: 2025-03-25 14:58:00
[2025-03-25 14:58:34.498] [INFO] [xml_config_parser.cpp:380] 发送历史数据 - 记录数: 1
[2025-03-25 14:58:34.518] [INFO] [embedded_mqtt_client.c:306] 主题 [dataCenter/JSON/LD1/YX] 数据摘要:
[2025-03-25 14:58:34.518] [INFO] [embedded_mqtt_client.c:307] 时间戳: 2025-03-25 11:06:46.482
[2025-03-25 14:58:34.518] [INFO] [embedded_mqtt_client.c:308] 数据项数量: 2
[2025-03-25 14:58:34.518] [INFO] [embedded_mqtt_client.c:328] 数据项 0 - addr: 0, val: 1.000000
[2025-03-25 14:58:34.518] [INFO] [embedded_mqtt_client.c:328] 数据项 1 - addr: 2, val: 1.000000
[2025-03-25 14:58:34.518] [INFO] [embedded_mqtt_client.c:199] 收到主题 [dataCenter/JSON/LD1/YX] 的消息
[2025-03-25 14:58:34.518] [INFO] [embedded_mqtt_client.c:231] 处理主题 [dataCenter/JSON/LD1/YX] 的数据
[2025-03-25 14:58:34.518] [DEBUG] [embedded_mqtt_client.c:565] 更新数据 - topic: dataCenter/JSON/LD1/YX, addr: 2, val: 1.000000
[2025-03-25 14:58:34.518] [INFO] [embedded_mqtt_client.c:261] 收到历史数据查询请求
[2025-03-25 14:58:34.518] [INFO] [embedded_mqtt_client.c:285] 查询历史数据 - 开始时间: 2025-03-25 13:58:00, 结束时间: 2025-03-25 14:58:00
[2025-03-25 14:58:34.520] [INFO] [xml_config_parser.cpp:380] 发送历史数据 - 记录数: 1
[2025-03-25 14:58:34.540] [INFO] [embedded_mqtt_client.c:306] 主题 [dataCenter/JSON/LD1/YX] 数据摘要:
[2025-03-25 14:58:34.540] [INFO] [embedded_mqtt_client.c:307] 时间戳: 2025-03-25 11:06:46.482
[2025-03-25 14:58:34.540] [INFO] [embedded_mqtt_client.c:308] 数据项数量: 2
[2025-03-25 14:58:34.540] [INFO] [embedded_mqtt_client.c:328] 数据项 0 - addr: 0, val: 1.000000
[2025-03-25 14:58:34.540] [INFO] [embedded_mqtt_client.c:328] 数据项 1 - addr: 2, val: 1.000000
[2025-03-25 14:58:34.540] [INFO] [embedded_mqtt_client.c:199] 收到主题 [dataCenter/JSON/LD1/YX] 的消息
[2025-03-25 14:58:34.540] [INFO] [embedded_mqtt_client.c:231] 处理主题 [dataCenter/JSON/LD1/YX] 的数据
[2025-03-25 14:58:34.540] [DEBUG] [embedded_mqtt_client.c:565] 更新数据 - topic: dataCenter/JSON/LD1/YX, addr: 2, val: 1.000000
[2025-03-25 14:58:34.540] [INFO] [embedded_mqtt_client.c:261] 收到历史数据查询请求
[2025-03-25 14:58:34.540] [INFO] [embedded_mqtt_client.c:285] 查询历史数据 - 开始时间: 2025-03-25 13:58:00, 结束时间: 2025-03-25 14:58:00
[2025-03-25 14:58:34.542] [INFO] [xml_config_parser.cpp:380] 发送历史数据 - 记录数: 1
[2025-03-25 14:58:34.562] [INFO] [embedded_mqtt_client.c:306] 主题 [dataCenter/JSON/LD1/YX] 数据摘要:
[2025-03-25 14:58:34.562] [INFO] [embedded_mqtt_client.c:307] 时间戳: 2025-03-25 11:06:46.482
[2025-03-25 14:58:34.562] [INFO] [embedded_mqtt_client.c:308] 数据项数量: 2
[2025-03-25 14:58:34.562] [INFO] [embedded_mqtt_client.c:328] 数据项 0 - addr: 0, val: 1.000000
[2025-03-25 14:58:34.562] [INFO] [embedded_mqtt_client.c:328] 数据项 1 - addr: 2, val: 1.000000
[2025-03-25 14:58:34.562] [INFO] [embedded_mqtt_client.c:199] 收到主题 [dataCenter/JSON/LD1/YX] 的消息
[2025-03-25 14:58:34.563] [INFO] [embedded_mqtt_client.c:231] 处理主题 [dataCenter/JSON/LD1/YX] 的数据
[2025-03-25 14:58:34.563] [DEBUG] [embedded_mqtt_client.c:565] 更新数据 - topic: dataCenter/JSON/LD1/YX, addr: 2, val: 1.000000
[2025-03-25 14:58:34.563] [INFO] [embedded_mqtt_client.c:261] 收到历史数据查询请求
[2025-03-25 14:58:34.563] [INFO] [embedded_mqtt_client.c:285] 查询历史数据 - 开始时间: 2025-03-25 13:58:00, 结束时间: 2025-03-25 14:58:00
[2025-03-25 14:58:34.565] [INFO] [xml_config_parser.cpp:380] 发送历史数据 - 记录数: 1
[2025-03-25 14:58:34.584] [INFO] [embedded_mqtt_client.c:306] 主题 [dataCenter/JSON/LD1/YX] 数据摘要:
[2025-03-25 14:58:34.584] [INFO] [embedded_mqtt_client.c:307] 时间戳: 2025-03-25 11:06:46.482
[2025-03-25 14:58:34.584] [INFO] [embedded_mqtt_client.c:308] 数据项数量: 2
[2025-03-25 14:58:34.584] [INFO] [embedded_mqtt_client.c:328] 数据项 0 - addr: 0, val: 1.000000
[2025-03-25 14:58:34.584] [INFO] [embedded_mqtt_client.c:328] 数据项 1 - addr: 2, val: 1.000000
[2025-03-25 14:58:34.585] [INFO] [embedded_mqtt_client.c:199] 收到主题 [dataCenter/JSON/LD1/YX] 的消息
[2025-03-25 14:58:34.585] [INFO] [embedded_mqtt_client.c:231] 处理主题 [dataCenter/JSON/LD1/YX] 的数据
[2025-03-25 14:58:34.585] [DEBUG] [embedded_mqtt_client.c:565] 更新数据 - topic: dataCenter/JSON/LD1/YX, addr: 2, val: 1.000000
[2025-03-25 14:58:34.585] [INFO] [embedded_mqtt_client.c:261] 收到历史数据查询请求
[2025-03-25 14:58:34.585] [INFO] [embedded_mqtt_client.c:285] 查询历史数据 - 开始时间: 2025-03-25 13:58:00, 结束时间: 2025-03-25 14:58:00
[2025-03-25 14:58:34.587] [INFO] [xml_config_parser.cpp:380] 发送历史数据 - 记录数: 1
[2025-03-25 14:58:34.607] [INFO] [embedded_mqtt_client.c:306] 主题 [dataCenter/JSON/LD1/YX] 数据摘要:
[2025-03-25 14:58:34.607] [INFO] [embedded_mqtt_client.c:307] 时间戳: 2025-03-25 11:06:46.482
[2025-03-25 14:58:34.607] [INFO] [embedded_mqtt_client.c:308] 数据项数量: 2
[2025-03-25 14:58:34.607] [INFO] [embedded_mqtt_client.c:328] 数据项 0 - addr: 0, val: 1.000000
[2025-03-25 14:58:34.607] [INFO] [embedded_mqtt_client.c:328] 数据项 1 - addr: 2, val: 1.000000
[2025-03-25 14:58:34.607] [INFO] [embedded_mqtt_client.c:199] 收到主题 [dataCenter/JSON/LD1/YX] 的消息
[2025-03-25 14:58:34.607] [INFO] [embedded_mqtt_client.c:231] 处理主题 [dataCenter/JSON/LD1/YX] 的数据
[2025-03-25 14:58:34.607] [DEBUG] [embedded_mqtt_client.c:565] 更新数据 - topic: dataCenter/JSON/LD1/YX, addr: 2, val: 1.000000
[2025-03-25 14:58:34.607] [INFO] [embedded_mqtt_client.c:261] 收到历史数据查询请求
[2025-03-25 14:58:34.607] [INFO] [embedded_mqtt_client.c:285] 查询历史数据 - 开始时间: 2025-03-25 13:58:00, 结束时间: 2025-03-25 14:58:00
[2025-03-25 14:58:34.609] [INFO] [xml_config_parser.cpp:380] 发送历史数据 - 记录数: 1
[2025-03-25 14:58:34.628] [INFO] [embedded_mqtt_client.c:306] 主题 [dataCenter/JSON/LD1/YX] 数据摘要:
[2025-03-25 14:58:34.629] [INFO] [embedded_mqtt_client.c:307] 时间戳: 2025-03-25 11:06:46.482
[2025-03-25 14:58:34.629] [INFO] [embedded_mqtt_client.c:308] 数据项数量: 2
[2025-03-25 14:58:34.629] [INFO] [embedded_mqtt_client.c:328] 数据项 0 - addr: 0, val: 1.000000
[2025-03-25 14:58:34.629] [INFO] [embedded_mqtt_client.c:328] 数据项 1 - addr: 2, val: 1.000000
[2025-03-25 14:58:34.629] [INFO] [embedded_mqtt_client.c:199] 收到主题 [dataCenter/JSON/LD1/YX] 的消息
[2025-03-25 14:58:34.629] [INFO] [embedded_mqtt_client.c:231] 处理主题 [dataCenter/JSON/LD1/YX] 的数据
[2025-03-25 14:58:34.629] [DEBUG] [embedded_mqtt_client.c:565] 更新数据 - topic: dataCenter/JSON/LD1/YX, addr: 2, val: 1.000000
[2025-03-25 14:58:34.629] [INFO] [embedded_mqtt_client.c:261] 收到历史数据查询请求
[2025-03-25 14:58:34.629] [INFO] [embedded_mqtt_client.c:285] 查询历史数据 - 开始时间: 2025-03-25 13:58:00, 结束时间: 2025-03-25 14:58:00
[2025-03-25 14:58:34.631] [INFO] [xml_config_parser.cpp:380] 发送历史数据 - 记录数: 1
[2025-03-25 14:58:34.651] [INFO] [embedded_mqtt_client.c:306] 主题 [dataCenter/JSON/LD1/YX] 数据摘要:
[2025-03-25 14:58:34.651] [INFO] [embedded_mqtt_client.c:307] 时间戳: 2025-03-25 11:06:46.482
[2025-03-25 14:58:34.651] [INFO] [embedded_mqtt_client.c:308] 数据项数量: 2
[2025-03-25 14:58:34.651] [INFO] [embedded_mqtt_client.c:328] 数据项 0 - addr: 0, val: 1.000000
[2025-03-25 14:58:34.651] [INFO] [embedded_mqtt_client.c:328] 数据项 1 - addr: 2, val: 1.000000
[2025-03-25 14:58:34.651] [INFO] [embedded_mqtt_client.c:199] 收到主题 [dataCenter/JSON/LD1/YX] 的消息
[2025-03-25 14:58:34.651] [INFO] [embedded_mqtt_client.c:231] 处理主题 [dataCenter/JSON/LD1/YX] 的数据
[2025-03-25 14:58:34.651] [DEBUG] [embedded_mqtt_client.c:565] 更新数据 - topic: dataCenter/JSON/LD1/YX, addr: 2, val: 1.000000
[2025-03-25 14:58:34.651] [INFO] [embedded_mqtt_client.c:261] 收到历史数据查询请求
[2025-03-25 14:58:34.651] [INFO] [embedded_mqtt_client.c:285] 查询历史数据 - 开始时间: 2025-03-25 13:58:00, 结束时间: 2025-03-25 14:58:00
[2025-03-25 14:58:34.653] [INFO] [xml_config_parser.cpp:380] 发送历史数据 - 记录数: 1
[2025-03-25 14:58:34.673] [INFO] [embedded_mqtt_client.c:306] 主题 [dataCenter/JSON/LD1/YX] 数据摘要:
[2025-03-25 14:58:34.673] [INFO] [embedded_mqtt_client.c:307] 时间戳: 2025-03-25 11:06:46.482
[2025-03-25 14:58:34.673] [INFO] [embedded_mqtt_client.c:308] 数据项数量: 2
[2025-03-25 14:58:34.673] [INFO] [embedded_mqtt_client.c:328] 数据项 0 - addr: 0, val: 1.000000
[2025-03-25 14:58:34.673] [INFO] [embedded_mqtt_client.c:328] 数据项 1 - addr: 2, val: 1.000000
[2025-03-25 14:58:34.673] [INFO] [embedded_mqtt_client.c:199] 收到主题 [dataCenter/JSON/LD1/YX] 的消息
[2025-03-25 14:58:34.674] [INFO] [embedded_mqtt_client.c:231] 处理主题 [dataCenter/JSON/LD1/YX] 的数据
[2025-03-25 14:58:34.674] [DEBUG] [embedded_mqtt_client.c:565] 更新数据 - topic: dataCenter/JSON/LD1/YX, addr: 2, val: 1.000000
[2025-03-25 14:58:34.674] [INFO] [embedded_mqtt_client.c:261] 收到历史数据查询请求
[2025-03-25 14:58:34.674] [INFO] [embedded_mqtt_client.c:285] 查询历史数据 - 开始时间: 2025-03-25 13:58:00, 结束时间: 2025-03-25 14:58:00
[2025-03-25 14:58:34.676] [INFO] [xml_config_parser.cpp:380] 发送历史数据 - 记录数: 1
[2025-03-25 14:58:34.695] [INFO] [embedded_mqtt_client.c:306] 主题 [dataCenter/JSON/LD1/YX] 数据摘要:
[2025-03-25 14:58:34.695] [INFO] [embedded_mqtt_client.c:307] 时间戳: 2025-03-25 11:06:46.482
[2025-03-25 14:58:34.695] [INFO] [embedded_mqtt_client.c:308] 数据项数量: 2
[2025-03-25 14:58:34.695] [INFO] [embedded_mqtt_client.c:328] 数据项 0 - addr: 0, val: 1.000000
[2025-03-25 14:58:34.695] [INFO] [embedded_mqtt_client.c:328] 数据项 1 - addr: 2, val: 1.000000
[2025-03-25 14:58:34.695] [INFO] [embedded_mqtt_client.c:199] 收到主题 [dataCenter/JSON/LD1/YX] 的消息
[2025-03-25 14:58:34.695] [INFO] [embedded_mqtt_client.c:231] 处理主题 [dataCenter/JSON/LD1/YX] 的数据
[2025-03-25 14:58:34.695] [DEBUG] [embedded_mqtt_client.c:565] 更新数据 - topic: dataCenter/JSON/LD1/YX, addr: 2, val: 1.000000
[2025-03-25 14:58:34.695] [INFO] [embedded_mqtt_client.c:261] 收到历史数据查询请求
[2025-03-25 14:58:34.695] [INFO] [embedded_mqtt_client.c:285] 查询历史数据 - 开始时间: 2025-03-25 13:58:00, 结束时间: 2025-03-25 14:58:00
[2025-03-25 14:58:34.697] [INFO] [xml_config_parser.cpp:380] 发送历史数据 - 记录数: 1
[2025-03-25 14:58:34.717] [INFO] [embedded_mqtt_client.c:306] 主题 [dataCenter/JSON/LD1/YX] 数据摘要:
[2025-03-25 14:58:34.717] [INFO] [embedded_mqtt_client.c:307] 时间戳: 2025-03-25 11:06:46.482
[2025-03-25 14:58:34.717] [INFO] [embedded_mqtt_client.c:308] 数据项数量: 2
[2025-03-25 14:58:34.717] [INFO] [embedded_mqtt_client.c:328] 数据项 0 - addr: 0, val: 1.000000
[2025-03-25 14:58:34.717] [INFO] [embedded_mqtt_client.c:328] 数据项 1 - addr: 2, val: 1.000000
[2025-03-25 14:58:34.717] [INFO] [embedded_mqtt_client.c:199] 收到主题 [dataCenter/JSON/LD1/YX] 的消息
[2025-03-25 14:58:34.717] [INFO] [embedded_mqtt_client.c:231] 处理主题 [dataCenter/JSON/LD1/YX] 的数据
[2025-03-25 14:58:34.717] [DEBUG] [embedded_mqtt_client.c:565] 更新数据 - topic: dataCenter/JSON/LD1/YX, addr: 2, val: 1.000000
[2025-03-25 14:58:34.717] [INFO] [embedded_mqtt_client.c:261] 收到历史数据查询请求
[2025-03-25 14:58:34.717] [INFO] [embedded_mqtt_client.c:285] 查询历史数据 - 开始时间: 2025-03-25 13:58:00, 结束时间: 2025-03-25 14:58:00
[2025-03-25 14:58:34.719] [INFO] [xml_config_parser.cpp:380] 发送历史数据 - 记录数: 1
[2025-03-25 14:58:34.738] [INFO] [embedded_mqtt_client.c:306] 主题 [dataCenter/JSON/LD1/YX] 数据摘要:
[2025-03-25 14:58:34.738] [INFO] [embedded_mqtt_client.c:307] 时间戳: 2025-03-25 11:06:46.482
[2025-03-25 14:58:34.739] [INFO] [embedded_mqtt_client.c:308] 数据项数量: 2
[2025-03-25 14:58:34.739] [INFO] [embedded_mqtt_client.c:328] 数据项 0 - addr: 0, val: 1.000000
[2025-03-25 14:58:34.739] [INFO] [embedded_mqtt_client.c:328] 数据项 1 - addr: 2, val: 1.000000
[2025-03-25 14:58:34.739] [INFO] [embedded_mqtt_client.c:199] 收到主题 [dataCenter/JSON/LD1/YX] 的消息
[2025-03-25 14:58:34.739] [INFO] [embedded_mqtt_client.c:231] 处理主题 [dataCenter/JSON/LD1/YX] 的数据
[2025-03-25 14:58:34.739] [DEBUG] [embedded_mqtt_client.c:565] 更新数据 - topic: dataCenter/JSON/LD1/YX, addr: 2, val: 1.000000
[2025-03-25 14:58:34.739] [INFO] [embedded_mqtt_client.c:261] 收到历史数据查询请求
[2025-03-25 14:58:34.739] [INFO] [embedded_mqtt_client.c:285] 查询历史数据 - 开始时间: 2025-03-25 13:58:00, 结束时间: 2025-03-25 14:58:00
[2025-03-25 14:58:34.741] [INFO] [xml_config_parser.cpp:380] 发送历史数据 - 记录数: 1
[2025-03-25 14:58:34.760] [INFO] [embedded_mqtt_client.c:306] 主题 [dataCenter/JSON/LD1/YX] 数据摘要:
[2025-03-25 14:58:34.760] [INFO] [embedded_mqtt_client.c:307] 时间戳: 2025-03-25 11:06:46.482
[2025-03-25 14:58:34.760] [INFO] [embedded_mqtt_client.c:308] 数据项数量: 2
[2025-03-25 14:58:34.760] [INFO] [embedded_mqtt_client.c:328] 数据项 0 - addr: 0, val: 1.000000
[2025-03-25 14:58:34.760] [INFO] [embedded_mqtt_client.c:328] 数据项 1 - addr: 2, val: 1.000000
[2025-03-25 14:58:34.761] [INFO] [embedded_mqtt_client.c:199] 收到主题 [dataCenter/JSON/LD1/YX] 的消息
[2025-03-25 14:58:34.761] [INFO] [embedded_mqtt_client.c:231] 处理主题 [dataCenter/JSON/LD1/YX] 的数据
[2025-03-25 14:58:34.761] [DEBUG] [embedded_mqtt_client.c:565] 更新数据 - topic: dataCenter/JSON/LD1/YX, addr: 2, val: 1.000000
[2025-03-25 14:58:34.761] [INFO] [embedded_mqtt_client.c:261] 收到历史数据查询请求
[2025-03-25 14:58:34.761] [INFO] [embedded_mqtt_client.c:285] 查询历史数据 - 开始时间: 2025-03-25 13:58:00, 结束时间: 2025-03-25 14:58:00
[2025-03-25 14:58:34.763] [INFO] [xml_config_parser.cpp:380] 发送历史数据 - 记录数: 1
[2025-03-25 14:58:34.782] [INFO] [embedded_mqtt_client.c:306] 主题 [dataCenter/JSON/LD1/YX] 数据摘要:
[2025-03-25 14:58:34.782] [INFO] [embedded_mqtt_client.c:307] 时间戳: 2025-03-25 11:06:46.482
[2025-03-25 14:58:34.782] [INFO] [embedded_mqtt_client.c:308] 数据项数量: 2
[2025-03-25 14:58:34.782] [INFO] [embedded_mqtt_client.c:328] 数据项 0 - addr: 0, val: 1.000000
[2025-03-25 14:58:34.782] [INFO] [embedded_mqtt_client.c:328] 数据项 1 - addr: 2, val: 1.000000
[2025-03-25 14:58:34.782] [INFO] [embedded_mqtt_client.c:199] 收到主题 [dataCenter/JSON/LD1/YX] 的消息
[2025-03-25 14:58:34.782] [INFO] [embedded_mqtt_client.c:231] 处理主题 [dataCenter/JSON/LD1/YX] 的数据
[2025-03-25 14:58:34.782] [DEBUG] [embedded_mqtt_client.c:565] 更新数据 - topic: dataCenter/JSON/LD1/YX, addr: 2, val: 1.000000
[2025-03-25 14:58:34.783] [INFO] [embedded_mqtt_client.c:261] 收到历史数据查询请求
[2025-03-25 14:58:34.783] [INFO] [embedded_mqtt_client.c:285] 查询历史数据 - 开始时间: 2025-03-25 13:58:00, 结束时间: 2025-03-25 14:58:00
[2025-03-25 14:58:34.785] [INFO] [xml_config_parser.cpp:380] 发送历史数据 - 记录数: 1
[2025-03-25 14:58:34.804] [INFO] [embedded_mqtt_client.c:306] 主题 [dataCenter/JSON/LD1/YX] 数据摘要:
[2025-03-25 14:58:34.804] [INFO] [embedded_mqtt_client.c:307] 时间戳: 2025-03-25 11:06:46.482
[2025-03-25 14:58:34.804] [INFO] [embedded_mqtt_client.c:308] 数据项数量: 2
[2025-03-25 14:58:34.804] [INFO] [embedded_mqtt_client.c:328] 数据项 0 - addr: 0, val: 1.000000
[2025-03-25 14:58:34.804] [INFO] [embedded_mqtt_client.c:328] 数据项 1 - addr: 2, val: 1.000000
[2025-03-25 14:58:34.804] [INFO] [embedded_mqtt_client.c:199] 收到主题 [dataCenter/JSON/LD1/YX] 的消息
[2025-03-25 14:58:34.804] [INFO] [embedded_mqtt_client.c:231] 处理主题 [dataCenter/JSON/LD1/YX] 的数据
[2025-03-25 14:58:34.804] [DEBUG] [embedded_mqtt_client.c:565] 更新数据 - topic: dataCenter/JSON/LD1/YX, addr: 2, val: 1.000000
[2025-03-25 14:58:34.804] [INFO] [embedded_mqtt_client.c:261] 收到历史数据查询请求
[2025-03-25 14:58:34.804] [INFO] [embedded_mqtt_client.c:285] 查询历史数据 - 开始时间: 2025-03-25 13:58:00, 结束时间: 2025-03-25 14:58:00
[2025-03-25 14:58:34.806] [INFO] [xml_config_parser.cpp:380] 发送历史数据 - 记录数: 1
[2025-03-25 14:58:34.827] [INFO] [embedded_mqtt_client.c:306] 主题 [dataCenter/JSON/LD1/YX] 数据摘要:
[2025-03-25 14:58:34.827] [INFO] [embedded_mqtt_client.c:307] 时间戳: 2025-03-25 11:06:46.482
[2025-03-25 14:58:34.827] [INFO] [embedded_mqtt_client.c:308] 数据项数量: 2
[2025-03-25 14:58:34.828] [INFO] [embedded_mqtt_client.c:328] 数据项 0 - addr: 0, val: 1.000000
[2025-03-25 14:58:34.828] [INFO] [embedded_mqtt_client.c:328] 数据项 1 - addr: 2, val: 1.000000
[2025-03-25 14:58:34.828] [INFO] [embedded_mqtt_client.c:199] 收到主题 [dataCenter/JSON/LD1/YX] 的消息
[2025-03-25 14:58:34.828] [INFO] [embedded_mqtt_client.c:231] 处理主题 [dataCenter/JSON/LD1/YX] 的数据
[2025-03-25 14:58:34.828] [DEBUG] [embedded_mqtt_client.c:565] 更新数据 - topic: dataCenter/JSON/LD1/YX, addr: 2, val: 1.000000
[2025-03-25 14:58:34.828] [INFO] [embedded_mqtt_client.c:261] 收到历史数据查询请求
[2025-03-25 14:58:34.828] [INFO] [embedded_mqtt_client.c:285] 查询历史数据 - 开始时间: 2025-03-25 13:58:00, 结束时间: 2025-03-25 14:58:00
[2025-03-25 14:58:34.830] [INFO] [xml_config_parser.cpp:380] 发送历史数据 - 记录数: 1
[2025-03-25 14:58:34.849] [INFO] [embedded_mqtt_client.c:306] 主题 [dataCenter/JSON/LD1/YX] 数据摘要:
[2025-03-25 14:58:34.849] [INFO] [embedded_mqtt_client.c:307] 时间戳: 2025-03-25 11:06:46.482
[2025-03-25 14:58:34.849] [INFO] [embedded_mqtt_client.c:308] 数据项数量: 2
[2025-03-25 14:58:34.849] [INFO] [embedded_mqtt_client.c:328] 数据项 0 - addr: 0, val: 1.000000
[2025-03-25 14:58:34.849] [INFO] [embedded_mqtt_client.c:328] 数据项 1 - addr: 2, val: 1.000000
[2025-03-25 14:58:34.850] [INFO] [embedded_mqtt_client.c:199] 收到主题 [dataCenter/JSON/LD1/YX] 的消息
[2025-03-25 14:58:34.850] [INFO] [embedded_mqtt_client.c:231] 处理主题 [dataCenter/JSON/LD1/YX] 的数据
[2025-03-25 14:58:34.850] [DEBUG] [embedded_mqtt_client.c:565] 更新数据 - topic: dataCenter/JSON/LD1/YX, addr: 2, val: 1.000000
[2025-03-25 14:58:34.850] [INFO] [embedded_mqtt_client.c:261] 收到历史数据查询请求
[2025-03-25 14:58:34.850] [INFO] [embedded_mqtt_client.c:285] 查询历史数据 - 开始时间: 2025-03-25 13:58:00, 结束时间: 2025-03-25 14:58:00
[2025-03-25 14:58:34.852] [INFO] [xml_config_parser.cpp:380] 发送历史数据 - 记录数: 1
[2025-03-25 14:58:34.871] [INFO] [embedded_mqtt_client.c:306] 主题 [dataCenter/JSON/LD1/YX] 数据摘要:
[2025-03-25 14:58:34.871] [INFO] [embedded_mqtt_client.c:307] 时间戳: 2025-03-25 11:06:46.482
[2025-03-25 14:58:34.871] [INFO] [embedded_mqtt_client.c:308] 数据项数量: 2
[2025-03-25 14:58:34.871] [INFO] [embedded_mqtt_client.c:328] 数据项 0 - addr: 0, val: 1.000000
[2025-03-25 14:58:34.871] [INFO] [embedded_mqtt_client.c:328] 数据项 1 - addr: 2, val: 1.000000
[2025-03-25 14:58:34.872] [INFO] [embedded_mqtt_client.c:199] 收到主题 [dataCenter/JSON/LD1/YX] 的消息
[2025-03-25 14:58:34.872] [INFO] [embedded_mqtt_client.c:231] 处理主题 [dataCenter/JSON/LD1/YX] 的数据
[2025-03-25 14:58:34.872] [DEBUG] [embedded_mqtt_client.c:565] 更新数据 - topic: dataCenter/JSON/LD1/YX, addr: 2, val: 1.000000
[2025-03-25 14:58:34.872] [INFO] [embedded_mqtt_client.c:261] 收到历史数据查询请求
[2025-03-25 14:58:34.872] [INFO] [embedded_mqtt_client.c:285] 查询历史数据 - 开始时间: 2025-03-25 13:58:00, 结束时间: 2025-03-25 14:58:00
[2025-03-25 14:58:34.874] [INFO] [xml_config_parser.cpp:380] 发送历史数据 - 记录数: 1
[2025-03-25 14:58:34.893] [INFO] [embedded_mqtt_client.c:306] 主题 [dataCenter/JSON/LD1/YX] 数据摘要:
[2025-03-25 14:58:34.893] [INFO] [embedded_mqtt_client.c:307] 时间戳: 2025-03-25 11:06:46.482
[2025-03-25 14:58:34.893] [INFO] [embedded_mqtt_client.c:308] 数据项数量: 2
[2025-03-25 14:58:34.893] [INFO] [embedded_mqtt_client.c:328] 数据项 0 - addr: 0, val: 1.000000
[2025-03-25 14:58:34.893] [INFO] [embedded_mqtt_client.c:328] 数据项 1 - addr: 2, val: 1.000000
[2025-03-25 14:58:34.894] [INFO] [embedded_mqtt_client.c:199] 收到主题 [dataCenter/JSON/LD1/YX] 的消息
[2025-03-25 14:58:34.894] [INFO] [embedded_mqtt_client.c:231] 处理主题 [dataCenter/JSON/LD1/YX] 的数据
[2025-03-25 14:58:34.894] [DEBUG] [embedded_mqtt_client.c:565] 更新数据 - topic: dataCenter/JSON/LD1/YX, addr: 2, val: 1.000000
[2025-03-25 14:58:34.894] [INFO] [embedded_mqtt_client.c:261] 收到历史数据查询请求
[2025-03-25 14:58:34.894] [INFO] [embedded_mqtt_client.c:285] 查询历史数据 - 开始时间: 2025-03-25 13:58:00, 结束时间: 2025-03-25 14:58:00
[2025-03-25 14:58:34.896] [INFO] [xml_config_parser.cpp:380] 发送历史数据 - 记录数: 1
[2025-03-25 14:58:34.915] [INFO] [embedded_mqtt_client.c:306] 主题 [dataCenter/JSON/LD1/YX] 数据摘要:
[2025-03-25 14:58:34.915] [INFO] [embedded_mqtt_client.c:307] 时间戳: 2025-03-25 11:06:46.482
[2025-03-25 14:58:34.915] [INFO] [embedded_mqtt_client.c:308] 数据项数量: 2
[2025-03-25 14:58:34.915] [INFO] [embedded_mqtt_client.c:328] 数据项 0 - addr: 0, val: 1.000000
[2025-03-25 14:58:34.915] [INFO] [embedded_mqtt_client.c:328] 数据项 1 - addr: 2, val: 1.000000
[2025-03-25 14:58:34.916] [INFO] [embedded_mqtt_client.c:199] 收到主题 [dataCenter/JSON/LD1/YX] 的消息
[2025-03-25 14:58:34.916] [INFO] [embedded_mqtt_client.c:231] 处理主题 [dataCenter/JSON/LD1/YX] 的数据
[2025-03-25 14:58:34.916] [DEBUG] [embedded_mqtt_client.c:565] 更新数据 - topic: dataCenter/JSON/LD1/YX, addr: 2, val: 1.000000
[2025-03-25 14:58:34.916] [INFO] [embedded_mqtt_client.c:261] 收到历史数据查询请求
[2025-03-25 14:58:34.916] [INFO] [embedded_mqtt_client.c:285] 查询历史数据 - 开始时间: 2025-03-25 13:58:00, 结束时间: 2025-03-25 14:58:00
[2025-03-25 14:58:34.918] [INFO] [xml_config_parser.cpp:380] 发送历史数据 - 记录数: 1
[2025-03-25 14:58:34.937] [INFO] [embedded_mqtt_client.c:306] 主题 [dataCenter/JSON/LD1/YX] 数据摘要:
[2025-03-25 14:58:34.937] [INFO] [embedded_mqtt_client.c:307] 时间戳: 2025-03-25 11:06:46.482
[2025-03-25 14:58:34.937] [INFO] [embedded_mqtt_client.c:308] 数据项数量: 2
[2025-03-25 14:58:34.937] [INFO] [embedded_mqtt_client.c:328] 数据项 0 - addr: 0, val: 1.000000
[2025-03-25 14:58:34.937] [INFO] [embedded_mqtt_client.c:328] 数据项 1 - addr: 2, val: 1.000000
[2025-03-25 14:58:34.937] [INFO] [embedded_mqtt_client.c:199] 收到主题 [dataCenter/JSON/LD1/YX] 的消息
[2025-03-25 14:58:34.938] [INFO] [embedded_mqtt_client.c:231] 处理主题 [dataCenter/JSON/LD1/YX] 的数据
[2025-03-25 14:58:34.938] [DEBUG] [embedded_mqtt_client.c:565] 更新数据 - topic: dataCenter/JSON/LD1/YX, addr: 2, val: 1.000000
[2025-03-25 14:58:34.938] [INFO] [embedded_mqtt_client.c:261] 收到历史数据查询请求
[2025-03-25 14:58:34.938] [INFO] [embedded_mqtt_client.c:285] 查询历史数据 - 开始时间: 2025-03-25 13:58:00, 结束时间: 2025-03-25 14:58:00
[2025-03-25 14:58:34.940] [INFO] [xml_config_parser.cpp:380] 发送历史数据 - 记录数: 1
[2025-03-25 14:58:34.959] [INFO] [embedded_mqtt_client.c:306] 主题 [dataCenter/JSON/LD1/YX] 数据摘要:
[2025-03-25 14:58:34.959] [INFO] [embedded_mqtt_client.c:307] 时间戳: 2025-03-25 11:06:46.482
[2025-03-25 14:58:34.959] [INFO] [embedded_mqtt_client.c:308] 数据项数量: 2
[2025-03-25 14:58:34.959] [INFO] [embedded_mqtt_client.c:328] 数据项 0 - addr: 0, val: 1.000000
[2025-03-25 14:58:34.959] [INFO] [embedded_mqtt_client.c:328] 数据项 1 - addr: 2, val: 1.000000
[2025-03-25 14:58:34.959] [INFO] [embedded_mqtt_client.c:199] 收到主题 [dataCenter/JSON/LD1/YX] 的消息
[2025-03-25 14:58:34.959] [INFO] [embedded_mqtt_client.c:231] 处理主题 [dataCenter/JSON/LD1/YX] 的数据
[2025-03-25 14:58:34.959] [DEBUG] [embedded_mqtt_client.c:565] 更新数据 - topic: dataCenter/JSON/LD1/YX, addr: 2, val: 1.000000
[2025-03-25 14:58:34.960] [INFO] [embedded_mqtt_client.c:261] 收到历史数据查询请求
[2025-03-25 14:58:34.960] [INFO] [embedded_mqtt_client.c:285] 查询历史数据 - 开始时间: 2025-03-25 13:58:00, 结束时间: 2025-03-25 14:58:00
[2025-03-25 14:58:34.962] [INFO] [xml_config_parser.cpp:380] 发送历史数据 - 记录数: 1
[2025-03-25 14:58:34.981] [INFO] [embedded_mqtt_client.c:306] 主题 [dataCenter/JSON/LD1/YX] 数据摘要:
[2025-03-25 14:58:34.981] [INFO] [embedded_mqtt_client.c:307] 时间戳: 2025-03-25 11:06:46.482
[2025-03-25 14:58:34.981] [INFO] [embedded_mqtt_client.c:308] 数据项数量: 2
[2025-03-25 14:58:34.981] [INFO] [embedded_mqtt_client.c:328] 数据项 0 - addr: 0, val: 1.000000
[2025-03-25 14:58:34.981] [INFO] [embedded_mqtt_client.c:328] 数据项 1 - addr: 2, val: 1.000000
[2025-03-25 14:58:34.981] [INFO] [embedded_mqtt_client.c:199] 收到主题 [dataCenter/JSON/LD1/YX] 的消息
[2025-03-25 14:58:34.981] [INFO] [embedded_mqtt_client.c:231] 处理主题 [dataCenter/JSON/LD1/YX] 的数据
[2025-03-25 14:58:34.981] [DEBUG] [embedded_mqtt_client.c:565] 更新数据 - topic: dataCenter/JSON/LD1/YX, addr: 2, val: 1.000000
[2025-03-25 14:58:34.981] [INFO] [embedded_mqtt_client.c:261] 收到历史数据查询请求
[2025-03-25 14:58:34.981] [INFO] [embedded_mqtt_client.c:285] 查询历史数据 - 开始时间: 2025-03-25 13:58:00, 结束时间: 2025-03-25 14:58:00
[2025-03-25 14:58:34.983] [INFO] [xml_config_parser.cpp:380] 发送历史数据 - 记录数: 1
[2025-03-25 14:58:35.002] [INFO] [embedded_mqtt_client.c:306] 主题 [dataCenter/JSON/LD1/YX] 数据摘要:
[2025-03-25 14:58:35.002] [INFO] [embedded_mqtt_client.c:307] 时间戳: 2025-03-25 11:06:46.482
[2025-03-25 14:58:35.002] [INFO] [embedded_mqtt_client.c:308] 数据项数量: 2
[2025-03-25 14:58:35.003] [INFO] [embedded_mqtt_client.c:328] 数据项 0 - addr: 0, val: 1.000000
[2025-03-25 14:58:35.003] [INFO] [embedded_mqtt_client.c:328] 数据项 1 - addr: 2, val: 1.000000
[2025-03-25 14:58:35.003] [INFO] [embedded_mqtt_client.c:199] 收到主题 [dataCenter/JSON/LD1/YX] 的消息
[2025-03-25 14:58:35.003] [INFO] [embedded_mqtt_client.c:231] 处理主题 [dataCenter/JSON/LD1/YX] 的数据
[2025-03-25 14:58:35.003] [DEBUG] [embedded_mqtt_client.c:565] 更新数据 - topic: dataCenter/JSON/LD1/YX, addr: 2, val: 1.000000
[2025-03-25 14:58:35.003] [INFO] [embedded_mqtt_client.c:261] 收到历史数据查询请求
[2025-03-25 14:58:35.003] [INFO] [embedded_mqtt_client.c:285] 查询历史数据 - 开始时间: 2025-03-25 13:58:00, 结束时间: 2025-03-25 14:58:00
[2025-03-25 14:58:35.005] [INFO] [xml_config_parser.cpp:380] 发送历史数据 - 记录数: 1
[2025-03-25 14:58:35.024] [INFO] [embedded_mqtt_client.c:306] 主题 [dataCenter/JSON/LD1/YX] 数据摘要:
[2025-03-25 14:58:35.024] [INFO] [embedded_mqtt_client.c:307] 时间戳: 2025-03-25 11:06:46.482
[2025-03-25 14:58:35.024] [INFO] [embedded_mqtt_client.c:308] 数据项数量: 2
[2025-03-25 14:58:35.024] [INFO] [embedded_mqtt_client.c:328] 数据项 0 - addr: 0, val: 1.000000
[2025-03-25 14:58:35.024] [INFO] [embedded_mqtt_client.c:328] 数据项 1 - addr: 2, val: 1.000000
[2025-03-25 14:58:35.025] [INFO] [embedded_mqtt_client.c:199] 收到主题 [dataCenter/JSON/LD1/YX] 的消息
[2025-03-25 14:58:35.025] [INFO] [embedded_mqtt_client.c:231] 处理主题 [dataCenter/JSON/LD1/YX] 的数据
[2025-03-25 14:58:35.025] [DEBUG] [embedded_mqtt_client.c:565] 更新数据 - topic: dataCenter/JSON/LD1/YX, addr: 2, val: 1.000000
[2025-03-25 14:58:35.025] [INFO] [embedded_mqtt_client.c:261] 收到历史数据查询请求
[2025-03-25 14:58:35.025] [INFO] [embedded_mqtt_client.c:285] 查询历史数据 - 开始时间: 2025-03-25 13:58:00, 结束时间: 2025-03-25 14:58:00
[2025-03-25 14:58:35.027] [INFO] [xml_config_parser.cpp:380] 发送历史数据 - 记录数: 1
[2025-03-25 14:58:35.046] [INFO] [embedded_mqtt_client.c:306] 主题 [dataCenter/JSON/LD1/YX] 数据摘要:
[2025-03-25 14:58:35.047] [INFO] [embedded_mqtt_client.c:307] 时间戳: 2025-03-25 11:06:46.482
[2025-03-25 14:58:35.047] [INFO] [embedded_mqtt_client.c:308] 数据项数量: 2
[2025-03-25 14:58:35.047] [INFO] [embedded_mqtt_client.c:328] 数据项 0 - addr: 0, val: 1.000000
[2025-03-25 14:58:35.047] [INFO] [embedded_mqtt_client.c:328] 数据项 1 - addr: 2, val: 1.000000
[2025-03-25 14:58:35.047] [INFO] [embedded_mqtt_client.c:199] 收到主题 [dataCenter/JSON/LD1/YX] 的消息
[2025-03-25 14:58:35.047] [INFO] [embedded_mqtt_client.c:231] 处理主题 [dataCenter/JSON/LD1/YX] 的数据
[2025-03-25 14:58:35.047] [DEBUG] [embedded_mqtt_client.c:565] 更新数据 - topic: dataCenter/JSON/LD1/YX, addr: 2, val: 1.000000
[2025-03-25 14:58:35.047] [INFO] [embedded_mqtt_client.c:261] 收到历史数据查询请求
[2025-03-25 14:58:35.047] [INFO] [embedded_mqtt_client.c:285] 查询历史数据 - 开始时间: 2025-03-25 13:58:00, 结束时间: 2025-03-25 14:58:00
[2025-03-25 14:58:35.049] [INFO] [xml_config_parser.cpp:380] 发送历史数据 - 记录数: 1
[2025-03-25 14:58:35.068] [INFO] [embedded_mqtt_client.c:306] 主题 [dataCenter/JSON/LD1/YX] 数据摘要:
[2025-03-25 14:58:35.069] [INFO] [embedded_mqtt_client.c:307] 时间戳: 2025-03-25 11:06:46.482
[2025-03-25 14:58:35.069] [INFO] [embedded_mqtt_client.c:308] 数据项数量: 2
[2025-03-25 14:58:35.069] [INFO] [embedded_mqtt_client.c:328] 数据项 0 - addr: 0, val: 1.000000
[2025-03-25 14:58:35.069] [INFO] [embedded_mqtt_client.c:328] 数据项 1 - addr: 2, val: 1.000000
[2025-03-25 14:58:35.069] [INFO] [embedded_mqtt_client.c:199] 收到主题 [dataCenter/JSON/LD1/YX] 的消息
[2025-03-25 14:58:35.069] [INFO] [embedded_mqtt_client.c:231] 处理主题 [dataCenter/JSON/LD1/YX] 的数据
[2025-03-25 14:58:35.069] [DEBUG] [embedded_mqtt_client.c:565] 更新数据 - topic: dataCenter/JSON/LD1/YX, addr: 2, val: 1.000000
[2025-03-25 14:58:35.069] [INFO] [embedded_mqtt_client.c:261] 收到历史数据查询请求
[2025-03-25 14:58:35.069] [INFO] [embedded_mqtt_client.c:285] 查询历史数据 - 开始时间: 2025-03-25 13:58:00, 结束时间: 2025-03-25 14:58:00
[2025-03-25 14:58:35.071] [INFO] [xml_config_parser.cpp:380] 发送历史数据 - 记录数: 1
[2025-03-25 14:58:35.091] [INFO] [embedded_mqtt_client.c:306] 主题 [dataCenter/JSON/LD1/YX] 数据摘要:
[2025-03-25 14:58:35.091] [INFO] [embedded_mqtt_client.c:307] 时间戳: 2025-03-25 11:06:46.482
[2025-03-25 14:58:35.091] [INFO] [embedded_mqtt_client.c:308] 数据项数量: 2
[2025-03-25 14:58:35.091] [INFO] [embedded_mqtt_client.c:328] 数据项 0 - addr: 0, val: 1.000000
[2025-03-25 14:58:35.091] [INFO] [embedded_mqtt_client.c:328] 数据项 1 - addr: 2, val: 1.000000
[2025-03-25 14:58:35.091] [INFO] [embedded_mqtt_client.c:199] 收到主题 [dataCenter/JSON/LD1/YX] 的消息
[2025-03-25 14:58:35.091] [INFO] [embedded_mqtt_client.c:231] 处理主题 [dataCenter/JSON/LD1/YX] 的数据
[2025-03-25 14:58:35.091] [DEBUG] [embedded_mqtt_client.c:565] 更新数据 - topic: dataCenter/JSON/LD1/YX, addr: 2, val: 1.000000
[2025-03-25 14:58:35.091] [INFO] [embedded_mqtt_client.c:261] 收到历史数据查询请求
[2025-03-25 14:58:35.092] [INFO] [embedded_mqtt_client.c:285] 查询历史数据 - 开始时间: 2025-03-25 13:58:00, 结束时间: 2025-03-25 14:58:00
[2025-03-25 14:58:35.094] [INFO] [xml_config_parser.cpp:380] 发送历史数据 - 记录数: 1
[2025-03-25 14:58:35.113] [INFO] [embedded_mqtt_client.c:306] 主题 [dataCenter/JSON/LD1/YX] 数据摘要:
[2025-03-25 14:58:35.113] [INFO] [embedded_mqtt_client.c:307] 时间戳: 2025-03-25 11:06:46.482
[2025-03-25 14:58:35.113] [INFO] [embedded_mqtt_client.c:308] 数据项数量: 2
[2025-03-25 14:58:35.113] [INFO] [embedded_mqtt_client.c:328] 数据项 0 - addr: 0, val: 1.000000
[2025-03-25 14:58:35.113] [INFO] [embedded_mqtt_client.c:328] 数据项 1 - addr: 2, val: 1.000000
[2025-03-25 14:58:35.114] [INFO] [embedded_mqtt_client.c:199] 收到主题 [dataCenter/JSON/LD1/YX] 的消息
[2025-03-25 14:58:35.114] [INFO] [embedded_mqtt_client.c:231] 处理主题 [dataCenter/JSON/LD1/YX] 的数据
[2025-03-25 14:58:35.114] [DEBUG] [embedded_mqtt_client.c:565] 更新数据 - topic: dataCenter/JSON/LD1/YX, addr: 2, val: 1.000000
[2025-03-25 14:58:35.114] [INFO] [embedded_mqtt_client.c:261] 收到历史数据查询请求
[2025-03-25 14:58:35.114] [INFO] [embedded_mqtt_client.c:285] 查询历史数据 - 开始时间: 2025-03-25 13:58:00, 结束时间: 2025-03-25 14:58:00
[2025-03-25 14:58:35.116] [INFO] [xml_config_parser.cpp:380] 发送历史数据 - 记录数: 1
[2025-03-25 14:58:35.136] [INFO] [embedded_mqtt_client.c:306] 主题 [dataCenter/JSON/LD1/YX] 数据摘要:
[2025-03-25 14:58:35.136] [INFO] [embedded_mqtt_client.c:307] 时间戳: 2025-03-25 11:06:46.482
[2025-03-25 14:58:35.136] [INFO] [embedded_mqtt_client.c:308] 数据项数量: 2
[2025-03-25 14:58:35.136] [INFO] [embedded_mqtt_client.c:328] 数据项 0 - addr: 0, val: 1.000000
[2025-03-25 14:58:35.136] [INFO] [embedded_mqtt_client.c:328] 数据项 1 - addr: 2, val: 1.000000
[2025-03-25 14:58:35.136] [INFO] [embedded_mqtt_client.c:199] 收到主题 [dataCenter/JSON/LD1/YX] 的消息
[2025-03-25 14:58:35.136] [INFO] [embedded_mqtt_client.c:231] 处理主题 [dataCenter/JSON/LD1/YX] 的数据
[2025-03-25 14:58:35.136] [DEBUG] [embedded_mqtt_client.c:565] 更新数据 - topic: dataCenter/JSON/LD1/YX, addr: 2, val: 1.000000
[2025-03-25 14:58:35.136] [INFO] [embedded_mqtt_client.c:261] 收到历史数据查询请求
[2025-03-25 14:58:35.136] [INFO] [embedded_mqtt_client.c:285] 查询历史数据 - 开始时间: 2025-03-25 13:58:00, 结束时间: 2025-03-25 14:58:00
[2025-03-25 14:58:35.138] [INFO] [xml_config_parser.cpp:380] 发送历史数据 - 记录数: 1
[2025-03-25 14:58:35.158] [INFO] [embedded_mqtt_client.c:306] 主题 [dataCenter/JSON/LD1/YX] 数据摘要:
[2025-03-25 14:58:35.158] [INFO] [embedded_mqtt_client.c:307] 时间戳: 2025-03-25 11:06:46.482
[2025-03-25 14:58:35.158] [INFO] [embedded_mqtt_client.c:308] 数据项数量: 2
[2025-03-25 14:58:35.158] [INFO] [embedded_mqtt_client.c:328] 数据项 0 - addr: 0, val: 1.000000
[2025-03-25 14:58:35.158] [INFO] [embedded_mqtt_client.c:328] 数据项 1 - addr: 2, val: 1.000000
[2025-03-25 14:58:35.158] [INFO] [embedded_mqtt_client.c:199] 收到主题 [dataCenter/JSON/LD1/YX] 的消息
[2025-03-25 14:58:35.158] [INFO] [embedded_mqtt_client.c:231] 处理主题 [dataCenter/JSON/LD1/YX] 的数据
[2025-03-25 14:58:35.158] [DEBUG] [embedded_mqtt_client.c:565] 更新数据 - topic: dataCenter/JSON/LD1/YX, addr: 2, val: 1.000000
[2025-03-25 14:58:35.158] [INFO] [embedded_mqtt_client.c:261] 收到历史数据查询请求
[2025-03-25 14:58:35.158] [INFO] [embedded_mqtt_client.c:285] 查询历史数据 - 开始时间: 2025-03-25 13:58:00, 结束时间: 2025-03-25 14:58:00
[2025-03-25 14:58:35.161] [INFO] [xml_config_parser.cpp:380] 发送历史数据 - 记录数: 1
[2025-03-25 14:58:35.180] [INFO] [embedded_mqtt_client.c:306] 主题 [dataCenter/JSON/LD1/YX] 数据摘要:
[2025-03-25 14:58:35.180] [INFO] [embedded_mqtt_client.c:307] 时间戳: 2025-03-25 11:06:46.482
[2025-03-25 14:58:35.180] [INFO] [embedded_mqtt_client.c:308] 数据项数量: 2
[2025-03-25 14:58:35.180] [INFO] [embedded_mqtt_client.c:328] 数据项 0 - addr: 0, val: 1.000000
[2025-03-25 14:58:35.180] [INFO] [embedded_mqtt_client.c:328] 数据项 1 - addr: 2, val: 1.000000
[2025-03-25 14:58:35.181] [INFO] [embedded_mqtt_client.c:199] 收到主题 [dataCenter/JSON/LD1/YX] 的消息
[2025-03-25 14:58:35.181] [INFO] [embedded_mqtt_client.c:231] 处理主题 [dataCenter/JSON/LD1/YX] 的数据
[2025-03-25 14:58:35.181] [DEBUG] [embedded_mqtt_client.c:565] 更新数据 - topic: dataCenter/JSON/LD1/YX, addr: 2, val: 1.000000
[2025-03-25 14:58:35.181] [INFO] [embedded_mqtt_client.c:261] 收到历史数据查询请求
[2025-03-25 14:58:35.181] [INFO] [embedded_mqtt_client.c:285] 查询历史数据 - 开始时间: 2025-03-25 13:58:00, 结束时间: 2025-03-25 14:58:00
[2025-03-25 14:58:35.183] [INFO] [xml_config_parser.cpp:380] 发送历史数据 - 记录数: 1
[2025-03-25 14:58:35.202] [INFO] [embedded_mqtt_client.c:306] 主题 [dataCenter/JSON/LD1/YX] 数据摘要:
[2025-03-25 14:58:35.202] [INFO] [embedded_mqtt_client.c:307] 时间戳: 2025-03-25 11:06:46.482
[2025-03-25 14:58:35.202] [INFO] [embedded_mqtt_client.c:308] 数据项数量: 2
[2025-03-25 14:58:35.202] [INFO] [embedded_mqtt_client.c:328] 数据项 0 - addr: 0, val: 1.000000
[2025-03-25 14:58:35.202] [INFO] [embedded_mqtt_client.c:328] 数据项 1 - addr: 2, val: 1.000000
[2025-03-25 14:58:35.202] [INFO] [embedded_mqtt_client.c:199] 收到主题 [dataCenter/JSON/LD1/YX] 的消息
[2025-03-25 14:58:35.202] [INFO] [embedded_mqtt_client.c:231] 处理主题 [dataCenter/JSON/LD1/YX] 的数据
[2025-03-25 14:58:35.202] [DEBUG] [embedded_mqtt_client.c:565] 更新数据 - topic: dataCenter/JSON/LD1/YX, addr: 2, val: 1.000000
[2025-03-25 14:58:35.202] [INFO] [embedded_mqtt_client.c:261] 收到历史数据查询请求
[2025-03-25 14:58:35.202] [INFO] [embedded_mqtt_client.c:285] 查询历史数据 - 开始时间: 2025-03-25 13:58:00, 结束时间: 2025-03-25 14:58:00
[2025-03-25 14:58:35.204] [INFO] [xml_config_parser.cpp:380] 发送历史数据 - 记录数: 1
[2025-03-25 14:58:35.224] [INFO] [embedded_mqtt_client.c:306] 主题 [dataCenter/JSON/LD1/YX] 数据摘要:
[2025-03-25 14:58:35.224] [INFO] [embedded_mqtt_client.c:307] 时间戳: 2025-03-25 11:06:46.482
[2025-03-25 14:58:35.224] [INFO] [embedded_mqtt_client.c:308] 数据项数量: 2
[2025-03-25 14:58:35.224] [INFO] [embedded_mqtt_client.c:328] 数据项 0 - addr: 0, val: 1.000000
[2025-03-25 14:58:35.224] [INFO] [embedded_mqtt_client.c:328] 数据项 1 - addr: 2, val: 1.000000
[2025-03-25 14:58:35.224] [INFO] [embedded_mqtt_client.c:199] 收到主题 [dataCenter/JSON/LD1/YX] 的消息
[2025-03-25 14:58:35.224] [INFO] [embedded_mqtt_client.c:231] 处理主题 [dataCenter/JSON/LD1/YX] 的数据
[2025-03-25 14:58:35.224] [DEBUG] [embedded_mqtt_client.c:565] 更新数据 - topic: dataCenter/JSON/LD1/YX, addr: 2, val: 1.000000
[2025-03-25 14:58:35.224] [INFO] [embedded_mqtt_client.c:261] 收到历史数据查询请求
[2025-03-25 14:58:35.224] [INFO] [embedded_mqtt_client.c:285] 查询历史数据 - 开始时间: 2025-03-25 13:58:00, 结束时间: 2025-03-25 14:58:00
[2025-03-25 14:58:35.226] [INFO] [xml_config_parser.cpp:380] 发送历史数据 - 记录数: 1
[2025-03-25 14:58:35.245] [INFO] [embedded_mqtt_client.c:306] 主题 [dataCenter/JSON/LD1/YX] 数据摘要:
[2025-03-25 14:58:35.245] [INFO] [embedded_mqtt_client.c:307] 时间戳: 2025-03-25 11:06:46.482
[2025-03-25 14:58:35.245] [INFO] [embedded_mqtt_client.c:308] 数据项数量: 2
[2025-03-25 14:58:35.245] [INFO] [embedded_mqtt_client.c:328] 数据项 0 - addr: 0, val: 1.000000
[2025-03-25 14:58:35.246] [INFO] [embedded_mqtt_client.c:328] 数据项 1 - addr: 2, val: 1.000000
[2025-03-25 14:58:35.246] [INFO] [embedded_mqtt_client.c:199] 收到主题 [dataCenter/JSON/LD1/YX] 的消息
[2025-03-25 14:58:35.246] [INFO] [embedded_mqtt_client.c:231] 处理主题 [dataCenter/JSON/LD1/YX] 的数据
[2025-03-25 14:58:35.246] [DEBUG] [embedded_mqtt_client.c:565] 更新数据 - topic: dataCenter/JSON/LD1/YX, addr: 2, val: 1.000000
[2025-03-25 14:58:35.246] [INFO] [embedded_mqtt_client.c:261] 收到历史数据查询请求
[2025-03-25 14:58:35.246] [INFO] [embedded_mqtt_client.c:285] 查询历史数据 - 开始时间: 2025-03-25 13:58:00, 结束时间: 2025-03-25 14:58:00
[2025-03-25 14:58:35.248] [INFO] [xml_config_parser.cpp:380] 发送历史数据 - 记录数: 1
[2025-03-25 14:58:35.267] [INFO] [embedded_mqtt_client.c:306] 主题 [dataCenter/JSON/LD1/YX] 数据摘要:
[2025-03-25 14:58:35.268] [INFO] [embedded_mqtt_client.c:307] 时间戳: 2025-03-25 11:06:46.482
[2025-03-25 14:58:35.268] [INFO] [embedded_mqtt_client.c:308] 数据项数量: 2
[2025-03-25 14:58:35.268] [INFO] [embedded_mqtt_client.c:328] 数据项 0 - addr: 0, val: 1.000000
[2025-03-25 14:58:35.268] [INFO] [embedded_mqtt_client.c:328] 数据项 1 - addr: 2, val: 1.000000
[2025-03-25 14:58:35.268] [INFO] [embedded_mqtt_client.c:199] 收到主题 [dataCenter/JSON/LD1/YX] 的消息
[2025-03-25 14:58:35.268] [INFO] [embedded_mqtt_client.c:231] 处理主题 [dataCenter/JSON/LD1/YX] 的数据
[2025-03-25 14:58:35.268] [DEBUG] [embedded_mqtt_client.c:565] 更新数据 - topic: dataCenter/JSON/LD1/YX, addr: 2, val: 1.000000
[2025-03-25 14:58:35.268] [INFO] [embedded_mqtt_client.c:261] 收到历史数据查询请求
[2025-03-25 14:58:35.268] [INFO] [embedded_mqtt_client.c:285] 查询历史数据 - 开始时间: 2025-03-25 13:58:00, 结束时间: 2025-03-25 14:58:00
[2025-03-25 14:58:35.270] [INFO] [xml_config_parser.cpp:380] 发送历史数据 - 记录数: 1
[2025-03-25 14:58:35.289] [INFO] [embedded_mqtt_client.c:306] 主题 [dataCenter/JSON/LD1/YX] 数据摘要:
[2025-03-25 14:58:35.289] [INFO] [embedded_mqtt_client.c:307] 时间戳: 2025-03-25 11:06:46.482
[2025-03-25 14:58:35.289] [INFO] [embedded_mqtt_client.c:308] 数据项数量: 2
[2025-03-25 14:58:35.289] [INFO] [embedded_mqtt_client.c:328] 数据项 0 - addr: 0, val: 1.000000
[2025-03-25 14:58:35.289] [INFO] [embedded_mqtt_client.c:328] 数据项 1 - addr: 2, val: 1.000000
[2025-03-25 14:58:35.289] [INFO] [embedded_mqtt_client.c:199] 收到主题 [dataCenter/JSON/LD1/YX] 的消息
[2025-03-25 14:58:35.289] [INFO] [embedded_mqtt_client.c:231] 处理主题 [dataCenter/JSON/LD1/YX] 的数据
[2025-03-25 14:58:35.290] [DEBUG] [embedded_mqtt_client.c:565] 更新数据 - topic: dataCenter/JSON/LD1/YX, addr: 2, val: 1.000000
[2025-03-25 14:58:35.290] [INFO] [embedded_mqtt_client.c:261] 收到历史数据查询请求
[2025-03-25 14:58:35.290] [INFO] [embedded_mqtt_client.c:285] 查询历史数据 - 开始时间: 2025-03-25 13:58:00, 结束时间: 2025-03-25 14:58:00
[2025-03-25 14:58:35.292] [INFO] [xml_config_parser.cpp:380] 发送历史数据 - 记录数: 1
[2025-03-25 14:58:35.311] [INFO] [embedded_mqtt_client.c:306] 主题 [dataCenter/JSON/LD1/YX] 数据摘要:
[2025-03-25 14:58:35.311] [INFO] [embedded_mqtt_client.c:307] 时间戳: 2025-03-25 11:06:46.482
[2025-03-25 14:58:35.311] [INFO] [embedded_mqtt_client.c:308] 数据项数量: 2
[2025-03-25 14:58:35.311] [INFO] [embedded_mqtt_client.c:328] 数据项 0 - addr: 0, val: 1.000000
[2025-03-25 14:58:35.311] [INFO] [embedded_mqtt_client.c:328] 数据项 1 - addr: 2, val: 1.000000
[2025-03-25 14:58:35.311] [INFO] [embedded_mqtt_client.c:199] 收到主题 [dataCenter/JSON/LD1/YX] 的消息
[2025-03-25 14:58:35.311] [INFO] [embedded_mqtt_client.c:231] 处理主题 [dataCenter/JSON/LD1/YX] 的数据
[2025-03-25 14:58:35.311] [DEBUG] [embedded_mqtt_client.c:565] 更新数据 - topic: dataCenter/JSON/LD1/YX, addr: 2, val: 1.000000
[2025-03-25 14:58:35.311] [INFO] [embedded_mqtt_client.c:261] 收到历史数据查询请求
[2025-03-25 14:58:35.312] [INFO] [embedded_mqtt_client.c:285] 查询历史数据 - 开始时间: 2025-03-25 13:58:00, 结束时间: 2025-03-25 14:58:00
[2025-03-25 14:58:35.314] [INFO] [xml_config_parser.cpp:380] 发送历史数据 - 记录数: 1
[2025-03-25 14:58:35.332] [INFO] [embedded_mqtt_client.c:306] 主题 [dataCenter/JSON/LD1/YX] 数据摘要:
[2025-03-25 14:58:35.333] [INFO] [embedded_mqtt_client.c:307] 时间戳: 2025-03-25 11:06:46.482
[2025-03-25 14:58:35.333] [INFO] [embedded_mqtt_client.c:308] 数据项数量: 2
[2025-03-25 14:58:35.333] [INFO] [embedded_mqtt_client.c:328] 数据项 0 - addr: 0, val: 1.000000
[2025-03-25 14:58:35.333] [INFO] [embedded_mqtt_client.c:328] 数据项 1 - addr: 2, val: 1.000000
[2025-03-25 14:58:35.333] [INFO] [embedded_mqtt_client.c:199] 收到主题 [dataCenter/JSON/LD1/YX] 的消息
[2025-03-25 14:58:35.333] [INFO] [embedded_mqtt_client.c:231] 处理主题 [dataCenter/JSON/LD1/YX] 的数据
[2025-03-25 14:58:35.333] [DEBUG] [embedded_mqtt_client.c:565] 更新数据 - topic: dataCenter/JSON/LD1/YX, addr: 2, val: 1.000000
[2025-03-25 14:58:35.333] [INFO] [embedded_mqtt_client.c:261] 收到历史数据查询请求
[2025-03-25 14:58:35.333] [INFO] [embedded_mqtt_client.c:285] 查询历史数据 - 开始时间: 2025-03-25 13:58:00, 结束时间: 2025-03-25 14:58:00
[2025-03-25 14:58:35.335] [INFO] [xml_config_parser.cpp:380] 发送历史数据 - 记录数: 1
[2025-03-25 14:58:35.354] [INFO] [embedded_mqtt_client.c:306] 主题 [dataCenter/JSON/LD1/YX] 数据摘要:
[2025-03-25 14:58:35.354] [INFO] [embedded_mqtt_client.c:307] 时间戳: 2025-03-25 11:06:46.482
[2025-03-25 14:58:35.355] [INFO] [embedded_mqtt_client.c:308] 数据项数量: 2
[2025-03-25 14:58:35.355] [INFO] [embedded_mqtt_client.c:328] 数据项 0 - addr: 0, val: 1.000000
[2025-03-25 14:58:35.355] [INFO] [embedded_mqtt_client.c:328] 数据项 1 - addr: 2, val: 1.000000
[2025-03-25 14:58:35.355] [INFO] [embedded_mqtt_client.c:199] 收到主题 [dataCenter/JSON/LD1/YX] 的消息
[2025-03-25 14:58:35.355] [INFO] [embedded_mqtt_client.c:231] 处理主题 [dataCenter/JSON/LD1/YX] 的数据
[2025-03-25 14:58:35.355] [DEBUG] [embedded_mqtt_client.c:565] 更新数据 - topic: dataCenter/JSON/LD1/YX, addr: 2, val: 1.000000
[2025-03-25 14:58:35.355] [INFO] [embedded_mqtt_client.c:261] 收到历史数据查询请求
[2025-03-25 14:58:35.355] [INFO] [embedded_mqtt_client.c:285] 查询历史数据 - 开始时间: 2025-03-25 13:58:00, 结束时间: 2025-03-25 14:58:00
[2025-03-25 14:58:35.357] [INFO] [xml_config_parser.cpp:380] 发送历史数据 - 记录数: 1
[2025-03-25 14:58:35.376] [INFO] [embedded_mqtt_client.c:306] 主题 [dataCenter/JSON/LD1/YX] 数据摘要:
[2025-03-25 14:58:35.376] [INFO] [embedded_mqtt_client.c:307] 时间戳: 2025-03-25 11:06:46.482
[2025-03-25 14:58:35.376] [INFO] [embedded_mqtt_client.c:308] 数据项数量: 2
[2025-03-25 14:58:35.376] [INFO] [embedded_mqtt_client.c:328] 数据项 0 - addr: 0, val: 1.000000
[2025-03-25 14:58:35.377] [INFO] [embedded_mqtt_client.c:328] 数据项 1 - addr: 2, val: 1.000000
[2025-03-25 14:58:35.377] [INFO] [embedded_mqtt_client.c:199] 收到主题 [dataCenter/JSON/LD1/YX] 的消息
[2025-03-25 14:58:35.377] [INFO] [embedded_mqtt_client.c:231] 处理主题 [dataCenter/JSON/LD1/YX] 的数据
[2025-03-25 14:58:35.377] [DEBUG] [embedded_mqtt_client.c:565] 更新数据 - topic: dataCenter/JSON/LD1/YX, addr: 2, val: 1.000000
[2025-03-25 14:58:35.377] [INFO] [embedded_mqtt_client.c:261] 收到历史数据查询请求
[2025-03-25 14:58:35.377] [INFO] [embedded_mqtt_client.c:285] 查询历史数据 - 开始时间: 2025-03-25 13:58:00, 结束时间: 2025-03-25 14:58:00
[2025-03-25 14:58:35.379] [INFO] [xml_config_parser.cpp:380] 发送历史数据 - 记录数: 1
[2025-03-25 14:58:35.398] [INFO] [embedded_mqtt_client.c:306] 主题 [dataCenter/JSON/LD1/YX] 数据摘要:
[2025-03-25 14:58:35.398] [INFO] [embedded_mqtt_client.c:307] 时间戳: 2025-03-25 11:06:46.482
[2025-03-25 14:58:35.398] [INFO] [embedded_mqtt_client.c:308] 数据项数量: 2
[2025-03-25 14:58:35.398] [INFO] [embedded_mqtt_client.c:328] 数据项 0 - addr: 0, val: 1.000000
[2025-03-25 14:58:35.398] [INFO] [embedded_mqtt_client.c:328] 数据项 1 - addr: 2, val: 1.000000
[2025-03-25 14:58:35.398] [INFO] [embedded_mqtt_client.c:199] 收到主题 [dataCenter/JSON/LD1/YX] 的消息
[2025-03-25 14:58:35.398] [INFO] [embedded_mqtt_client.c:231] 处理主题 [dataCenter/JSON/LD1/YX] 的数据
[2025-03-25 14:58:35.399] [DEBUG] [embedded_mqtt_client.c:565] 更新数据 - topic: dataCenter/JSON/LD1/YX, addr: 2, val: 1.000000
[2025-03-25 14:58:35.399] [INFO] [embedded_mqtt_client.c:261] 收到历史数据查询请求
[2025-03-25 14:58:35.399] [INFO] [embedded_mqtt_client.c:285] 查询历史数据 - 开始时间: 2025-03-25 13:58:00, 结束时间: 2025-03-25 14:58:00
[2025-03-25 14:58:35.401] [INFO] [xml_config_parser.cpp:380] 发送历史数据 - 记录数: 1
[2025-03-25 14:58:35.420] [INFO] [embedded_mqtt_client.c:306] 主题 [dataCenter/JSON/LD1/YX] 数据摘要:
[2025-03-25 14:58:35.420] [INFO] [embedded_mqtt_client.c:307] 时间戳: 2025-03-25 11:06:46.482
[2025-03-25 14:58:35.420] [INFO] [embedded_mqtt_client.c:308] 数据项数量: 2
[2025-03-25 14:58:35.420] [INFO] [embedded_mqtt_client.c:328] 数据项 0 - addr: 0, val: 1.000000
[2025-03-25 14:58:35.420] [INFO] [embedded_mqtt_client.c:328] 数据项 1 - addr: 2, val: 1.000000
[2025-03-25 14:58:35.420] [INFO] [embedded_mqtt_client.c:199] 收到主题 [dataCenter/JSON/LD1/YX] 的消息
[2025-03-25 14:58:35.420] [INFO] [embedded_mqtt_client.c:231] 处理主题 [dataCenter/JSON/LD1/YX] 的数据
[2025-03-25 14:58:35.421] [DEBUG] [embedded_mqtt_client.c:565] 更新数据 - topic: dataCenter/JSON/LD1/YX, addr: 2, val: 1.000000
[2025-03-25 14:58:35.421] [INFO] [embedded_mqtt_client.c:261] 收到历史数据查询请求
[2025-03-25 14:58:35.421] [INFO] [embedded_mqtt_client.c:285] 查询历史数据 - 开始时间: 2025-03-25 13:58:00, 结束时间: 2025-03-25 14:58:00
[2025-03-25 14:58:35.423] [INFO] [xml_config_parser.cpp:380] 发送历史数据 - 记录数: 1
[2025-03-25 14:58:35.442] [INFO] [embedded_mqtt_client.c:306] 主题 [dataCenter/JSON/LD1/YX] 数据摘要:
[2025-03-25 14:58:35.442] [INFO] [embedded_mqtt_client.c:307] 时间戳: 2025-03-25 11:06:46.482
[2025-03-25 14:58:35.442] [INFO] [embedded_mqtt_client.c:308] 数据项数量: 2
[2025-03-25 14:58:35.442] [INFO] [embedded_mqtt_client.c:328] 数据项 0 - addr: 0, val: 1.000000
[2025-03-25 14:58:35.442] [INFO] [embedded_mqtt_client.c:328] 数据项 1 - addr: 2, val: 1.000000
[2025-03-25 14:58:35.442] [INFO] [embedded_mqtt_client.c:199] 收到主题 [dataCenter/JSON/LD1/YX] 的消息
[2025-03-25 14:58:35.442] [INFO] [embedded_mqtt_client.c:231] 处理主题 [dataCenter/JSON/LD1/YX] 的数据
[2025-03-25 14:58:35.442] [DEBUG] [embedded_mqtt_client.c:565] 更新数据 - topic: dataCenter/JSON/LD1/YX, addr: 2, val: 1.000000
[2025-03-25 14:58:35.443] [INFO] [embedded_mqtt_client.c:261] 收到历史数据查询请求
[2025-03-25 14:58:35.443] [INFO] [embedded_mqtt_client.c:285] 查询历史数据 - 开始时间: 2025-03-25 13:58:00, 结束时间: 2025-03-25 14:58:00
[2025-03-25 14:58:35.445] [INFO] [xml_config_parser.cpp:380] 发送历史数据 - 记录数: 1
[2025-03-25 14:58:35.464] [INFO] [embedded_mqtt_client.c:306] 主题 [dataCenter/JSON/LD1/YX] 数据摘要:
[2025-03-25 14:58:35.464] [INFO] [embedded_mqtt_client.c:307] 时间戳: 2025-03-25 11:06:46.482
[2025-03-25 14:58:35.464] [INFO] [embedded_mqtt_client.c:308] 数据项数量: 2
[2025-03-25 14:58:35.464] [INFO] [embedded_mqtt_client.c:328] 数据项 0 - addr: 0, val: 1.000000
[2025-03-25 14:58:35.464] [INFO] [embedded_mqtt_client.c:328] 数据项 1 - addr: 2, val: 1.000000
[2025-03-25 14:58:35.464] [INFO] [embedded_mqtt_client.c:199] 收到主题 [dataCenter/JSON/LD1/YX] 的消息
[2025-03-25 14:58:35.464] [INFO] [embedded_mqtt_client.c:231] 处理主题 [dataCenter/JSON/LD1/YX] 的数据
[2025-03-25 14:58:35.464] [DEBUG] [embedded_mqtt_client.c:565] 更新数据 - topic: dataCenter/JSON/LD1/YX, addr: 2, val: 1.000000
[2025-03-25 14:58:35.464] [INFO] [embedded_mqtt_client.c:261] 收到历史数据查询请求
[2025-03-25 14:58:35.464] [INFO] [embedded_mqtt_client.c:285] 查询历史数据 - 开始时间: 2025-03-25 13:58:00, 结束时间: 2025-03-25 14:58:00
[2025-03-25 14:58:35.466] [INFO] [xml_config_parser.cpp:380] 发送历史数据 - 记录数: 1
[2025-03-25 14:58:35.486] [INFO] [embedded_mqtt_client.c:306] 主题 [dataCenter/JSON/LD1/YX] 数据摘要:
[2025-03-25 14:58:35.486] [INFO] [embedded_mqtt_client.c:307] 时间戳: 2025-03-25 11:06:46.482
[2025-03-25 14:58:35.486] [INFO] [embedded_mqtt_client.c:308] 数据项数量: 2
[2025-03-25 14:58:35.486] [INFO] [embedded_mqtt_client.c:328] 数据项 0 - addr: 0, val: 1.000000
[2025-03-25 14:58:35.486] [INFO] [embedded_mqtt_client.c:328] 数据项 1 - addr: 2, val: 1.000000
[2025-03-25 14:58:35.486] [INFO] [embedded_mqtt_client.c:199] 收到主题 [dataCenter/JSON/LD1/YX] 的消息
[2025-03-25 14:58:35.486] [INFO] [embedded_mqtt_client.c:231] 处理主题 [dataCenter/JSON/LD1/YX] 的数据
[2025-03-25 14:58:35.486] [DEBUG] [embedded_mqtt_client.c:565] 更新数据 - topic: dataCenter/JSON/LD1/YX, addr: 2, val: 1.000000
[2025-03-25 14:58:35.486] [INFO] [embedded_mqtt_client.c:261] 收到历史数据查询请求
[2025-03-25 14:58:35.486] [INFO] [embedded_mqtt_client.c:285] 查询历史数据 - 开始时间: 2025-03-25 13:58:00, 结束时间: 2025-03-25 14:58:00
[2025-03-25 14:58:35.488] [INFO] [xml_config_parser.cpp:380] 发送历史数据 - 记录数: 1
[2025-03-25 14:58:35.508] [INFO] [embedded_mqtt_client.c:306] 主题 [dataCenter/JSON/LD1/YX] 数据摘要:
[2025-03-25 14:58:35.508] [INFO] [embedded_mqtt_client.c:307] 时间戳: 2025-03-25 11:06:46.482
[2025-03-25 14:58:35.508] [INFO] [embedded_mqtt_client.c:308] 数据项数量: 2
[2025-03-25 14:58:35.508] [INFO] [embedded_mqtt_client.c:328] 数据项 0 - addr: 0, val: 1.000000
[2025-03-25 14:58:35.508] [INFO] [embedded_mqtt_client.c:328] 数据项 1 - addr: 2, val: 1.000000
[2025-03-25 14:58:35.508] [INFO] [embedded_mqtt_client.c:199] 收到主题 [dataCenter/JSON/LD1/YX] 的消息
[2025-03-25 14:58:35.508] [INFO] [embedded_mqtt_client.c:231] 处理主题 [dataCenter/JSON/LD1/YX] 的数据
[2025-03-25 14:58:35.508] [DEBUG] [embedded_mqtt_client.c:565] 更新数据 - topic: dataCenter/JSON/LD1/YX, addr: 2, val: 1.000000
[2025-03-25 14:58:35.508] [INFO] [embedded_mqtt_client.c:261] 收到历史数据查询请求
[2025-03-25 14:58:35.508] [INFO] [embedded_mqtt_client.c:285] 查询历史数据 - 开始时间: 2025-03-25 13:58:00, 结束时间: 2025-03-25 14:58:00
[2025-03-25 14:58:35.510] [INFO] [xml_config_parser.cpp:380] 发送历史数据 - 记录数: 1
[2025-03-25 14:58:35.530] [INFO] [embedded_mqtt_client.c:306] 主题 [dataCenter/JSON/LD1/YX] 数据摘要:
[2025-03-25 14:58:35.530] [INFO] [embedded_mqtt_client.c:307] 时间戳: 2025-03-25 11:06:46.482
[2025-03-25 14:58:35.530] [INFO] [embedded_mqtt_client.c:308] 数据项数量: 2
[2025-03-25 14:58:35.530] [INFO] [embedded_mqtt_client.c:328] 数据项 0 - addr: 0, val: 1.000000
[2025-03-25 14:58:35.530] [INFO] [embedded_mqtt_client.c:328] 数据项 1 - addr: 2, val: 1.000000
[2025-03-25 14:58:35.530] [INFO] [embedded_mqtt_client.c:199] 收到主题 [dataCenter/JSON/LD1/YX] 的消息
[2025-03-25 14:58:35.530] [INFO] [embedded_mqtt_client.c:231] 处理主题 [dataCenter/JSON/LD1/YX] 的数据
[2025-03-25 14:58:35.530] [DEBUG] [embedded_mqtt_client.c:565] 更新数据 - topic: dataCenter/JSON/LD1/YX, addr: 2, val: 1.000000
[2025-03-25 14:58:35.530] [INFO] [embedded_mqtt_client.c:261] 收到历史数据查询请求
[2025-03-25 14:58:35.530] [INFO] [embedded_mqtt_client.c:285] 查询历史数据 - 开始时间: 2025-03-25 13:58:00, 结束时间: 2025-03-25 14:58:00
[2025-03-25 14:58:35.532] [INFO] [xml_config_parser.cpp:380] 发送历史数据 - 记录数: 1
[2025-03-25 14:58:35.552] [INFO] [embedded_mqtt_client.c:306] 主题 [dataCenter/JSON/LD1/YX] 数据摘要:
[2025-03-25 14:58:35.553] [INFO] [embedded_mqtt_client.c:307] 时间戳: 2025-03-25 11:06:46.482
[2025-03-25 14:58:35.553] [INFO] [embedded_mqtt_client.c:308] 数据项数量: 2
[2025-03-25 14:58:35.553] [INFO] [embedded_mqtt_client.c:328] 数据项 0 - addr: 0, val: 1.000000
[2025-03-25 14:58:35.553] [INFO] [embedded_mqtt_client.c:328] 数据项 1 - addr: 2, val: 1.000000
[2025-03-25 14:58:35.553] [INFO] [embedded_mqtt_client.c:199] 收到主题 [dataCenter/JSON/LD1/YX] 的消息
[2025-03-25 14:58:35.553] [INFO] [embedded_mqtt_client.c:231] 处理主题 [dataCenter/JSON/LD1/YX] 的数据
[2025-03-25 14:58:35.553] [DEBUG] [embedded_mqtt_client.c:565] 更新数据 - topic: dataCenter/JSON/LD1/YX, addr: 2, val: 1.000000
[2025-03-25 14:58:35.553] [INFO] [embedded_mqtt_client.c:261] 收到历史数据查询请求
[2025-03-25 14:58:35.553] [INFO] [embedded_mqtt_client.c:285] 查询历史数据 - 开始时间: 2025-03-25 13:58:00, 结束时间: 2025-03-25 14:58:00
[2025-03-25 14:58:35.555] [INFO] [xml_config_parser.cpp:380] 发送历史数据 - 记录数: 1
[2025-03-25 14:58:35.575] [INFO] [embedded_mqtt_client.c:306] 主题 [dataCenter/JSON/LD1/YX] 数据摘要:
[2025-03-25 14:58:35.575] [INFO] [embedded_mqtt_client.c:307] 时间戳: 2025-03-25 11:06:46.482
[2025-03-25 14:58:35.575] [INFO] [embedded_mqtt_client.c:308] 数据项数量: 2
[2025-03-25 14:58:35.575] [INFO] [embedded_mqtt_client.c:328] 数据项 0 - addr: 0, val: 1.000000
[2025-03-25 14:58:35.575] [INFO] [embedded_mqtt_client.c:328] 数据项 1 - addr: 2, val: 1.000000
[2025-03-25 14:58:35.575] [INFO] [embedded_mqtt_client.c:199] 收到主题 [dataCenter/JSON/LD1/YX] 的消息
[2025-03-25 14:58:35.575] [INFO] [embedded_mqtt_client.c:231] 处理主题 [dataCenter/JSON/LD1/YX] 的数据
[2025-03-25 14:58:35.576] [DEBUG] [embedded_mqtt_client.c:565] 更新数据 - topic: dataCenter/JSON/LD1/YX, addr: 2, val: 1.000000
[2025-03-25 14:58:35.576] [INFO] [embedded_mqtt_client.c:261] 收到历史数据查询请求
[2025-03-25 14:58:35.576] [INFO] [embedded_mqtt_client.c:285] 查询历史数据 - 开始时间: 2025-03-25 13:58:00, 结束时间: 2025-03-25 14:58:00
[2025-03-25 14:58:35.578] [INFO] [xml_config_parser.cpp:380] 发送历史数据 - 记录数: 1
[2025-03-25 14:58:35.598] [INFO] [embedded_mqtt_client.c:306] 主题 [dataCenter/JSON/LD1/YX] 数据摘要:
[2025-03-25 14:58:35.598] [INFO] [embedded_mqtt_client.c:307] 时间戳: 2025-03-25 11:06:46.482
[2025-03-25 14:58:35.598] [INFO] [embedded_mqtt_client.c:308] 数据项数量: 2
[2025-03-25 14:58:35.598] [INFO] [embedded_mqtt_client.c:328] 数据项 0 - addr: 0, val: 1.000000
[2025-03-25 14:58:35.598] [INFO] [embedded_mqtt_client.c:328] 数据项 1 - addr: 2, val: 1.000000
[2025-03-25 14:58:35.598] [INFO] [embedded_mqtt_client.c:199] 收到主题 [dataCenter/JSON/LD1/YX] 的消息
[2025-03-25 14:58:35.598] [INFO] [embedded_mqtt_client.c:231] 处理主题 [dataCenter/JSON/LD1/YX] 的数据
[2025-03-25 14:58:35.598] [DEBUG] [embedded_mqtt_client.c:565] 更新数据 - topic: dataCenter/JSON/LD1/YX, addr: 2, val: 1.000000
[2025-03-25 14:58:35.598] [INFO] [embedded_mqtt_client.c:261] 收到历史数据查询请求
[2025-03-25 14:58:35.598] [INFO] [embedded_mqtt_client.c:285] 查询历史数据 - 开始时间: 2025-03-25 13:58:00, 结束时间: 2025-03-25 14:58:00
[2025-03-25 14:58:35.600] [INFO] [xml_config_parser.cpp:380] 发送历史数据 - 记录数: 1
[2025-03-25 14:58:35.620] [INFO] [embedded_mqtt_client.c:306] 主题 [dataCenter/JSON/LD1/YX] 数据摘要:
[2025-03-25 14:58:35.620] [INFO] [embedded_mqtt_client.c:307] 时间戳: 2025-03-25 11:06:46.482
[2025-03-25 14:58:35.620] [INFO] [embedded_mqtt_client.c:308] 数据项数量: 2
[2025-03-25 14:58:35.620] [INFO] [embedded_mqtt_client.c:328] 数据项 0 - addr: 0, val: 1.000000
[2025-03-25 14:58:35.620] [INFO] [embedded_mqtt_client.c:328] 数据项 1 - addr: 2, val: 1.000000
[2025-03-25 14:58:35.620] [INFO] [embedded_mqtt_client.c:199] 收到主题 [dataCenter/JSON/LD1/YX] 的消息
[2025-03-25 14:58:35.620] [INFO] [embedded_mqtt_client.c:231] 处理主题 [dataCenter/JSON/LD1/YX] 的数据
[2025-03-25 14:58:35.620] [DEBUG] [embedded_mqtt_client.c:565] 更新数据 - topic: dataCenter/JSON/LD1/YX, addr: 2, val: 1.000000
[2025-03-25 14:58:35.620] [INFO] [embedded_mqtt_client.c:261] 收到历史数据查询请求
[2025-03-25 14:58:35.620] [INFO] [embedded_mqtt_client.c:285] 查询历史数据 - 开始时间: 2025-03-25 13:58:00, 结束时间: 2025-03-25 14:58:00
[2025-03-25 14:58:35.622] [INFO] [xml_config_parser.cpp:380] 发送历史数据 - 记录数: 1
[2025-03-25 14:58:35.642] [INFO] [embedded_mqtt_client.c:306] 主题 [dataCenter/JSON/LD1/YX] 数据摘要:
[2025-03-25 14:58:35.642] [INFO] [embedded_mqtt_client.c:307] 时间戳: 2025-03-25 11:06:46.482
[2025-03-25 14:58:35.642] [INFO] [embedded_mqtt_client.c:308] 数据项数量: 2
[2025-03-25 14:58:35.642] [INFO] [embedded_mqtt_client.c:328] 数据项 0 - addr: 0, val: 1.000000
[2025-03-25 14:58:35.642] [INFO] [embedded_mqtt_client.c:328] 数据项 1 - addr: 2, val: 1.000000
[2025-03-25 14:58:35.642] [INFO] [embedded_mqtt_client.c:199] 收到主题 [dataCenter/JSON/LD1/YX] 的消息
[2025-03-25 14:58:35.643] [INFO] [embedded_mqtt_client.c:231] 处理主题 [dataCenter/JSON/LD1/YX] 的数据
[2025-03-25 14:58:35.643] [DEBUG] [embedded_mqtt_client.c:565] 更新数据 - topic: dataCenter/JSON/LD1/YX, addr: 2, val: 1.000000
[2025-03-25 14:58:35.643] [INFO] [embedded_mqtt_client.c:261] 收到历史数据查询请求
[2025-03-25 14:58:35.643] [INFO] [embedded_mqtt_client.c:285] 查询历史数据 - 开始时间: 2025-03-25 13:58:00, 结束时间: 2025-03-25 14:58:00
[2025-03-25 14:58:35.645] [INFO] [xml_config_parser.cpp:380] 发送历史数据 - 记录数: 1
[2025-03-25 14:58:35.664] [INFO] [embedded_mqtt_client.c:306] 主题 [dataCenter/JSON/LD1/YX] 数据摘要:
[2025-03-25 14:58:35.664] [INFO] [embedded_mqtt_client.c:307] 时间戳: 2025-03-25 11:06:46.482
[2025-03-25 14:58:35.664] [INFO] [embedded_mqtt_client.c:308] 数据项数量: 2
[2025-03-25 14:58:35.664] [INFO] [embedded_mqtt_client.c:328] 数据项 0 - addr: 0, val: 1.000000
[2025-03-25 14:58:35.664] [INFO] [embedded_mqtt_client.c:328] 数据项 1 - addr: 2, val: 1.000000
[2025-03-25 14:58:35.664] [INFO] [embedded_mqtt_client.c:199] 收到主题 [dataCenter/JSON/LD1/YX] 的消息
[2025-03-25 14:58:35.665] [INFO] [embedded_mqtt_client.c:231] 处理主题 [dataCenter/JSON/LD1/YX] 的数据
[2025-03-25 14:58:35.665] [DEBUG] [embedded_mqtt_client.c:565] 更新数据 - topic: dataCenter/JSON/LD1/YX, addr: 2, val: 1.000000
[2025-03-25 14:58:35.665] [INFO] [embedded_mqtt_client.c:261] 收到历史数据查询请求
[2025-03-25 14:58:35.665] [INFO] [embedded_mqtt_client.c:285] 查询历史数据 - 开始时间: 2025-03-25 13:58:00, 结束时间: 2025-03-25 14:58:00
[2025-03-25 14:58:35.667] [INFO] [xml_config_parser.cpp:380] 发送历史数据 - 记录数: 1
[2025-03-25 14:58:35.686] [INFO] [embedded_mqtt_client.c:306] 主题 [dataCenter/JSON/LD1/YX] 数据摘要:
[2025-03-25 14:58:35.686] [INFO] [embedded_mqtt_client.c:307] 时间戳: 2025-03-25 11:06:46.482
[2025-03-25 14:58:35.687] [INFO] [embedded_mqtt_client.c:308] 数据项数量: 2
[2025-03-25 14:58:35.687] [INFO] [embedded_mqtt_client.c:328] 数据项 0 - addr: 0, val: 1.000000
[2025-03-25 14:58:35.687] [INFO] [embedded_mqtt_client.c:328] 数据项 1 - addr: 2, val: 1.000000
[2025-03-25 14:58:35.687] [INFO] [embedded_mqtt_client.c:199] 收到主题 [dataCenter/JSON/LD1/YX] 的消息
[2025-03-25 14:58:35.687] [INFO] [embedded_mqtt_client.c:231] 处理主题 [dataCenter/JSON/LD1/YX] 的数据
[2025-03-25 14:58:35.687] [DEBUG] [embedded_mqtt_client.c:565] 更新数据 - topic: dataCenter/JSON/LD1/YX, addr: 2, val: 1.000000
[2025-03-25 14:58:35.687] [INFO] [embedded_mqtt_client.c:261] 收到历史数据查询请求
[2025-03-25 14:58:35.687] [INFO] [embedded_mqtt_client.c:285] 查询历史数据 - 开始时间: 2025-03-25 13:58:00, 结束时间: 2025-03-25 14:58:00
[2025-03-25 14:58:35.689] [INFO] [xml_config_parser.cpp:380] 发送历史数据 - 记录数: 1
[2025-03-25 14:58:35.709] [INFO] [embedded_mqtt_client.c:306] 主题 [dataCenter/JSON/LD1/YX] 数据摘要:
[2025-03-25 14:58:35.709] [INFO] [embedded_mqtt_client.c:307] 时间戳: 2025-03-25 11:06:46.482
[2025-03-25 14:58:35.709] [INFO] [embedded_mqtt_client.c:308] 数据项数量: 2
[2025-03-25 14:58:35.709] [INFO] [embedded_mqtt_client.c:328] 数据项 0 - addr: 0, val: 1.000000
[2025-03-25 14:58:35.709] [INFO] [embedded_mqtt_client.c:328] 数据项 1 - addr: 2, val: 1.000000
[2025-03-25 14:58:35.709] [INFO] [embedded_mqtt_client.c:199] 收到主题 [dataCenter/JSON/LD1/YX] 的消息
[2025-03-25 14:58:35.709] [INFO] [embedded_mqtt_client.c:231] 处理主题 [dataCenter/JSON/LD1/YX] 的数据
[2025-03-25 14:58:35.709] [DEBUG] [embedded_mqtt_client.c:565] 更新数据 - topic: dataCenter/JSON/LD1/YX, addr: 2, val: 1.000000
[2025-03-25 14:58:35.709] [INFO] [embedded_mqtt_client.c:261] 收到历史数据查询请求
[2025-03-25 14:58:35.709] [INFO] [embedded_mqtt_client.c:285] 查询历史数据 - 开始时间: 2025-03-25 13:58:00, 结束时间: 2025-03-25 14:58:00
[2025-03-25 14:58:35.711] [INFO] [xml_config_parser.cpp:380] 发送历史数据 - 记录数: 1
[2025-03-25 14:58:35.731] [INFO] [embedded_mqtt_client.c:306] 主题 [dataCenter/JSON/LD1/YX] 数据摘要:
[2025-03-25 14:58:35.731] [INFO] [embedded_mqtt_client.c:307] 时间戳: 2025-03-25 11:06:46.482
[2025-03-25 14:58:35.731] [INFO] [embedded_mqtt_client.c:308] 数据项数量: 2
[2025-03-25 14:58:35.731] [INFO] [embedded_mqtt_client.c:328] 数据项 0 - addr: 0, val: 1.000000
[2025-03-25 14:58:35.731] [INFO] [embedded_mqtt_client.c:328] 数据项 1 - addr: 2, val: 1.000000
[2025-03-25 14:58:35.732] [INFO] [embedded_mqtt_client.c:199] 收到主题 [dataCenter/JSON/LD1/YX] 的消息
[2025-03-25 14:58:35.732] [INFO] [embedded_mqtt_client.c:231] 处理主题 [dataCenter/JSON/LD1/YX] 的数据
[2025-03-25 14:58:35.732] [DEBUG] [embedded_mqtt_client.c:565] 更新数据 - topic: dataCenter/JSON/LD1/YX, addr: 2, val: 1.000000
[2025-03-25 14:58:35.732] [INFO] [embedded_mqtt_client.c:261] 收到历史数据查询请求
[2025-03-25 14:58:35.732] [INFO] [embedded_mqtt_client.c:285] 查询历史数据 - 开始时间: 2025-03-25 13:58:00, 结束时间: 2025-03-25 14:58:00
[2025-03-25 14:58:35.734] [INFO] [xml_config_parser.cpp:380] 发送历史数据 - 记录数: 1
[2025-03-25 14:58:35.754] [INFO] [embedded_mqtt_client.c:306] 主题 [dataCenter/JSON/LD1/YX] 数据摘要:
[2025-03-25 14:58:35.754] [INFO] [embedded_mqtt_client.c:307] 时间戳: 2025-03-25 11:06:46.482
[2025-03-25 14:58:35.754] [INFO] [embedded_mqtt_client.c:308] 数据项数量: 2
[2025-03-25 14:58:35.754] [INFO] [embedded_mqtt_client.c:328] 数据项 0 - addr: 0, val: 1.000000
[2025-03-25 14:58:35.754] [INFO] [embedded_mqtt_client.c:328] 数据项 1 - addr: 2, val: 1.000000
[2025-03-25 14:58:35.754] [INFO] [embedded_mqtt_client.c:199] 收到主题 [dataCenter/JSON/LD1/YX] 的消息
[2025-03-25 14:58:35.754] [INFO] [embedded_mqtt_client.c:231] 处理主题 [dataCenter/JSON/LD1/YX] 的数据
[2025-03-25 14:58:35.754] [DEBUG] [embedded_mqtt_client.c:565] 更新数据 - topic: dataCenter/JSON/LD1/YX, addr: 2, val: 1.000000
[2025-03-25 14:58:35.754] [INFO] [embedded_mqtt_client.c:261] 收到历史数据查询请求
[2025-03-25 14:58:35.754] [INFO] [embedded_mqtt_client.c:285] 查询历史数据 - 开始时间: 2025-03-25 13:58:00, 结束时间: 2025-03-25 14:58:00
[2025-03-25 14:58:35.756] [INFO] [xml_config_parser.cpp:380] 发送历史数据 - 记录数: 1
[2025-03-25 14:58:35.776] [INFO] [embedded_mqtt_client.c:306] 主题 [dataCenter/JSON/LD1/YX] 数据摘要:
[2025-03-25 14:58:35.776] [INFO] [embedded_mqtt_client.c:307] 时间戳: 2025-03-25 11:06:46.482
[2025-03-25 14:58:35.776] [INFO] [embedded_mqtt_client.c:308] 数据项数量: 2
[2025-03-25 14:58:35.776] [INFO] [embedded_mqtt_client.c:328] 数据项 0 - addr: 0, val: 1.000000
[2025-03-25 14:58:35.776] [INFO] [embedded_mqtt_client.c:328] 数据项 1 - addr: 2, val: 1.000000
[2025-03-25 14:58:35.776] [INFO] [embedded_mqtt_client.c:199] 收到主题 [dataCenter/JSON/LD1/YX] 的消息
[2025-03-25 14:58:35.776] [INFO] [embedded_mqtt_client.c:231] 处理主题 [dataCenter/JSON/LD1/YX] 的数据
[2025-03-25 14:58:35.776] [DEBUG] [embedded_mqtt_client.c:565] 更新数据 - topic: dataCenter/JSON/LD1/YX, addr: 2, val: 1.000000
[2025-03-25 14:58:35.776] [INFO] [embedded_mqtt_client.c:261] 收到历史数据查询请求
[2025-03-25 14:58:35.776] [INFO] [embedded_mqtt_client.c:285] 查询历史数据 - 开始时间: 2025-03-25 13:58:00, 结束时间: 2025-03-25 14:58:00
[2025-03-25 14:58:35.778] [INFO] [xml_config_parser.cpp:380] 发送历史数据 - 记录数: 1
[2025-03-25 14:58:35.798] [INFO] [embedded_mqtt_client.c:306] 主题 [dataCenter/JSON/LD1/YX] 数据摘要:
[2025-03-25 14:58:35.798] [INFO] [embedded_mqtt_client.c:307] 时间戳: 2025-03-25 11:06:46.482
[2025-03-25 14:58:35.798] [INFO] [embedded_mqtt_client.c:308] 数据项数量: 2
[2025-03-25 14:58:35.799] [INFO] [embedded_mqtt_client.c:328] 数据项 0 - addr: 0, val: 1.000000
[2025-03-25 14:58:35.799] [INFO] [embedded_mqtt_client.c:328] 数据项 1 - addr: 2, val: 1.000000
[2025-03-25 14:58:35.799] [INFO] [embedded_mqtt_client.c:199] 收到主题 [dataCenter/JSON/LD1/YX] 的消息
[2025-03-25 14:58:35.799] [INFO] [embedded_mqtt_client.c:231] 处理主题 [dataCenter/JSON/LD1/YX] 的数据
[2025-03-25 14:58:35.799] [DEBUG] [embedded_mqtt_client.c:565] 更新数据 - topic: dataCenter/JSON/LD1/YX, addr: 2, val: 1.000000
[2025-03-25 14:58:35.799] [INFO] [embedded_mqtt_client.c:261] 收到历史数据查询请求
[2025-03-25 14:58:35.799] [INFO] [embedded_mqtt_client.c:285] 查询历史数据 - 开始时间: 2025-03-25 13:58:00, 结束时间: 2025-03-25 14:58:00
[2025-03-25 14:58:35.801] [INFO] [xml_config_parser.cpp:380] 发送历史数据 - 记录数: 1
[2025-03-25 14:58:35.820] [INFO] [embedded_mqtt_client.c:306] 主题 [dataCenter/JSON/LD1/YX] 数据摘要:
[2025-03-25 14:58:35.821] [INFO] [embedded_mqtt_client.c:307] 时间戳: 2025-03-25 11:06:46.482
[2025-03-25 14:58:35.821] [INFO] [embedded_mqtt_client.c:308] 数据项数量: 2
[2025-03-25 14:58:35.821] [INFO] [embedded_mqtt_client.c:328] 数据项 0 - addr: 0, val: 1.000000
[2025-03-25 14:58:35.821] [INFO] [embedded_mqtt_client.c:328] 数据项 1 - addr: 2, val: 1.000000
[2025-03-25 14:58:35.821] [INFO] [embedded_mqtt_client.c:199] 收到主题 [dataCenter/JSON/LD1/YX] 的消息
[2025-03-25 14:58:35.821] [INFO] [embedded_mqtt_client.c:231] 处理主题 [dataCenter/JSON/LD1/YX] 的数据
[2025-03-25 14:58:35.821] [DEBUG] [embedded_mqtt_client.c:565] 更新数据 - topic: dataCenter/JSON/LD1/YX, addr: 2, val: 1.000000
[2025-03-25 14:58:35.821] [INFO] [embedded_mqtt_client.c:261] 收到历史数据查询请求
[2025-03-25 14:58:35.821] [INFO] [embedded_mqtt_client.c:285] 查询历史数据 - 开始时间: 2025-03-25 13:58:00, 结束时间: 2025-03-25 14:58:00
